#1,  Buffy, Closet Monster, 2015, Buffy 4,
$,  Claw," ""OnCreativity""", 2012, Himself, 
$,  Homo, Nykytaiteen museo, 1986, Himself, 


, 	, NVTION: The Star Nation Rapumentary, 2017, Himself, )  (as $hutter Boy
, 	, Steve Jobs, 2015, 1988 Opera House Patron, )  (uncredited

, 	, For Thy Love 2, 2009, Thug 1, 
, 	," ""Idle Talk""", 2013, Himself, )  (as Brandon Moore
, 	," ""Idle Times""", 2012, Detective Ryan Turner, ) {(#1.2)}  (as Brandon Moore
, 	," ""Idle Times""", 2012, Detective Ryan Turner, ) {(#1.4)}  (as Brandon Moore
, 	," ""Money Power & Respect: The Series""", 2010, Bee Moe Slim, ) {Bottom Dollar (#2.7
, 	," ""Red River""", 2015, Victor Charles, 

, 	," ""From Tha Bottom 2 Tha Top""", 2016, Yung $ly, 


, 	, Michel Tel�: Sunset, 2013, Themselves, ) (V
, 	," ""Programa da Sabrina""", 2014, Themselves, ) {(2016-01-23
& Dollar Furado,  Caio Corsalette," ""Som Brasil""", 2007, Themselves, ) {Zez� di Camargo & Luciano (#5.7
& Fabiano,  C�sar Menotti, Nascemos para Cantar, 2010, Themselves, ) (TV
, 	, Teleton 2010, 2010, Themselves, ) (TV
, 	," ""Altas Horas""", 2000, Themselves, ) {(2013-12-14
, 	," ""Esquenta!""", 2011, Themselves, ) {(#5.1
, 	," ""Tamanho Fam�lia""", 2016, Themselves, ) {(#2.9
, 	," ""TV Xuxa""", 2005, Themselves, ) {(2013-01-05
& Grand Piano Boogie Train,  Jaap Dekker," ""Barend en Van Dorp""", 1990, Themselves - Musicians, ) {(2003-03-17
& Ralph,  Christian," ""Roberto Carlos Especial""", 1974, Himself, ) {(1986-12-30
& The Oriental Groove,  Yacine," ""Els matins a TV3""", 2004, Themselves, ) {(#8.192
& Vin�cius,  Jo�o Bosco, Show da Virada, 2011, Themselves - Performers, ) (TV
, 	, Teleton 2012, 2012, Themselves, ) (TV
, 	," ""M�sica Boa Ao Vivo""", 2014, Themselves, 
Adolphus,  Chris, Virtues of Habit, ????, Himself, 
Jurado Jr.,  Jori, Lapis, Ballpen at Diploma, a True to Life Journey, 2014, Jaime (young), 
Rubio,  Humberto, 24� 51' Latitud Norte, 2015, Lobo, 




, 	, Zombie Reign: Revelation, 2016, Mason McDermott, 
'Ariffin,  Syaiful, Desire, 2014, Actor Playing Eteocles from 'Antigone', /III
, 'Aruhane, Shaping Bamboo, 1979, Himself - 'au paina panpipe ensemble, 
'Atu'ake,  Taipaleti, When the Man Went South, 2014, Two Palms - Ua'i Paame, 
Wolfe,  David, The Gift, 2010, Himself, /I
Shearer,  Zamien," ""Exit""", 2014, Power, 

, 	, Mixing Nia, 1998, Rapper, 
, 	, W8 (Weight), 2012, Man In Car, 
, 	," ""Swift Justice""", 1996, Young Leo, ) {Where Were You in '72? (#1.5


, 	, Gook, 2017, Bliss, 
Brown,  Steve, Bait Shop, 2008, Fishing Competitor, ) (V
Thomas,  George, My Song for You, 2010, Cooley's Customer/Celebration Guest, 
Torres,  Pete, Hustle Beach, 2017, Tony, 
Neto,  Alderico, Babado Novo: Ver-te Mar, 2007, Himself - Drums, ) (V)  (as Buguelo
, 	, Claudia Leitte: Axemusic - Ao Vivo, 2014, Himself - Claudia Leitte Band: Drums, ) (V)  (as Buguelo
, 	, Roupa Ac�stico 2, 2006, Himself, ) (V
, 	," ""Caldeir�o do Huck""", 2000, Himself - Musician, ) {(2013-06-29)}  (as Buguelo
Ammons,  Bill, Welcome to Slab City, 2012, Himself, 
Sese,  Joseph, Mariano Mison... NBI, 1997, Putik's Son, 
Ferrer,  Carlos, La huella del doctor Ernesto Guevara, 2013, Himself, 
Pena,  Ramon, Natas es Satan, 1977, Nigth Club Owner, 
Felix,  Santiago, Shadow Girl, 2016, Himself, blind street vendor, 
'Cherry,  Sahel, The Emancipation of Anemone, ????, Chorus, 
,  Eloy, �Ja me maaten...!, 2000, Gitano 1, 
Wilson,  Chris, Out of Bounds, 2012, Himself, 
Estes,  Marquis," ""Moesha""", 1996, Rapper #2, ) {The List (#2.1
'Colibri'Viera,  Gil, Todo x Sara, 2014, Llavero, 
Lenton,  Mark," ""Formula 1: BBC Sport""", 2009, Himself - Mechanic, Red Bull, ) {The Chinese Grand Prix (#3.8
,  Luis, Ambos mundos, 2007, , 
Leach,  Timothy," ""Port Protection""", 2015, Himself, ) {Between Water and Wolves (#1.1
, 	," ""Port Protection""", 2015, , 
, 	," ""Port Protection""", 2015, Himself, ) {Jack of All Trades (#2.7
, 	," ""Port Protection""", 2015, Himself, ) {Out of Luck (#1.3
, 	," ""Port Protection""", 2015, Himself, ) {Shell-Shocked (#2.8
, 	," ""Port Protection""", 2015, Himself, ) {The End of the End (#2.11
, 	," ""Port Protection""", 2015, Himself, ) {The Odyssey (#2.5


, 	, Crime School, 1938, , 
, 	, Land of Liberty, 1939, , 
, 	," ""Film Breaks""", 1999, , 
Torres,  Marcelino, Barrio Gangsters, 2009, Dibujo, 
Clemson,  Donnie, Cornmeal, Gunpowder, Ham Hocks and Guitar Strings, 2015, Jeb Kinney, 
Laschinger,  Roland, B Flat - or how to miss a blue note, 2013, Doc Knotz, 
Johnson,  Dondraico, The LXD: The Secrets of the Ra, 2011, Umbra, 
Gerestant,  Mildred," ""Dishing Tea with Big Meach""", 2009, , 
'Duarte,  Eduardo," ""El mundo del espect�culo""", 1968, , 
Whitney Jr.,  Barry," ""This Old House""", 1979, Himself - Frame Shop Materials Processor, ) {North Shore Farmhouse: The North Shore Is a Blast (#35.18
Eldemire,  Edward, German Town: The Lost Story of Seaford Town Jamaica, 2015, Himself, 
Bernstein,  Musikverein, 90 Jahre Burgenland, 2011, Themselves, ) (TV
Van Rankin,  Jorge, Seraf�n: La pel�cula, 2001, Pom�n, )  (voice) (as Jorge Van Rankin
, 	," ""40 y 20""", 2016, Paco, ) {A Visita Do Brasil (#1.9)}  (as Jorge Van Rankin
, 	," ""40 y 20""", 2016, Paco, ) {El pan franc�s (#1.4)}  (as Jorge Van Rankin
, 	," ""40 y 20""", 2016, Paco, ) {Las clases de regularizaci�n (#1.3
, 	," ""40 y 20""", 2016, Paco, ) {No Hace Falta (#1.8)}  (as Jorge Van Rankin
, 	," ""40 y 20""", 2016, Paco, ) {Un Rudo Amanecer (#1.7)}  (as Jorge Van Rankin
, 	," ""Big Brother VIP 3""", 2004, Himself, ) {(2004-06-27)}  (as Jorge Van Rankin
, 	," ""Big Brother VIP 3""", 2004, Himself, ) {(2004-07-04)}  (as Jorge Van Rankin
, 	," ""Carita de �ngel""", 2000, Tadeo, ) {Carita de �ngel (#1.1)}  (as Jorge Van Rankin
, 	," ""El Calabozo"" (1993)  (as Jorge Van Rankin)  [Himself - Host", 1993, , 
, 	," ""Hasta adentro""", 2006, Himself - Host, )  (as Jorge Van Rankin
, 	," ""Hoy""", 1998, Himself - Host, ) {(2016-06-23)}  (as Jorge Van Rankin
, 	," ""Inocente de ti""", 2004, Pepe To�o, ) {(#1.2)}  (as Jorge Van Rankin
, 	," ""Inocente de ti""", 2004, Pepe To�o, ) {Inocente de ti (#1.1)}  (as Jorge Van Rankin
, 	," ""La jaula""", 2003, El Burro, /II) {Los Big Tacos}  (as Jorge Van Rankin
, 	," ""La mujer del Vendaval""", 2012, , 
, 	," ""La mujer del Vendaval""", 2012, , 
, 	," ""Miembros al aire""", 2009, Himself - Host, ) {(#5.21)}  (as Jorge Van Rankin
, 	," ""Miembros al aire""", 2009, Himself - Host, ) {(2013-04-29)}  (as Jorge Van Rankin
, 	," ""Miembros al aire""", 2009, Himself - Host, ) {(2013-07-01)}  (as Jorge Van Rankin
, 	," ""Miembros al aire""", 2009, Himself - Host, ) {(2014-04-07)}  (as Jorge Van Rankin
, 	," ""Miembros al aire""", 2009, Himself - Host, ) {(2015-09-07)}  (as Jorge Van Rankin
, 	," ""Mujer"," casos de la vida real""", 1985, , 
, 	," ""Noches con Platanito""", 2013, Himself - Guest, ) {Cuauht�moc Blanco/Pilar Montenegro/Los Huracanes del Norte (#1.33)}  (as Jorge Van Rankin
, 	," ""Salom�""", 2001, Nelson, ) {(#1.2)}  (as Jorge 'Burro' Van Rankin
, 	," ""Seraf�n""", 1999, El Burro Pom�n, ) {(#1.1)}  (as Jorge Van Rankin
, 	," ""Seraf�n""", 1999, El Burro Pom�n, ) {(#1.3
, 	," ""Sue�o de amor""", 2016, , 
, 	," ""Sue�o de amor""", 2016, , 
, 	," ""Sue�o de amor""", 2016, , 
, 	," ""Todo incluido""", 2013, , 
, 	," ""Una familia con suerte""", 2011, Nico, ) {(#1.2)}  (as Jorge Van Rankin
, 	," ""Vas o no vas con Boletazo""", 2004, Himself, ) {(#1.1)}  (as Jorge Van Rankin
, 	," ""�Qu� madre"," tan padre!""", 2006, Mike Well, ) {An�lisis estrat�gicos (#1.2)}  (as Jorge Van Rankin
, 	," ""�Qu� madre"," tan padre!""", 2006, Mike Well, ) {El d�a del ni�o (#1.13)}  (as Jorge Van Rankin
, 	," ""�Qu� madre"," tan padre!""", 2006, Mike Well, ) {El festival (#1.3)}  (as Jorge Van Rankin
, 	," ""�Qu� madre"," tan padre!""", 2006, Mike Well, ) {El picnic (#1.19)}  (as Jorge Van Rankin
, 	," ""�Qu� madre"," tan padre!""", 2006, Mike Well, ) {Esta noche cena Mike (#1.4)}  (as Jorge Van Rankin
, 	," ""�Qu� madre"," tan padre!""", 2006, Mike Well, ) {La pluma (#1.15)}  (as Jorge Van Rankin
, 	," ""�Qu� madre"," tan padre!""", 2006, Mike Well, ) {Los ni�os en la oficina (#1.10)}  (as Jorge Van Rankin
, 	," ""�Qu� madre"," tan padre!""", 2006, Mike Well, ) {Mauricio empleado (#1.12)}  (as Jorge Van Rankin
, 	," ""�Qu� madre"," tan padre!""", 2006, Mike Well, ) {Pap� a Dos de Tres Ca�das (#1.7)}  (as Jorge Van Rankin
, 	," ""�Qu� madre"," tan padre!""", 2006, Mike Well, ) {Qu� madre sin padre (#1.21)}  (as Jorge Van Rankin
, 	," ""�Qu� madre"," tan padre!""", 2006, Mike Well, ) {Y se hizo la luz (#1.6)}  (as Jorge Van Rankin
, 	," ""�Vivan los ni�os!""", 2002, Zopenko Karambazof, ) {�Vivan los ni�os! (#1.1)}  (as Jorge 'El Burro' van Rankin
,  Antonio, La guitarra muda, 1953, Himself, 
,  Jos�, Alma gitana, 1996, , 
, 	, Festival de Benidorm 2004, 2004, Himself, ) (TV
, 	, Gala de presentaci�n de la temporada 2000/2001, 2000, Himself, ) (TV
, 	, La chica del verano, 2000, Himself, ) (TV
, 	, O que dis que din, 2003, Himself, 
, 	, Rosa y amigos, 2002, Himself, ) (TV
, 	, Veo, veo internacional, 2004, Himself, ) (TV
, 	," ""Al salir de clase""", 1997, Himself, ) {Por una buena causa (#6.4
, 	," ""Furor""", 1998, Himself, /I) {(2001-03-17
, 	," ""M�sica s�""", 1997, Himself, ) {(2000-10-07
, 	," ""M�sica uno""", 2004, Himself, ) {(2004-05-01
, 	," ""Noches de gala""", 1993, Himself, ) {(1994-08-02
, 	," ""Pasapalabra""", 2000, Himself, ) {(2004-03-01
, 	," ""Pasapalabra""", 2000, Himself, ) {(2004-03-03
, 	," ""Pasapalabra""", 2000, Himself, ) {(2005-04-08
, 	," ""Sabor a Lolas""", 1992, Himself, ) {(1993-01-22
, 	," ""Toni Rovira y t�""", 1999, Himself, ) {(2009-06-22
, 	," ""Viva la Vida""", 2017, Himself - Guest, ) {(#1.20
,  Blanquito, Depravada, 2006, , 
,  F�lix, Especial humor: Vaya... y vuelta, 1996, Himself, ) (TV
, 	, Muchas gracias 1996, 1996, Himself, ) (TV
, 	," ""Amigos en la noche""", 2001, Himself, ) {(2001-05-11
, 	," ""El concursazo""", 1997, Himself, ) {(1998-09-05
, 	," ""Esto es espect�culo""", 1994, Himself, ) {(1995-01-20
, 	," ""Esto es espect�culo""", 1994, Himself, ) {(1995-04-21
, 	," ""Esto es espect�culo""", 1994, Himself, ) {(1995-05-05
, 	," ""Esto es espect�culo""", 1994, Himself, ) {(1995-05-26
, 	," ""Esto es espect�culo""", 1994, Himself, ) {(1995-06-09
, 	," ""Esto es espect�culo""", 1994, Himself - Comedian, ) {(1995-06-23
, 	," ""Esto es espect�culo""", 1994, Himself, ) {(1995-07-14
, 	," ""Esto es espect�culo""", 1994, Himself, ) {(1995-11-10
, 	," ""Esto es espect�culo""", 1994, Himself, ) {(1996-03-15
, 	," ""Humor se escribe con h""", 2000, Himself, ) {(2000-06-06
, 	," ""Humor se escribe con h""", 2000, Himself, ) {(2001-02-09
, 	," ""Humor se escribe con h""", 2000, Himself, ) {(2001-04-10
, 	," ""Noche de fiesta""", 1999, Himself, ) {(2001-01-13
, 	," ""Noche de fiesta""", 1999, Himself, ) {(2001-06-16
, 	," ""Noche de fiesta""", 1999, Himself, ) {(2002-01-26
, 	," ""Noche de fiesta""", 1999, Himself, ) {(2002-12-21
, 	," ""Noche de fiesta""", 1999, Himself, ) {(2003-04-26
, 	," ""Noche de fiesta""", 1999, , 
, 	," ""Querida Concha""", 1992, , 
, 	," ""Querida Concha""", 1992, , 
, 	," ""Querida Concha""", 1992, , 
, 	," ""Querida Concha""", 1992, , 
, 	," ""Querida Concha""", 1992, , 
, 	," ""Simplemente Mayra""", 1990, Himself, ) {(1990-03-11
, 	," ""Sonrisas de Espa�a""", 1996, Himself, ) {(1996-08-26
, 	," ""Uno para todas""", 1995, Staff Humorist, ) {(1996-02-20
, 	," ""Uno para todas""", 1995, Staff Humorist, ) {(1996-07-04
, 	," ""Uno para todas""", 1995, Staff Humorist, ) {(1996-07-18
, 	," ""Uno para todas""", 1995, Staff Humorist, ) {(1996-08-01
, 	," ""Uno para todas""", 1995, Staff Humorist, ) {(1996-08-15
, 	," ""Uno para todas""", 1995, Staff Humorist, ) {(1996-08-29
, 	," ""VIP noche""", 1990, , 
, 	," ""��Al ataque!!""", 2010, Himself - Comedian, 
, 	," ""��Al ataque!!""", 2010, Himself - Comedian, ) {(2010-03-14
, 	," ""��Al ataque!!""", 2010, Himself - Comedian, ) {(2010-03-28
, 'El Guisa', Los tarantos, 1963, Bailaor, 
Lora,  Miguel," ""La granja tolima""", 2004, Himself, 
,  Marcial, Entre las patas de los caballos, 2000, , 
,  Jos�, Torrente 2: Misi�n en Marbella, 2001, Amigo Cigala 2, 
,  Francisco, Los Almendros - Plaza nueva -, 2000, Segundo Cuadro Flamenco 'Tangos Festeros': Guitarrista, 
,  Antonio, Los Almendros - Plaza nueva -, 2000, Tercer Cuadro Flamenco 'Soleares': Bailaor, 
,  Luis, De la calle, 2001, Froil�n plaza del estudiante, 
,  Janny, La contrabandista, 1982, , 
,  Antonio, Los Almendros - Plaza nueva -, 2000, Cuarto Cuadro Flamenco 'Taranta': Palmero, 
,  Baltazar, Operaci�n narc�ticos, 1991, Agente #1, 
, 'El Viti', Los tarantos, 1963, Cantaor, 
'Finchie''Coveney,  Finbar, The Brotherhood, 2014, Biker 2, 
Esbai,  Ali, A Heated Interview, 2013, Adel, 
,  Tommy, Welcome to Slab City, 2012, Himself, 
,  Luis Roberto, OP Pro 88 - Barra, Rio, 1988, Himself, 
, (II), They Want Dick Dickster, 2015, Dr. Shrinkalotsky, 
'Francis,  Mengesha Mystro, Michael Jacksonology: Piano Experience by Mystro (Black Liberace), 2011, Pianist, 
,  Zohrab Bek-Gasparents, Qavor, 2016, , 
















, 	," ""Port Protection""", 2015, Himself, ) {Rough Waters (#2.4


, 	, Been Down So Long It Looks Like Up to Me, 1971, Himself, 
, 	, It's What's Happening, Baby!, 1965, Himself - Host, ) (TV
, 	, That's the Way of the World, 1975, Big John Little, 
, 	, The Beatles: The First U.S. Visit, 1991, Himself - DJ, New York, ) (V
, 	, What's Happening! The Beatles in the U.S.A., 1964, Himself, ) (TV
, 	," ""All You Need Is Love""", 1977, Himself, ) {Mighty Good: The Beatles (#1.14
, 	," ""Bandstand""", 1952, Himself, ) {(#9.15
, 	," ""Coronet Blue""", 1967, Big Hart, ) {The Flip Side of Timmy Devon (#1.11
, 	," ""The Beatles Anthology""", 1995, Himself, ) {July '40 to March '63 (#1.1)}  (archive footage) (uncredited
, 	," ""The Paul Ryan Show""", 1977, Himself, ) {(#1.33
, 	," ""This Is Your Life""", 1952, Himself, 
,  N�stor, Violencia urbana, 1996, Monta�a, 
Kallet,  Harry, Drug Demon Romance, 2012, , 
Starks,  Johnny, Don't Bite the Apple, 2011, Michael Parker, 
, 	, Ransum Games, 2014, Henchman #3, 
, 	, The Godfather of Green Bay, 2005, Marcus, )  (as Johnny Starks




, 	, El secuestro de un periodista, 1992, Doctor Giraldo, 


, 	," ""Atlantic City Chronicles""", 2013, Renaldo Satin, ) {All Washes A'Shore (#1.8
, 	," ""Atlantic City Chronicles""", 2013, Renaldo Satin, ) {Flashback (#1.2
, 	," ""Atlantic City Chronicles""", 2013, Renaldo Satin, ) {Hang Over (#1.5
, 	," ""Atlantic City Chronicles""", 2013, Renaldo Satin, ) {Low Tide (#1.6
, 	," ""Atlantic City Chronicles""", 2013, Renaldo Satin, ) {Salt Water Taffy (#2.1




, 	, Zeroville, 2018, Hippie Guitar Player, 
,  Jerry, Nom T�w, 2009, , 
'Malid,  Paddy, In the Land of the Head Hunters, 1914, Kenada, 
Souza,  Gleidson, Claudia Leitte: Ao Vivo em Copacabana, 2008, Himself - Invited Musician, ) (V
Benjamin,  Cameron, Meridian, 2016, Meridian Soldier, /I




, 	, Grey Britain, 2009, Pestilence, 
, 	, Hot Property, 2016, Fruit Machine, 
, 	, The Leap, 2015, Head Smuggler, )  (as Monkey Stevens
, 'Morita', Los tarantos, 1963, Cantaor, )  (as 'Morit�'
,  Achyutan, A Journey from the N-Side: An Unscripted Profile of a Jazz/Poet, 2010, Himself, ) (V
Chambers,  Byron, Nathan East: For the Record, 2014, Himself, 
Sianis,  Peter," ""Secret of Mana Theater with Voices""", 2016, Pancake, ) {And Into the Fire Gigas (#1.14
, 	," ""Secret of Mana Theater with Voices""", 2016, Scorpion Goon, ) {Chillin' Out in Pandora (#1.10
, 	," ""Secret of Mana Theater with Voices""", 2016, Pancake, ) {In Which Things Get Rough (#1.9
, 	," ""Secret of Mana Theater with Voices""", 2016, Scorpion Goon, ) {Playing with Water (#1.11
, 	," ""Secret of Mana Theater with Voices""", 2016, Henry/Werewolf, ) {The Wicked Witch of the Woods (#1.8




, 	, Stuck in the Middle, 2016, Happy Man, 
'O'Connell,  Colette, Hello Au Revoir, 2018, Letty O, 
, 'Oahura, Shaping Bamboo, 1979, Himself - 'au paina panpipe ensemble, 
'Oh,  Mark," ""Das perfekte Promi-Dinner""", 2005, Himself, 



, 	," ""Philthy Casual""", 2015, , 
, 	," ""Philthy Casual""", 2015, , 
, 	," ""Philthy Casual""", 2015, , 
, 	," ""Philthy Casual""", 2015, , 
, 	," ""Philthy Casual""", 2015, , 
, 	," ""Philthy Casual""", 2015, , 
, 	," ""Philthy Casual""", 2015, , 
, 	," ""Philthy Casual""", 2015, , 
, 	," ""Philthy Casual""", 2015, , 
, 	," ""Philthy Casual""", 2015, , 
, 	," ""Philthy Casual""", 2015, , 
, 	," ""Philthy Casual""", 2015, , 
, 	," ""Philthy Casual""", 2015, , 
, 	," ""Philthy Casual""", 2015, , 
, 	," ""Philthy Casual""", 2015, , 
, 	," ""Philthy Casual""", 2015, , 
, 	," ""Philthy Casual""", 2015, , 
Rodger,  Jason, Gospel Truth, 2011, The Fugitive, 
, 'Pucherete', Los tarantos, 1963, Guitarist, 
, 'Raff', Reflections of Evil, 2002, Real LAPD Officer, 
Wells,  Hinton, JFH Brawl, 2007, Wrangler Smarts, ) (V

, 	, Banned: Official 2014 World Cup Song, 2014, Dancer, ) (V
Reeves,  Bennet, Kop Dat, 2016, Customer #4, 
Cunningham,  William, The Left Side of My Brain, 1992, Pretzel Man, 
Howard,  Anthony, Circles, 2017, Roy Gustavo, /I





, 	," ""E! Live from the Red Carpet""", 1995, Himself - Countdown Guest, ) {The 2017 Grammy Awards}  (as Sexy Sax Man
, 	," ""Rude Tube""", 2008, Himself, ) {Utter Pranks (#4.4)}  (as Sergio Flores
Smith,  Andrew, Candie's Harem, 2015, TV narrator, )  (voice






, 	," ""Schloss Einstein""", 1998, Himself, ) {Folge 700 (#15.12)}  (as SPAX
Morton III,  Michael, Josephine Doe, 2016, Cashier, 
Hilliard,  Johnny, Welcome to Slab City, 2012, Himself, 
, Cox Troupe, Fire Down Below, 1957, Limbo Dance by, )  (as the 'Stretch' Cox Troupe) (also as 'Stretch' Cox and his Troupe also


, 	," ""De eenzame oorlog van Koos Tak""", 1996, , 
, 	," ""De wereld draait door""", 2005, Himself, ) {(#2.88
, 	," ""De wereld draait door""", 2005, Himself - Schrijver, ) {(#5.141
, 	," ""De wereld draait door""", 2005, Himself, ) {(#7.3
, 	," ""Pauw & Witteman""", 2006, Himself, ) {(#1.9
, 	," ""Pauw & Witteman""", 2006, Himself, ) {(#4.2
, 	," ""Pauw & Witteman""", 2006, Himself, ) {(#8.139



, 	, De zaak M.P., 1960, Hollandse boer, 
, 	, Gijsbrecht van Aemstel, 1957, Diederick van Haerlem, ) (TV
, 	," ""De fuik""", 1962, Vliegveld-commandant, ) {'n lichtvoetig meisje (#1.6
, 	," ""De vier dochters Bennet""", 1961, Wickham, ) {(#1.1
, 	," ""De vier dochters Bennet""", 1961, Wickham, ) {(#1.3
, 	," ""De vier dochters Bennet""", 1961, Wickham, ) {(#1.5
, 	," ""School voor volwassenen""", 1960, Meneer klundert, ) {(#1.1
't Hoen,  Jorrit," ""Oog in oog"" (1991)  [Oudste zoon", 1993, , 

, 	," ""Oppassen!!!""", 1991, Alexander van der Sande, ) {Erfelijk belast (#2.12


, 	," ""Celebrating Science""", 2008, Himself, ) {Science Fiction and Reality (#1.5
, 	," ""De wereld draait door""", 2005," Himself - Mars One (segment ""De Jakhalzen"")", ) {(#8.33)}  (as Prof. Ir. 't Hooft
, 	," ""Through the Wormhole""", 2010, Himself - Nobel Price in Physics, ) {What Is Nothing? (#3.5
't Hooft,  Maarten," ""Neveneffecten""", 2005, Jonge Tupolev, ) {De gebroeders Tupolev (#1.8)}  (as Maarten t'Hooft
't Hooft,  Quinten," ""Neveneffecten""", 2005, Jonge Tupolev, ) {De gebroeders Tupolev (#1.8)}  (as Quinten t'Hooft
't Hout,  Rogier in, 48 minuten, 2013, Willem, 
, 	, Riphagen, 2016, Joost, 
, 	," ""Boks""", 2006, Ronald, ) {Ik zie, ik zie (#1.9
, 	," ""Het Klokhuis""", 1988, Igor de Viking, 
, 	," ""Het Klokhuis""", 1988, Wouter, 
, 	," ""Het Klokhuis""", 1988, , 
, 	," ""Moordvrouw""", 2012, Markus Verbeek, ) {Stille wateren, diepe gronden (#2.4
, 	," ""Noord Zuid""", 2015, Rene van Ginkel, ) {Noord (#1.10
, 	," ""Riphagen""", 2017, Joost, ) {(#1.1
, 	," ""Seinpost Den Haag""", 2011, Patholoog anatoom, ) {Geheimen (#1.3
, 	," ""Welkom bij de Romeinen""", 2014, Augur/Soldaat, ) {Caesar en Cleopatra (#1.2
, 	," ""Welkom bij de Romeinen""", 2014, Hollander/Dienstweigeraar/Arminius, ) {Julius Civilis (#1.7
, 	," ""Welkom bij de Romeinen""", 2014, Romein/Gerardus, ) {Ovidius (#1.6


, 	," ""Russen""", 2000, Boy in Daycare, ) {Het Eerste Lijk (#1.5
't Sas,  Sander," ""De wereld draait door""", 2005, Himself - Verslaggever E�nVandaag, ) {(2013-12-04



















, 	," ""Coke Studio""", 2008, Himself - Bassist, ) {(#6.1
,  Oswald, Skate - O Esporte Emo��o, 1987, Himself, 
, *NSYNC, 'N Sync & Britney Spears: Your #1 Video Requests... And More!, 2000, Themselves, ) (V
, 	, 'N Sync: 'Ntimate Holiday Special, 2000, Themselves, ) (TV
, 	, 'N Sync: Gone, 2001, *NSYNC, ) (V
, 	, 'N Sync: Making the Tour, 2000, Themselves, ) (V
, 	, 'N Sync: No Strings Attached, 1999, Themselves, ) (V
, 	, 'N Sync: The Atlantis Concert, 2001, Themselves, ) (TV
, 	, *NSYNC: (God Must Have Spent) a Little More Time on You, 1999, , 
, 	, *NSYNC: I Want You Back, 1996, , 
, 	, *NSYNC: It's Gonna Be Me, 2000, , 
, 	, *NSYNC: Tearin' Up My Heart, 1997, , 
, 	, *NSYNC: Together Again, 1997, , 
, 	, 101 Biggest Celebrity Oops, 2004, Themselves, ) (TV)  (archive footage
, 	, 1999 MTV Video Music Awards, 1999, Themselves, ) (TV
, 	, 2001 MTV Video Music Awards, 2001, Themselves - Performers, ) (TV
, 	, A Home for the Holidays, 1999, , 
, 	, American Bandstand's 50th Anniversary Celebration, 2002, Themselves, ) (TV
, 	, Das Ph�nomen Boygroups, 2014, Themselves, ) (TV)  (archive footage
, 	, L'Oreal Summer Music Mania, 1999, Themselves - Performers: 'I Want You Back', ) (TV
, 	, MTV Snowed In 2000, 2000, Themselves - Performers, ) (TV
, 	, N'sync: Thinking of You (I Drive Myself Crazy), 1999, , 
, 	, Nickelodeon Kids' Choice Awards, 2001, Themselves, ) (TV
, 	, Summer Music Mania 2000, 2000, Themselves, ) (TV
, 	, Super Bowl XXXV Halftime Show, 2001, Themselves, ) (TV
, 	, The 1999 Billboard Music Awards, 1999, Themselves, ) (TV
, 	, The 25th Annual American Music Awards, 1998, Themselves, ) (TV
, 	, The 27th Annual American Music Awards, 2000, Themselves - Performers, ) (TV
, 	, The 28th Annual American Music Awards, 2001, Themselves - Performers, ) (TV
, 	, The 40th Anniversary American Music Awards, 2012, Themselves, ) (TV
, 	, The 44th Annual Grammy Awards, 2002, Themselves, ) (TV
, 	, The Teen Choice Awards 2002, 2002, Themselves - Presenters, ) (TV
, 	," ""Behind the Music""", 1997, Themselves, ) {1999 (#3.17)}  (archive footage
, 	," ""Dolezal Backstage""", 2015, Themselves, ) {Das Weihnachts-Special (#2.5)}  (archive footage
, 	," ""Making the Video""", 1999, , 
, 	," ""Making the Video""", 1999, , 
, 	," ""Otro rollo con: Adal Ramones""", 1995, Themselves, 
, 	," ""Sabrina"," the Teenage Witch""", 1996, Themselves, ) {Sabrina and the Pirates (#3.15
, 	," ""The Rosie O'Donnell Show""", 1996, Themselves, ) {(1999-02-19
, 	," ""The Rosie O'Donnell Show""", 1996, Themselves, ) {(1999-11-26
, 	," ""The Rosie O'Donnell Show""", 1996, Themselves, ) {(2000-03-20
, 	," ""The Rosie O'Donnell Show""", 1996, Themselves, ) {(2001-06-05
, 	," ""The Rosie O'Donnell Show""", 1996, Themselves, ) {(2002-04-11
, 	," ""The Tonight Show with Jay Leno""", 1992, Themselves, ) {(#6.197
, 	," ""The Tonight Show with Jay Leno""", 1992, Themselves - Musical Guest, ) {(#7.67
, 	," ""The Tonight Show with Jay Leno""", 1992, Themselves - Musical Guest, ) {(#8.59
, 	," ""The Tonight Show with Jay Leno""", 1992, Themselves - Musical Guest, ) {(#9.223
, 	," ""Top of the Pops""", 1964, Themselves, ) {(2000-09-15
, 	," ""Touched by an Angel""", 1994, Street Performers, ) {Voice of an Angel (#6.7)}  (as 'NSYNC
, 	," ""Video on Trial""", 2005, Themselves - Accused, ) {(#1.16)}  (archive footage
, 	," ""Video on Trial""", 2005," Themselves (segment ""It's Gonna Be Me"")", ) {(#1.26)}  (archive footage

, 	, Inescapable Dream, 2012, Sara, 
-,  Akira, Kohtaro in Space Wonderland, 2014, Kohtaro, 
-,  Amy, 24 instantes, 2004, , 
-,  Aruka, Don't push that button, 2014, , 
-,  Aya, The Words, 2013, , 
-,  Dee, Brian's Dots, 2014, , 
-,  Doigaki, The Shore, 2013, , 
-,  Donte, Bound Boys, 2015, Quan, 
-,  Francis, Kayan Beauties, 2012, Khuda, 
-,  Godfrey, Adventures in Comedy, 2015, Himself, 
-,  Hayato, Hanabi Shisou, 2013, , 
-,  Hiei, Kohtaro in Space Wonderland, 2014, Male Chocolate CM, 
-,  Hiroki, Hana Hitotsu, 2016, , 
, 	, Kohtaro in Space Wonderland, 2014, Mechanic Engineer, 
-,  Jamil, Bound Boys, 2015, Corner Boy, 
-,  Karu, Kohtaro in Space Wonderland, 2014, Mechanic Engineer, 
-,  Kiryu, Flowers from a Book, 2017, Doorman, 
-,  Manolo, Counting My Days, 2010, , 
-,  Mariusz, R�wnonoc, 2011, Leon, 
-,  McKeever, Uncovering Eden, 2014, , 
-,  Meherunnesa, While the Train Runs, 2013, , 
-,  Minako, The Words, 2013, , 
-,  Moena, Melody of Funhouse, 2013, Daughter, 
-,  Mowly, Mowly, 2011, , 
-,  Myeong-Ju, Don't push that button, 2014, , 
-,  Nuri, The Two Million, 2016, Himself, 
-,  Omar, The Two Million, 2016, Himself, 
-,  Paulex, Big Weekend, 2011, Alex, 
-,  Pinky, Shourya, 2013, , 
-,  Salom�n, No Questions Asked, 2017, Pedro, 
















, 	, London Betty, 2009, Camera Man, 

, 	, The Last Colony, 2015, Himself, 
.,  Abdul Hamid, Quiescence, 2011, The Husband, ) (V
.,  Adib Ahmad Hilmy, The Thief and the Wise Man, 2010, Adik, 
.,  Arielle, Don't Ask Do Tell, 2014, , 
.,  Ashwaq, Don't Leave Me, 2013, Aisha's Mother, 









, 	, MMM Manipulation, 2016, Mukul, 




















, 	," ""Lefto: In Transit"" (2017)  [Himself - Host", 2017, , 
.,  Mariza, Flight of the Guitar: Dreaming of Paco De Lucia, 2016, , 
.,  Maziar (I), Safari Jadeyi, 2013, , 
.,  Maziar (II), The Giant of Garmeh, 2017, Himself, 
.,  Mohamad Sawifi, The Thief and the Wise Man, 2010, Father, 
.,  Morgan, With or Without You, 2010, Model, 
.,  Murali, Rosy Theatre, Kanapur, 2015, Biddi Guy, 
.,  Nhojj, Out on the Tracks, 2014, , 
.,  Niyati, Anamika, 2014, , 
.,  Offkey, Meet Me on the Hill, 2011, Father in Church, 
.,  Onra, The View From The Other: J-Dilla -A European Remembrance, 2013, , 
.,  Paddy, Four Wise Monkeys, 2016, Shawn's Dad, 
.,  Pito, The Last Supper, 2014, The Chef, /VI
.,  Raju, WhyLean, 2014, Tarzan, 

, 	, It Might Be Hot!, 2006, The Cat, ) (V
.,  Revanshu, Everything Disappears, 2014, , 
.,  Roshie, The First Horror Movie, 2015, The Actress, 
.,  Saneyes, The View From The Other: J-Dilla -A European Remembrance, 2013, , 
.,  Saz, Be a Nelson, 2015, Himself, 
.,  Scrooge, Courier Culture, 2012, Himself, ) (V
















, 	, CMT Road Pranks, 2011, Themselves, ) (TV
, 	," ""CMT Crossroads""", 2002, Himself, 
, 	," ""VH-1 Where Are They Now?""", 1999, Themselves, ) {Rockin' Classics (#1.5
, .Gavin, Shadows of the Past, 2010, Sam Caldwell, ) (V
.Hammond,  Jenny," ""Green Cities""", 2010, Jenny Hammond, 
.Knight,  G., A Dance for G. Knight, 2016, G.Knight, 






, 	," ""Later... With Jools Holland""", 1992, Themselves, ) {(#20.8
, 1 Turtle, He See Sea, 2014, Tortoise, 
1,  Todd, A Tribe Called Quest: The Video Anthology, 2002," Himself (segment ""Scenario"")", ) (V
, 	," ""Awake on the Wild Side""", 1990, , 
, 	," ""VH1 Goes Inside""", 2003, Himself, ) {Yo! MTV Raps (#3.6



, 	, El genio de Eugenio, 2001, Himself, ) (TV
, 	, Los justicieros, 1996, Hermano Zorton, ) (VG
, 	," ""Humor se escribe con h""", 2000, Himself, ) {(2000-10-10
, 	," ""Noche de fiesta""", 1999, Himself, ) {(1999-12-11
, 	," ""Noche de fiesta""", 1999, Himself, ) {(2000-02-05
, 	," ""Noche de fiesta""", 1999, Himself, ) {(2000-03-18
, 	," ""Noche de fiesta""", 1999, Himself, ) {(2000-04-08
, 	," ""Noche de fiesta""", 1999, Himself, ) {(2000-06-10
, 	," ""Noche de fiesta""", 1999, Himself, ) {(2000-08-05
, 	," ""Noche de fiesta""", 1999, Himself, ) {(2000-10-07
, 	," ""Noche de fiesta""", 1999, Himself, ) {(2000-12-02
, 	," ""Noche de fiesta""", 1999, Himself, ) {(2001-06-09
, 	," ""Noche de fiesta""", 1999, Himself, ) {(2003-12-20
, 	," ""Noche de fiesta""", 1999, Himself, ) {(2004-04-17
, 	," ""Noche de fiesta""", 1999, , 
, 	," ""Noches de gala""", 1993, Himself, ) {(1994-03-29
, 	," ""Risas y estrellas""", 1997, Himself, ) {(1998-03-14
, 	," ""Risas y estrellas""", 1997, Himself, ) {(1998-03-28
, 	," ""Risas y estrellas""", 1997, Himself, ) {(1998-04-11
, 	," ""Risas y estrellas""", 1997, Himself, ) {(1998-04-25
, 	," ""Risas y estrellas""", 1997, Himself, ) {(1998-06-27
10,  Mac, Love Hollywood Style, 2006, Himself, 


, 	," ""Late Night with David Letterman""", 1982, Themselves, ) {(1989-06-23
, 	," ""Late Night with David Letterman""", 1982, Themselves, ) {(1993-06-23
, 	," ""MusiCalifornia""", 1985, Themselves, 
, 	," ""Saturday Night Live""", 1975, Themselves - Musical Guest, ) {Catherine O'Hara/10,000 Maniacs (#18.5
, 	," ""Taratata""", 1993, Themselves, ) {(#2.19
, 	," ""The Tonight Show Starring Johnny Carson""", 1962, Themselves - Musical Guest, ) {(1987-12-04
, 	," ""The Tonight Show with Jay Leno""", 1992, Themselves, ) {(#2.65
, 	," ""Unplugged""", 1989, Themselves, ) {10,000 Maniacs (#4.8
, 	," ""Wired""", 1988, Themselves - Performers, ) {(#1.14
, 100 Gypsy Violins," ""Barend en Van Dorp""", 1990, Themselves - Musicians, ) {(2004-10-29
100 Proof,  The," ""Soul Train""", 1971, Guests, ) {Lou Rawls/The 100 Proof/The Emotions (#1.6
, 100 Voices of Gospel," ""Ant & Dec's Saturday Night Takeaway""", 2002, Themselves - Performers, ) {(#14.6
, 	," ""Britain's Got More Talent""", 2007, Themselves, ) {(#10.8
, 	," ""No es un s�bado cualquiera""", 2017, Themselves - Musical Guests, ) {(#1.4
100%,  Akira, Zettai ni waratte wa ikenai: Kagaku Hakase 24 ji, 2016, Himself, ) (TV
100,  St. Augustine Marching," ""Treme""", 2010, Themselves, ) {Carnival Time (#2.7
1000,  Ursula," ""�nima""", 2009, Himself, ) {(#3.26
, 1000Tinho, Coruja, 2001, Himself, 
, 101 Ranch Cowboys, Life on the 101 Ranch, Bliss Oklahoma, 1914, Cowboys and Soldiers, 
101,  Kab, Rash, 2005, Kab 101, 
, 101DarkMonkeys," ""Neon Arcade""", 2015, Themselves, 
104,  Dave, Austin Prowler, 1999, , 
, 10CC, 10cc: Japan Tour '93, 1993, Themselves, ) (TV
, 	, Stuck in the Middle, 2003, Themselves, ) (V)  (archive footage
, 	," ""45""", 1974, Themselves, ) {(#2.2
, 	," ""Lift Off""", 1969, Themselves, ) {(1972-10-18
, 	," ""Rock Concert""", 1973, Themselves, ) {(#1.21
, 	," ""See You on Sunday""", 1973, Themselves, ) {(1974-04-21
, 	," ""Sounds of the 70s 2""", 2012, Themselves, ) {Rock'n'Roll Revisited: Get It On (#1.8)}  (archive footage
, 	," ""Top of the Pops""", 1964, Themselves, ) {(#10.18
, 	," ""Top of the Pops""", 1964, Themselves, ) {(#10.22
, 	," ""Top of the Pops""", 1964, Themselves, ) {(#10.32
, 	," ""Top of the Pops""", 1964, Themselves, ) {(#10.37
, 	," ""Top of the Pops""", 1964, Themselves, ) {(#11.36
, 	," ""Top of the Pops""", 1964, Themselves, ) {(#12.13
, 	," ""Top of the Pops""", 1964, Themselves, ) {(#12.17
, 	," ""Top of the Pops""", 1964, Themselves, ) {(#13.15)}  (archive footage
, 	," ""Top of the Pops""", 1964, Themselves, ) {(#9.38
, 	," ""Top of the Pops""", 1964, Themselves, ) {(#9.42
, 	," ""Top of the Pops""", 1964, Themselves, ) {(1977-01-20)}  (archive footage
, 	," ""Top of the Pops""", 1964, Themselves, ) {(1977-05-12)}  (archive footage
, 	," ""Top of the Pops""", 1964, Themselves, ) {(1978-08-31)}  (archive footage
, 	," ""Top of the Pops""", 1964, Themselves, ) {(1978-09-21)}  (archive footage
, 	," ""Top of the Pops""", 1964, Themselves, ) {Top of the Pops '73 (#10.52



, 	, Can't Stop, Won't Stop: A Bad Boy Story, 2017, Themselves - Performers, )  (also archive footage
, 	, The 15th Annual Soul Train Music Awards, 2001, Themselves, ) (TV
, 	," ""American Dreams""", 2002, The Four Tops, ) {Home Again (#3.10
, 	," ""From Tha Bottom 2 Tha Top""", 2016, 112, ) {112 (#1.1
, 113," ""La f�te de la chanson fran�aise""", 2005, Themselves, ) {(#1.7
11:11,  Angel, Big Apple, 2002, Angel, 
, 	, The Umbrella, 2010, Hero, 
, 	, Zoolander, 2001, Funky Loft Guest, 
, 11th Naval District United States Coast Guard Band, 11th. Naval District 'United States Coast Guard Band', 1944, Themselves, 
, 12 Midnite, Shake, Rattle & Roll, 2007, Himself, 
, 12 Rounds, 12 Rounds: Personally, 1997, Themselves, ) (V
, 12Ddragonite, The Go!Animate Movie, 2015, Super Castano, 
, 12th Planet, Dancing in the Dark: 20 Years of Nocturnal Wonderland, 2015, Himself, 
, 	, Electric Daisy Carnival, 2014, , 
, 	, KoRn the Path of Totality Tour, 2012, Themselves, ) (TV
, 	," ""After the Raves""", 2016, Himself, ) {Los Angeles (#1.1
13,  Cyril Neville & Tribe," ""Treme""", 2010, Themselves, ) {Carnival Time (#2.7
13,  Nick, AFI: I Heard a Voice, 2006, Himself, ) (V
, 	, Live Freaky Die Freaky, 2006, TV Reporter #1, )  (voice

, 	, Type O Negative: Symphony for the Devil, 2006, Himself, ) (V)  (uncredited
, 	, Wednesday 13: F**K It, We'll Do It Live, 2009, Himself, ) (V
, 	," ""Dawson's Creek""", 1998, The Band, ) {Living Dead Girl (#6.6





, 	, Elmo Saves Christmas, 1996, Themselves, ) (V
, 	," ""Saturday Night Live""", 1975, Themselves, ) {Betty Thomas/Stray Cats (#9.4)}  (uncredited
, 	," ""Sesame Street""", 1969, Themselves, ) {(#17.64
, 	," ""Sesame Street""", 1969, Singers 'Hand Talk', ) {(#25.49)}  (voice) (archive footage
, 	," ""Sesame Street""", 1969, Themselves, ) {Baby Bear Forms a Reading Club (#31.12)}  (archive footage

, 	," ""The X Factor""", 2011, Themselves - Contestants, ) {Finalists Chosen #1 (#2.13
, 	," ""The X Factor""", 2011, Themselves - Contestant, ) {Judge's House #3: Part 1 (#2.11
, 	," ""The X Factor""", 2011, Themselves - Contestants, ) {Live Results Show #1 (#2.16
, 	," ""The X Factor""", 2011, Themselves, ) {Live Season Finale, Part 1 (#2.27
, 	," ""The X Factor""", 2011, Themselves - Contestants, ) {Top 11 Finalists Perform (#2.17

, 	," ""Horror Kung-Fu Theatre""", 1991, Trace that Race Host, 
, 15 Polk Street," ""The After After Party with Steven Michael Quezada""", 2010, Guest - Musical, ) {(#2.34
, 15-50, MAD Video Music Awards '14 by Airfasttickets: Happy Music Nation, 2014, Themselves, ) (TV
, 16 Down," ""Barend en Van Dorp""", 1990, Themselves - Musicians, ) {(2001-05-11
16-bit,  Sergeant, Angry Video Game Nerd: The Movie, 2014, AVGN Webcam Fan, 
, 16B," ""Jo Whiley""", 1998, Himself - Performer, ) {(#1.9)}  (as 16B
, 16Down," ""Barend en Van Dorp""", 1990, Themselves - Musicians, ) {(2003-11-28
, 17 Hippies, Halbe Treppe, 2002, Musikanten, )  (uncredited
, 	, Whisky mit Wodka, 2009, Musikalischer Gast, 
, 	," ""DAS!""", 1998, Themselves, ) {(2009-07-05












, 	," ""Barclaycard Presents British Summer Time Hyde Park""", 2013, Themselves, 
, 	," ""Big Morning Buzz Live""", 2011, Themselves - Musical Guest, ) {Angela 'Big Ang' Raiola/The 1975 (#8.9
, 	," ""Glastonbury 2016""", 2016, Themselves, ) {Best of Glastonbury 2016 (#1.18)}  (archive footage
, 	," ""Jimmy Kimmel Live!""", 2003, Himself - Musical guest, ) {(#11.83
, 	," ""Late Night with Seth Meyers""", 2014, Themselves - Musical Guests, ) {John Goodman/Andrew Rannells/The 1975/Keith Carlock (#4.33
, 	," ""M3 Countdown""", 2014, Themselves - Musical Guests, ) {(2014-11-02
, 	," ""The Tonight Show Starring Jimmy Fallon""", 2014, Themselves - Musical Guest, ) {Gerard Butler/Jenny Slate/The 1975 (#3.102
1979,  Death From Above," ""Glastonbury 2015""", 2015, Themselves, ) {Day 2: Part 2 (#1.14
, 	," ""Late Night with Conan O'Brien""", 1993, Themselves - Musical Guest, ) {(#12.100


, 	," ""Victoires de la musique""", 1985, Themselves, ) {Les victoires de la musique: 29�me �dition (#1.29
, 1996 Olympic Water Polo Team, Beneath the Surface, 2015, Water polo players, /II
, 1st African Gospel Choir, Concert 'Volem acollir', 2017, Themselves, ) (TV
, 1st Battalion The Black Watch," ""Val Parnell's Sunday Night at the London Palladium""", 1955, Themselves, ) {(#3.28
, 1st Congregational Church Choir, Perfect Cowboy, 2014, , 
1st German Air Force Band,  The, Hamina Tattoo, 2004, Themselves, ) (TV
1st Indian Air Force Band,  The, Hamina Tattoo, 2004, Themselves, ) (TV
, 2 Alvarez," ""Hamburger Extrabl�tter""", 1961, Themselves, ) {(1962-11-29
, 2 Bal, Ma 6-T va crack-er, 1997, Chanteur rap, 
, 2 Belcombes, Artisten, Akrobaten, Akteure, 1961, Themselves, ) (TV
, 2 Brothers on the 4th Floor," ""Life4You""", 2009, Themselves- Performer, ) {(#2.2
, 2 Chainz, 2 Chainz Feat. Nicki Minaj: I Luv Dem Strippers, 2012, , 
, 	, 2 Chainz: Watch Out, 2016, Himself, ) (V
, 	, 2012 BET Hip Hop Awards, 2012, Himself, ) (TV
, 	, 2012 Soul Train Awards, 2012, Himself, ) (TV
, 	, 2013 MTV Video Music Awards, 2013, Himself, ) (TV
, 	, 2014 MTV Video Music Awards, 2014, Himself, ) (TV
, 	, BET Awards 2012, 2012, Himself, ) (TV
, 	, BET Awards 2014 Postshow: The Afterparty Live!, 2014, Himself, ) (TV
, 	, BET Experience: Sprite Celebrity Basketball Game, 2015, Himself, ) (TV
, 	, Clinton Sparks Feat. 2 Chainz, Macklemore & D.A. Wallach: Gold Rush, 2013, , 
, 	, Fashion Rocks, 2014, Himself, ) (TV
, 	, IHeartRadio Music Awards 2016, 2016, Himself - Presenter, ) (TV
, 	, Jessie J Feat. 2 Chainz: Burnin' Up, 2014, , 
, 	, MTV and VH1 Grammy Night Live, 2013, Himself, ) (TV
, 	, Ozone West 3, 2009, , 
, 	, Take Over Your Trap, 2015, Himself, 
, 	, Tyga: Do My Dance, 2012, 2 Chainz, 
, 	," ""2 Broke Girls""", 2011, 2 Chainz, ) {And the Two Openings: Parts One & Two (#6.1
, 	," ""Dish Nation""", 2011, Himself, ) {(#4.151
, 	," ""Ellen: The Ellen DeGeneres Show""", 2003, Himself, ) {(2013-02-11
, 	," ""Ellen: The Ellen DeGeneres Show""", 2003, Himself, ) {Kristen Bell/Jason Mraz & Travie McCoy/2 Chainz (#11.64
, 	," ""FansTang Live from the Red Carpet""", 2014, Himself, ) {The 2014 Billboard Music Awards (#1.2
, 	," ""GGN: Snoop Dogg's Double G News Network""", 2011, Himself, ) {BET Hip Hop Awards Recap - GGN (#5.50
, 	," ""GQ: Most Expensivest Shit""", 2016, Himself, 
, 	," ""Jimmy Kimmel Live!""", 2003, Himself - Musical guest, ) {(#10.296
, 	," ""Jimmy Kimmel Live!""", 2003, Himself - Musical Guest, ) {Andy Samberg/Jillian Bell/2 Chainz/Trey Songz/Ty Dolla $ign (#15.84
, 	," ""Jimmy Kimmel Live!""", 2003, Himself - Musical Guest, ) {Tom Verica/One Direction/Jessie J & 2 Chainz (#12.160
, 	," ""Late Night with Jimmy Fallon""", 2009, Himself - Musical guest, ) {(#4.136
, 	," ""Late Night with Jimmy Fallon""", 2009, Himself - Musical guest, ) {Colin Farrell/Chris Pratt/2 Chainz (#5.270
, 	," ""P�nico na TV""", 2003, Himself, ) {(2014-05-19)}  (uncredited
, 	," ""RapFix Live""", 2010, Himself, ) {2 Chainz, Mike G (#4.30
, 	," ""RapFix Live""", 2010, Himself, ) {T.I., 2 Chainz (#3.27
, 	," ""Saturday Night Live""", 1975, Himself, ) {Jamie Foxx/Ne-Yo (#38.9)}  (uncredited
, 	," ""Super 6""", 2014, Himself, ) {Jessie J (#1.8)}  (archive footage
, 	," ""The Chew""", 2011, Himself - Guest, ) {Meals on the Go (#3.23
, 	," ""The DUB Magazine Project""", 2011, Himself, ) {(#2.2
, 	," ""The Nightly Show with Larry Wilmore""", 2015, Himself," ) {2 Chainz Explainz & ""Ghostbusters"" Blockback (#2.74"
, 	," ""The Nightly Show with Larry Wilmore""", 2015, Himself - Panelist," ) {Starbucks's ""Race Together"" Campaign (#1.32"
, 	," ""The Real""", 2013, Himself, /I) {Angela Simmons/2 Chainz/Style File: Christmas Cards/Steals on the Real (#3.51
, 	," ""The Tonight Show Starring Jimmy Fallon""", 2014, Himself - Musical Guest, ) {Aaron Paul/Keri Russell/2 Chainz feat. Gucci Mane (#4.106
, 	," ""The View""", 1997, Himself, ) {Gov. John Kasich/2Chainz (#20.174
, 	," ""Wendy: The Wendy Williams Show""", 2008, Himself - Musical Guest, ) {(2012-10-25
, 	," ""WorldStar TV""", 2017, Himself, ) {2 Chainz (#1.9
, 2 Live Crew, 1990 MTV Video Music Awards, 1990, Themselves - Performers, ) (TV
, 	, 2 Live Crew Feat. KC of KC & the Sunshine Band and Freak Nasty: 2 Live Party, 1998, Themselves, 
, 	, 2 Live Crew: Do the Damn Thing, 1996, Themselves, 
, 	, 2 Live Crew: Hoochie Mama, 1995, Themselves, 
, 	, 2 Live Crew: Move Somethin', 1988, Themselves, 
, 	, 2 Live Crew: Shake a Lil Somethin', 1996, Themselves, 
, 	, 2 Live Crew: The 2 Live Crew Mega Mix, 1992, Themselves, 
, 	, 2010 VH1 Hip Hop Honors: The Dirty South, 2010, Themselves - Honorees, ) (TV
, 	, Flo Rida Feat. Sage the Gemini and Lookas: G.D.F.R., 2014, Themselves, 
, 	, Luke Feat. 2 Live Crew: Do the Bart, 1990, Themselves, 
, 	, Psychopathic: The Videos, 2007," Themselves (segment ""Real underground baby"")", ) (V)  (archive footage) (uncredited
, 	, The New 2 Live Crew: Hell, Yeah, 1994, Themselves, 
, 	," ""And You Don't Stop: 30 Years of Hip-Hop""", 2004, Themselves, )  (archive footage
, 	," ""I Love the '90s: Part Deux""", 2005, , 
, 	," ""The Arsenio Hall Show""", 1989, Themselves, ) {(#2.6
, 	," ""The Phil Donahue Show""", 1967, Themselves, ) {(1990-01-23
, 2 Minutos," ""Duro de domar""", 2005, Themselves - Musical Guest, 
, 	," ""Pura Qu�mica""", 2010, Themselves - Musical Guest, ) {(2016-08-26






, 	, 2 Unlimited: Edge of Heaven, 1998, , 
, 	, 2 Unlimited: Get Ready for This, 1991, , 
, 	, 2 Unlimited: Jump for Joy, 1996, , 
, 	, 2 Unlimited: Maximum Overdrive, 1993, , 
, 	, 2 Unlimited: No Limit, 1993, , 
, 	, 2 Unlimited: No One, 1994, , 
, 	, 2 Unlimited: Spread Your Love, 1996, , 
, 	, 2 Unlimited: The Real Thing, 1994, , 
, 	, 2 Unlimited: Twilight Zone, 1992, , 
, 	, AVRO 85 jaar muziekinspiratie, 2008, Themselves, ) (V
, 	," ""Festival Internacional de la Canci�n de Vi�a del Mar""", 1963, Themselves - Performers, 


, 	, Trumac Graffiti, 2014, , 
2,  Hollywood," ""Horror Kung-Fu Theatre""", 1991, Guitar Player, 
, 	," ""Horror Kung-Fu Theatre""", 1991, Himself, 
, 	," ""Horror Kung-Fu Theatre""", 1991, Body Guard, 
2,  Mode, Just to Get a Rep, 2004, Himself, 
, 	, Writers: 20 ans de graffiti � Paris, 2004, , 
, 	," ""Art in the Streets""", 2011, Himself, 
, 2-4 Family," ""ZDF-Fernsehgarten""", 1986, Themselves, ) {(2006-08-20
, 2. Maanantai," ""Lista Top 40""", 1994, Themselves, ) {(#1.40
2.0,  Johnny, Neu Wave Hookers, 2006, Go-Go Boy, ) (V
, 20 Plus Dancers, Cold Side of the Pillow, 2017, Dancer, 
2000,  Atlantis, The Eurovision Song Contest, 1991, Themselves - German Entry: 18th Place, ) (TV
2000,  Ballett, Atemlos vor Liebe, 1970, Themselves, 
2000,  Bamboula," ""Treme""", 2010, Themselves, ) {Slip Away (#2.5
2000,  Spoiler," ""NWA Southwest Wrestling"" (1999)  [Himself", 1999, , 
2000,  Ultraman, Desperados del ring, Vol. 3, 2005, Himself, ) (V
, 2004 Olympic Water Polo Team, Beneath the Surface, 2015, Water polo players, /II
, 2004-2005 City Year New York Corps Members, City Year New York: Putting Idealism to Work, 2005, Themselves, 
, 2008 Olympic Water Polo Team, Beneath the Surface, 2015, Water polo players, /II
, 20Syl," ""Le grand journal de Canal+""", 2004, Himself, ) {(2015-04-17
, 	," ""Soul Power!""", 2013, Himself, DJ, C2C, ) {Soul Power! The Renaissance Years (#1.4
20th Century Steel Band,  The," ""Starparade""", 1968, Band, ) {(1976-01-10
21,  Proyecto, Gala FAO 1999, 1999, , 
, 22-20s," ""AV Squad""", 2003, Themselves, ) {I Thought It Was 32-20 (#5.6

, 	," ""Anna palaa""", 1983, Themselves, ) {(1985-02-25
, 	," ""Kosketuksessa""", 2007, Themselves - Performer, 
, 	," ""Y�linja""", 1987, Themselves, ) {(1988-10-12
, 23 Double, Why Not DC? One Nation Under a Groove, 2006, Himself, ) (V
, 23:45, Premiya Muz-TV 2010, 2010, Themselves - Nominee, ) (TV
, 	, Premiya Muz-TV 2012, 2012, Themselves, ) (TV)  (uncredited
, 	, Zolotoy grammofon 2010, 2010, Themselves - Awardee - with 5ivesta Family, ) (TV
, 24-Vii," ""Star Search""", 1983, Themselves - Young Dancer Semi Finalists, 

, 	, A Portrait of an Artist: The Making of 'Get Rich or Die Tryin', 2006, Himself, ) (V)  (as Marquise Jackson
, 25 Cent (II)," ""Howard Stern on Demand""", 2005, Himself, 





, 	, FNS 27HRS Television 26, 2012, Himself, ) (TV
, 	, Funny or Spank: Hotel for 24 Hours, 2009, Himself, ) (TV
, 	, Zettai ni waratte wa ikenai chiky� b�eigun 24 ji, 2013, Himself, ) (TV
, 	, Zettai ni waratte wa ikenai Nekketsu Ky�shi 24 ji, 2012, Himself, ) (TV
, 	, Zettai ni waratte wa ikenai: Daidatsugoku 24 ji, 2014, Himself, ) (TV
, 	," ""Ame Talk""", 2003, Himself, ) {(2010-01-07
, 	," ""Mecha mecha iketeru!""", 1996, Himself, 


, 	," ""Big Morning Buzz Live""", 2011, Themselves - Musical Guest, ) {Arnold Schwarzenegger/Johnny Knoxville/Shanola Hampton/Mike Shouhed/2Cellos (#7.2
, 	," ""Mezamashi terebi""", 1994, Themselves, ) {(2015-01-22
, 	," ""Sh�ichi""", 2011, Themselves, ) {(2015-01-25
, 	," ""The Best Hit USA""", 2003, Themselves, ) {(2015-01-27
, 	," ""The Tonight Show with Jay Leno""", 1992, Themselves - Musical Guest, ) {(#20.83
, 	," ""Today""", 1952, Themselves - Musical Guests, ) {(2017-02-27




, 	, 2000 MTV Video Music Awards, 2000, Themselves, ) (TV

, 	," ""Die gro�e Comedy Chance""", 2012, Themselves, ) {(#2.2
2K,  Charon, Zed, 2009, Zombie Chaser, 
, 2Kriss, Wizkid: Live in London, 2012, Himself, ) (TV
, 2Mex, Camjackers, 2006, , 
, 	, Sad Clown Bad Dub 4, 2003, Himself (Mixwell), ) (V
, 	, This Is the Life, 2008, , 

, 	, J5 Live Show, 2008, Himself, ) (V)  (as Charles Stewart
, 	, One for Ten, 2013, Himself, )  (voice) (as Charles Stewart
, 	, Rock the Bells, 2006, Himself - Jurassic 5, 
, 	, The Jurassic Period, 2008, Himself, ) (V)  (as Charles Stewart
, 	, This Is the Life, 2008, , 
, 	," ""The Late Late Show with Craig Ferguson""", 2005, Chali 2na - Musical Guest, ) {(#2.183)}  (as Jurassic 5
, 	," ""Ultimate MC""", 2011, , 
, 2nd Marine Division Band, Thunder in Carolina, 1960, Themselves, 
, 2nd To None, Hammer: 2 Legit 2 Quit, 1991, 2nd To None, ) (V
, 2Pm," ""Boss""", 2009, , 

, 	, Lacoma, 2009, 2raumwohnung, /I
, 	," ""Herman & Tietjen""", 1997, Themselves, ) {(2003-01-10
, 	," ""TV total""", 1999, Themselves, ) {(2005-06-21
, 2Shae (I)," ""Pimp My Ride"" (2004)  [Paint & Body - West Coast Customs", 2004, , 




, 	," ""American Experience""", 1988, Himself - Nation of Islam, ) {Malcolm X: Make It Plain (#6.5
, 2Zer," ""C � vous""", 2009, Himself, ) {(2016-09-02)}  (as S-Crew
, 	," ""Le grand journal de Canal+""", 2004, Himself, ) {(2016-09-06)}  (as S-Crew





, 	, 3 Doors Down: Away from the Sun, 2002, Themselves, ) (V
, 	, 3 Doors Down: Here Without You, 2003, , 
, 	, New Year's Rockin' Eve 2006, 2005, Themselves - Performers, ) (TV
, 	, Primetime New Year's Rockin' Eve 2004, 2003, Themselves, ) (TV
, 	, Super Bowl Saturday Night Special, 2005, Themselves - Performer, ) (TV
, 	, The 30th Annual American Music Awards, 2003, Themselves - Performers, ) (TV
, 	, TMF Awards 2004, 2004, Themselves - Performers, ) (TV
, 	," ""Carolina Rebellion""", 2016, , 
, 	," ""Experience Live at the Sky Church""", 2003, , 
, 	," ""Good Morning America""", 1975, Themselves - Musical Guests, ) {(2016-03-11
, 	," ""Late Night with Conan O'Brien""", 1993, Themselves - Musical Guest, ) {(#8.47
, 	," ""Late Show with David Letterman""", 1993, Themselves, ) {(2003-05-21
, 	," ""Legends & Lyrics""", 2009, Himself, 
, 	," ""The Tonight Show with Jay Leno""", 1992, Themselves - Musical Guest, ) {(#13.43
, 	," ""The Tonight Show with Jay Leno""", 1992, Themselves - Musical Guest, ) {(#8.192
, 	," ""The Tonight Show with Jay Leno""", 1992, Themselves - Musical Guest, ) {(#9.38


, 	," ""Aufdraht""", 2005, Themselves, ) {(2011-06-24)}  (archive footage
, 	," ""Mulatschag""", 2006, Themselves, ) {Freibier & Geschenke - Die traditionelle Mulatschag TV Weihnachtsfeier}  (archive footage



, 	," ""Narren nach Noten""", 1969, Themselves - Musician, ) {(1969-01-09
3 Motorellos,  Die, Die Todesarena, 1953, Themselves, 
, 3 Run Slovakia," ""Cesko Slovensko m� talent""", 2010, Themselves, ) {Divadlo IV (#1.4
3 Spitzbuben,  Die, Dornwittchen und Schneer�schen, 1970, S�nger, 
, 3 Steps Ahead, Thunderdome: A Decade, 2002, Himself, ) (V)  (archive footage

, 	, Dixieland Jamboree, 1946, Themselves, )  (archive footage
, 3 Winans Brothers," ""The Queen Latifah Show""", 2013, Themselves - Musical Guest," ) {Julianne Hough Sends Viral Sensation Lil London to ""Dancing with the Stars""/Train Performs/The Golden Sisters Go Wild (#2.51"
3 Zwidern,  Die," ""Feste der Volksmusik""", 1994, Themselves, ) {Das Herbstfest der Volksmusik (#1.57
, 	," ""Musikantenstadl""", 1981, Themselves, ) {(#1.143)}  (as Die 3 Z'widern

, 	," ""Maurizio Costanzo Show""", 1982, Themselves, ) {(1993-12-02
, 	," ""Maurizio Costanzo Show""", 1982, Themselves, ) {(1993-12-29


, 	," ""Vive el verano""", 1999, , 
3,  Utai," ""The X Factor""", 2005, Themselves - Auditionee, ) {Audition 3 (#3.3
, 3-Berg Kraxler," ""Die gro�e Chance""", 2011, Themselves, ) {(#3.4


, 	," ""Die gro�e Show der Sieger""", 2000, Themselves, ) {(#1.7
, 3/4 Musi," ""Klingendes �sterreich""", 1986, Themselves, ) {�sterreichs edler Norden - Im Waldviertel (#1.144
, 30 Seconds to Mars, 2007 MTV Los Premios, 2007, Themselves - Performer, ) (TV
, 	, 2017 MTV Video Music Awards, 2017, Performer, ) (TV
, 	, All That Rocks, 2006, Themselves - Performers, ) (TV
, 	, Fuse Fangoria Chainsaw Awards, 2006, Themselves - Performers, ) (TV
, 	, IHeartRadio Music Awards, 2014, Themselves, ) (TV
, 	, MTV Europe Music Awards 2008, 2008, Themselves - Hosts of the VIP Bar, ) (TV
, 	, MTV Video Music Awards 2011 Pre-Show, 2011, Themselves, ) (TV
, 	, Vyrt: 30 Seconds to Mars Carnivores Tour Concert at Hollywood Bowl, 2014, Themselves, ) (TV
, 	," ""Boogie""", 2002, Themselves, ) {(2009-12-11
, 	," ""Conan""", 2010, Themselves - Musical Guest, ) {The Completely Flat Man... In 3-D!!! (#3.91
, 	," ""E! Live from the Red Carpet""", 1995, Themselves, 
, 	," ""Ellen: The Ellen DeGeneres Show""", 2003, Themselves, ) {Matt LeBlanc/Jared Leto/30 Seconds to Mars (#11.86
, 	," ""In Sixty""", 2011, Guest, 
, 	," ""Jimmy Kimmel Live!""", 2003, Themselves - Musical Guest, ) {(#10.390
, 	," ""Last Call with Carson Daly""", 2002, Themselves - Musical Guest, ) {(2006-07-07
, 	," ""Late Show with David Letterman""", 1993, Themselves, ) {(2005-08-31
, 	," ""Mulatschag""", 2006, Themselves, ) {(#1.185)}  (also archive footage
, 	," ""Rage""", 1987, Themselves, 
, 	," ""SesioneS con Alejandro Franco""", 2007, Themselves - Performer, 
, 	," ""Suck My Pop""", 2010, Themselves, ) {(#1.5
, 	," ""The Late Late Show with Craig Ferguson""", 2005, Themselves - Musical Guest, ) {(#2.9
, 	," ""The Tonight Show with Jay Leno""", 1992, Themselves, ) {(#11.7
, 	," ""The Tonight Show with Jay Leno""", 1992, Themselves - Musical Guest, ) {You Make the Call (#14.161
, 	," ""Vecherniy Urgant""", 2012, Themselves, ) {(#7.24
, 	," ""Video on Trial""", 2005, Themselves, ) {(#2.18)}  (archive footage
3000 Boys' Choir,  The, The Immortal City, 1954, Themselves, 
3000,  Indie, Truffles for Mrs. Lovejoy, 2000, Himself, 
, 31," ""Talking Telephone Numbers""", 1994, Themselves- US band, ) {(#3.12
, 31 Minutos," ""Festival Internacional de la Canci�n de Vi�a del Mar""", 1963, Themselves - Performer, 
31,  Articolo, L'erba proibita, 2002, , 
, 	, MTV Day 2002, 2002, Himself, ) (TV)  (performers
, 311," ""Jimmy Kimmel Live!""", 2003, Themselves - Musical Guest, ) {(#3.112
, 	," ""Late Show with David Letterman""", 1993, Themselves - Musical Guest, ) {(1996-09-13
, 	," ""The Tonight Show with Jay Leno""", 1992, Themselves - Musical Guest, ) {(#12.101
32,  M., Grandmother Firefighter Kills Anyone Who Masturbates, 2006, Friend, 
, 321st National Military Drill Team," ""The Steve Allen Show""", 1956, Themselves, ) {(#1.6
, 33 1/3, Boardinghouse, 1982, The Band, 
, 360," ""RapFix Live""", 2010, Himself, ) {J. Cole, Waka Flocka Flame, Chance the Rapper (#4.17
360,  Gensan," ""Pilipinas Got Talent""", 2010, Themselves - Auditionee, ) {Audition Day 12 (#2.12
360,  Mike," ""Def Poetry""", 2002, Himself, ) {(#3.4
39 Steps,  The, Hannah and Her Sisters, 1986, Rock Band, 
, 3Dayz Whizkey," ""Vereinsheim Schwabing""", 2012, Themselves, ) {(#1.35




, 	, 2010 MTV Video Music Awards, 2010, Themselves - Nominee, ) (TV)  (archive footage
, 	, 3OH!3: Starstrukk, Web Version, 2009, Themselves, ) (V
, 	, MTV Video Music Brasil 2010, 2010, Themselves - Presenters, ) (TV
, 	, The 84th Annual Hollywood Christmas Parade, 2015, Themselves, ) (TV
, 	," ""Celebs React""", 2016, Themself, ) {Visionaries and More (#1.7
, 	," ""Playboy's Beach House""", 2010, Themselves, ) {(#1.3
, 	," ""The Tonight Show with Jay Leno""", 1992, Themselves - Musical Guest, ) {(#18.91
, 3Punkt5, �sterreich rockt den Song Contest, 2012, Themselves - Contestants, ) (TV
3rd Bananas,  The," ""The Tim Conway Comedy Hour""", 1970, , 
3rd Baron Fermor-Hesketh,  Thomas Alexander," ""V.I.P.-Schaukel""", 1971, Himself, ) {(#8.1
, 3rd Degree, Christafari feat. Makamae Auwae: Angels We Have Heard on High, 2014, LA Dad, ) (V
, 3rd Rail, Wrastlin', 2006, Himself, ) (TV
, 3rd Storee, Honey, 2003, Themselves, 
, 	," ""The Proud Family""", 2001, , 
, 3rdeyegirl," ""Saturday Night Live""", 1975, Themselves - Musical Guest, ) {Chris Rock/Prince (#40.5)}  (uncredited
, 3T, 3T Feat. Michael Jackson: Why, 1996, , 
, 	, Smash Hits Poll Winners Party 1996, 1996, Themselves - Performers, ) (TV
, 	," ""La m�thode Cauet""", 2003, Themselves, ) {(2003-09-18
, 	," ""The Big Reunion""", 2013, Themselves, ) {(#2.1
, 	," ""The Big Reunion""", 2013, Themselves, ) {(#2.3
, 	," ""The Big Reunion""", 2013, Themselves, ) {(#2.8
, 	," ""Top of the Pops 2""", 1994, Themselves, ) {(1996-01-27)}  (archive footage
, 	," ""Top of the Pops""", 1964, Themselves, ) {(1996-12-25
, 4 al Hilo," ""Duro de domar""", 2005, Themselves - Musical Guest, ) {Jey Mammon/4 al Hilo & Cuino Scornik (#9.89
, 4 Bedinis," ""1:0 f�r Sie""", 1954, Themselves, ) {(#1.28
, 4 by Four," ""Soul Train""", 1971, Themselves - Musical Guest, ) {The Whispers/4 by Four/Carrie McDowell (#16.31
, 4 Cats, Asad wa arbaa qutat, 2007, Themselves, 
, 4 Elements," ""Die gro�e Chance""", 2011, Themselves, ) {(#1.3
, 4 Fun, The Eurovision Song Contest, 2007, Themselves - Lithuanian Entry, ) (TV
4 Holterbuam,  Die," ""Grand Prix der Volksmusik""", 1986, Themselves, ) {Grand Prix der Volksmusik 2008}  (as 4 Holterbuam & Die Mayrhofner
4 Mont-R�al,  Les, La tourn�e des grands Ducs, 1953, , 
, 4 Out of 5 Doctors, The House on Sorority Row, 1983, The Band, 
, 4 Real," ""The X Factor""", 2004, Themselves - Contestant, ) {Bootcamp 1 (#8.8
, 4 Sound," ""Extra Factor""", 2008, Themselves - Performers, 
, 	," ""X Factor""", 2008, Themselves - Performers, /II) {(#1.13
, 	," ""X Factor""", 2008, Themselves - Performers, /II) {(#1.3



, 	," ""La columna""", 2000, Themselves, ) {(2001-01-08
4,  Joey," ""The Peter Austin Noto Show""", 2012, Himself, ) {(#1.22
, 	," ""The Peter Austin Noto Show""", 2012, Himself, ) {(#1.24
, 	," ""The Peter Austin Noto Show""", 2012, Himself, ) {(#2.2



, 	," ""Democracy Now!""", 2001, Himself, ) {(2008-09-01
, 4-Klang," ""Klingendes �sterreich""", 1986, Themselves, ) {Kaiser-Land - Von Leogang bis Kufstein (#1.149

, 	, Girls Gone Wild: Doggy Style, 2002, Himself, ) (V
, 	, Rappin' 4-Tay Feat. The Spinners: I'll Be Around, 1995, Rappin' 4-Tay, ) (V
, 	, Tupac: Resurrection, 2003, Himself, )  (archive footage
, 	," ""MADtv""", 1995, Himself, ) {(#5.12
, 4-Zone, The Beat, 2003, Himself, 
, 4/19 Pwlh Band," ""Anzacs""", 1985, Pompey Elliott's Band, ) {Fields of Fire (#1.4
, 40 Cal, Killa Season, 2006, 40, ) (V


, 	, Book of Love: The Definitive Reason Why Men Are Dogs, 2002, Entourage Leader, 
, 	, Number One with a Bullet, 2008, Himself, 
, 	, Rhyme and Punishment, 2011, Himself, 
, 	, The Second Half, 2009, Tre, 
, 	, Who's Making Tha Rules, 2005, Rapper, 



, 	," ""Late Show with David Letterman""", 1993, Themselves - Musical Guest, ) {(#20.56

, 	," ""Ministry of Mayhem""", 2004, Themselves, ) {(2004-08-21
, 	," ""T4""", 2001, Themselves, ) {(2004-07-18
, 	," ""Top of the Pops""", 1964, Themselves, ) {(2004-09-03
41st Sakya Trizen,  His Holiness the, Through the Eastern Gate, 2007, , 
, 454 Big Block, Boston Beatdown: See the World Through Our Eyes - Volume II, 2004, Themselves, ) (V

, 	," ""Toast of the Town""", 1948, , 
4D Jones,  The, Kes, 1969, , 
, 4Gami," ""Oh Happy Day""", 2013, Themselves - Contestants, ) {(#4.13
, 	," ""Oh Happy Day""", 2013, Themselves - Contestants, ) {(#4.4
, 4Given," ""Mixx Master's Lounge""", 2002, Host, 
, 4Granted," ""Life4You""", 2009, Themselves, ) {(#1.33




, 	," ""The X Factor""", 2011, Themselves - Contestant, ) {Boot Camp #1 (#1.5
, 	," ""The X Factor""", 2011, Themselves - Contestant, ) {Judges' Home #1 (#1.7

, 	," ""The X Factor""", 2004, Themselves - Contestants, ) {Bootcamp 2 (#3.8
, 	," ""The X Factor""", 2004, Themselves - Contestants, ) {Judges' Houses 2 (#3.10
, 4Tet, Svetlo pro Svetlusku, 2011, Themselves, ) (TV
, 4th Ba5e," ""The Sharon Osbourne Show""", 2006, Themselves, ) {(#1.25
, 	," ""The X Factor""", 2004, Themselves - Contestants, ) {Bootcamp 1 (#1.6
, 	," ""The X Factor""", 2004, Themselves - Contestants, ) {Judges' Houses 1 (#2.9
, 	," ""The Xtra Factor""", 2004, Themselves, ) {(#3.7
, 4th Imagen, Hip Hop: The New World Order, 2000, Themselves, ) (V
4th U.S. Artillery Regimental Brass Band,  The," ""Arena""", 1975, , 
, 4tissimo," ""Klingendes �sterreich""", 1986, Themselves, ) {Land des einsamen Riesen - Im Gail - und Gitschtal in K�rnten (#1.184
, 4Tune, The X Factor: One Year On, 2006, Themselves, ) (TV
, 	," ""The X Factor""", 2004, Themselves - Auditionees, ) {Auditions 2 (#2.2
, 	," ""The X Factor""", 2004, Themselves - Contestants, ) {Bootcamp 1 (#2.7
, 	," ""The X Factor""", 2004, Themselves - Contestants, ) {Judges' Houses (#1.8
, 	," ""The X Factor""", 2004, Themselves - Contestants, ) {Judges' Houses 2 (#2.10
, 	," ""The X Factor""", 2004, Themselves - Contestants, ) {Live Results Show 2 (#2.14
, 	," ""The X Factor""", 2004, Themselves - Contestants, ) {Live Show 2 (#2.13

, 	, Wilfried Scheutz: Antiheld, 2015, Themselves, )  (archive footage

, 	," ""Good Morning Britain""", 2014, Themselves, ) {(2016-12-12)}  (archive footage
, 	," ""The X Factor""", 2004, Themselves - Aged 20-23, ) {Bootcamp 1 (#13.8)}  (as 5 AM
, 	," ""The X Factor""", 2004, Themselves, ) {Live Results Show 2 (#13.16
, 	," ""The X Factor""", 2004, Themselves, ) {Live Results Show 5 (#13.22
, 	," ""The X Factor""", 2004, Themselves, ) {Live Results Show 8 (#13.28
, 	," ""The X Factor""", 2004, Themselves, ) {Live Show 2: Motown Week (#13.15
, 	," ""The X Factor""", 2004, Themselves, ) {Live Show 4: Fright Night Week (#13.19
, 	," ""The X Factor""", 2004, Themselves, ) {Live Show 6: Disco Week (#13.23
, 	," ""The X Factor""", 2004, Themselves, ) {Live Show 8: Louis Loves Week (#13.27
, 5 Amigos," ""Variedades de media noche""", 1977, Musical group, ) {Otro del Piruli (#1.38
, 5 Angels," ""Fb5""", 2011, Themselves, ) {(#1.13)}  (as 5angels
, 	," ""Inbox""", 2005, Themselves, 
, 	," ""X Factor""", 2008, Themselves, /III) {Velk� fin�le (#1.28
, 5 Artonis, Schatten der Manege, 1931, Themselves - Artists, 
, 5 Asternovas, Noi duri, 1960, Police Officers disguised as Musicians, 
, 5 Belcantos, Gro�reinemachen, 1935, Gesangsgruppe, 
5 Browns,  The, The 5 Browns: Live in Concert, 2010, Themselves, 
, 	," ""The Tonight Show with Jay Leno""", 1992, Themselves - Musical Guest, ) {(#13.27
, 	," ""The View""", 1997, Themselves, ) {(2006-03-13




, 	," ""Willkommen �sterreich""", 2007, Themselves, ) {(#1.18

, 	," ""Video Knock Out""", 2012, Himself - Guest, ) {Chronicle Effects (#1.18
, 	," ""Video Knock Out""", 2012, Himself - guest, ) {Reflect (#1.16


, 	, 2014 MTV Video Music Awards, 2014, Themselves - Nominee/Performer, ) (TV
, 	, 5 Seconds of Summer: Hey Everybody!, 2015, Themselves, ) (V
, 	, 5 Seconds of Summer: She Looks So Perfect, 2014, Themselves, ) (V
, 	, American Music Awards 2014, 2014, Themselves - Performers, ) (TV
, 	, BBC Radio 1 Teen Awards 2015, 2015, Themselves - Performers, ) (TV
, 	, IHeartRadio Music Awards, 2015, Themselves, ) (TV
, 	, Paparazzi X-Posed, 2015, Themselves, ) {{SUSPENDED}}  (archive footage
, 	, Teen Choice Awards 2014, 2014, Themselves (via satellite), ) (TV
, 	," ""Alan Carr: Chatty Man""", 2009, Themselves - Performers, ) {(#15.5
, 	," ""Conan""", 2010, Themselves - Musical Guest, ) {Martin Short/Lauren Ash/5 Seconds of Summer (#6.21
, 	," ""Ellen: The Ellen DeGeneres Show""", 2003, Themselves - Musical Guests, ) {Oprah Winfrey/5 Seconds of Summer (#13.34
, 	," ""Entertainment Tonight""", 1981, Themselves, ) {(2014-07-26
, 	," ""Entertainment Tonight""", 1981, Themselves, ) {(2015-08-18
, 	," ""Follow Me""", 2015, Themselves - Performers, /III) {2014 MTV VMAs - 1iota Fan Reporters report on 5SOS, Beyonc�, Iggy & more! (#1.1
, 	," ""Good Morning America""", 1975, Themselves - Musical Guests, ) {(2014-09-30
, 	," ""Good Morning America""", 1975, Themselves - Musical Guests, ) {(2015-08-21
, 	," ""Jimmy Kimmel Live!""", 2003, Themselves - Musical Guest, ) {Justin Theroux/Angie Harmon/5 Seconds of Summer (#12.99
, 	," ""Radio 1's Big Weekend Norwich 2015""", 2015, Themselves - Performers, ) {5 Seconds of Summer & Hozier (#1.1
, 	," ""Radio 1's Big Weekend Norwich 2015""", 2015, Themselves - Performers, ) {Taylor Swift & George Ezra (#1.24)}  (archive footage
, 	," ""Sunday Brunch""", 2012, Themselves - Guests, ) {(#1.115
, 	," ""The Best Hit USA""", 2003, Themselves, ) {(2015-03-17
, 	," ""The Late Late Show with James Corden""", 2015, Themselves - Musical Guests, ) {Eva Longoria/Tom Ellis/5 Seconds of Summer (#2.70
, 	," ""The Tonight Show Starring Jimmy Fallon""", 2014, Themselves - Musical Guest, ) {Derek Jeter/James Marsden/5 Seconds of Summer (#2.23
, 	," ""Today""", 1952, Himself - Musical Guests, ) {(2014-07-22








, 	, Rock 'n Tokyo, 2007, Themselves, 

, 	, Austropop-Legenden Live: Die besten Duette, 2016, Themselves, ) (TV)  (archive footage
, 	," ""Aufdraht""", 2005, Themselves, ) {(2011-05-28)}  (archive footage
, 	," ""Aufdraht""", 2005, Themselves, ) {(2012-03-30
, 	," ""Austropop-Legenden""", 2012, Themselves, ) {Marianne Mendt (#3.4)}  (archive footage
, 	," ""Heimatsound""", 2012, Themselves, ) {(#1.1
, 	," ""PraterSterne""", 2017, Themselves, ) {(#1.11
, 	," ""Weltber�hmt in �sterreich - 50 Jahre Austropop""", 2006, Themselves, ) {Die Wachabl�se? (#3.1)}  (archive footage


, 	, 13, 2010, Jimmy, /I)  (as Curtis Jackson
, 	, 2003 MTV Video Music Awards, 2003, Himself - Performer, ) (TV
, 	, 2005 MTV Video Music Awards, 2005, Himself - Performer, ) (TV
, 	, 2007 MTV Video Music Awards, 2007, Himself, ) (TV
, 	, 2009 MTV Los Premios, 2009, Himself - Performer, ) (TV
, 	, 2012 BET Hip Hop Awards, 2012, Himself, ) (TV
, 	, 2015 Billboard Music Awards, 2015, Himself - Presenter, ) (TV
, 	, 50 Cent feat. Chris Brown: No Romeo No Juliet, 2016, Himself, 
, 	, 50 Cent Talks Kendrick 'Control' Verse + Kidd Kidd w/ Hot 97, 2013, Himself, ) (V
, 	, 50 Cent: Blood on the Sand, 2009, Himself, ) (VG)  (voice
, 	, 50 Cent: Bulletproof - Inside the Hood, 2005, Himself, ) (TV
, 	, 50 Cent: Refuse 2 Die, 2005, Himself, ) (V)  (archive footage
, 	, 50 Cent: The New Breed, 2003, Himself, ) (V
, 	, A Portrait of an Artist: The Making of 'Get Rich or Die Tryin', 2006, Himself, ) (V
, 	, Aruba International Film Festival, 2011, Himself, 
, 	, Beef, 2003, Himself - Shady/Aftermath Recording Artist, 
, 	, Beef III, 2005, Himself, ) (V)  (archive footage
, 	, Behind the Scenes: World Music Awards 2007, 2007, Himself, ) (TV
, 	, BET Source Hip Hop Awards, 2004, Himself, ) (TV
, 	, Blood Out, 2011, Detective Hardwick, ) (V)  (as Curtis '50 Cent' Jackson
, 	, Brain Fart, 2005, Himself, ) (TV
, 	, Call of Duty: Modern Warfare 2, 2009, Navy SEAL Commander, ) (VG)  (voice) (as Curtis Jackson
, 	, Champs, 2014, Himself, )  (as Curtis Jackson
, 	, Dead Man Running, 2009, Thigo, )  (as Curtis Jackson
, 	, E! Buzz with Carla B, 2011, Himself - Guest, 
, 	, Eminem Feat. Dr. Dre & 50 Cent: Crack a Bottle, 2009, Himself, ) (V
, 	, Eminem: Sing for the Moment, 2003, Himself, ) (V
, 	, Escape Plan, 2013, Hush, )  (as Curtis '50 Cent' Jackson
, 	, Escape Plan: Clash of the Titans, 2014, Himself, ) (V
, 	, Fire with Fire, 2012, Lamar, /II)  (as Curtis Jackson
, 	, Freelancers, 2012, Malo, )  (as Curtis '50 Cent' Jackson
, 	, Get Rich or Die Tryin', 2005, Marcus, )  (as Curtis '50 Cent' Jackson
, 	, Gun, 2010, Rich, )  (as Curtis Jackson
, 	, Hip Hop Uncensored Vol. 5: The Greatest Shows on Earth, 2003, Himself, ) (V
, 	, How to Make Money Selling Drugs, 2012, Himself, 
, 	, Jekyll and Hyde, 2010, , 
, 	, Last Vegas, 2013, Himself, )  (as Curtis Jackson
, 	, Limelight, 2011, Himself, )  (archive footage
, 	, Lockdown, USA, 2006, Himself, 
, 	, Money, Power, Respect: Hip Hop Billion Dollar Industry, 2012, Himself, 
, 	, MTV Bash: Carson Daly, 2003, Himself, ) (TV
, 	, MTV Europe Music Awards 2002, 2002, Himself, ) (TV)  (uncredited
, 	, MTV Movie Awards 2005 Pre-Show, 2005, Himself, ) (TV
, 	, MTV Video Music Awards Opening Act, 2003, Himself, ) (TV
, 	, MySpace Live: 50 Cent at the Hammerstein Ballroom, 2007, Himself, ) (TV
, 	, Nicole Scherzinger Feat. 50 Cent: Right There, 2011, Himself, ) (V
, 	, Notarized: Year End Video Countdown, 2004, Himself, ) (TV
, 	, Popstar: Never Stop Never Stopping, 2016, 50 Cent, 
, 	, Rap Therapy, 2009, Himself, 
, 	, Righteous Kill - The Investigation: An In-Depth Look at 'Righteous Kill', 2009, Himself, ) (V)  (as Curtis Jackson
, 	, Setup, 2011, Sonny, /I)  (as Curtis '50 Cent' Jackson
, 	, Southpaw: Inside the Ring, 2015, Himself, ) (V
, 	, Stars on Trial, 2005, Himself - Accused, ) (TV)  (archive footage) (uncredited
, 	, SXSW Flashback 2013, 2013, Himself, ) (TV
, 	, The 2007 World Music Awards, 2007, Himself, ) (TV
, 	, The 40th Anniversary American Music Awards, 2012, Himself, ) (TV
, 	, The 6th Annual CNN Heroes: An All-Star Tribute, 2012, Himself - Presenter, ) (TV
, 	, The Best of: BlacksInActionTV.Com, 2010, Himself, 
, 	, The Come Up, 2006, Publicity Hater, ) (V
, 	, The Duchess in Hull, 2008, Himself, ) (TV
, 	, The Frozen Ground, 2013, Pimp Clate Johnson, )  (as Curtis Jackson
, 	, The Infamous Times, Volume I: The Original 50 Cent, 2005, Interview, ) (V
, 	, The Prince, 2014, The Pharmacy, /I
, 	, The Simpsons: Celebrity Friends, 2010, Himself, ) (TV)  (voice) (archive footage) (uncredited
, 	, The World Awaits: De La Hoya vs. Mayweather, 2007, Himself, ) (TV
, 	, Twelve, 2010, Lionel, )  (as Curtis Jackson
, 	, Vibe Awards, 2003, Himself, ) (TV
, 	, Zulu Rocks - R�d l�ber, 2007, Himself, ) (TV
, 	," ""106 & Park Top 10 Live""", 2000, Himself, ) {(2005-03-03
, 	," ""106 & Park Top 10 Live""", 2000, Himself, 
, 	," ""106 & Park Top 10 Live""", 2000, Himself - Guest, 
, 	," ""50 Cent: The Money and the Power""", 2008, Himself, ) {Choose Your Crew Wisely (#1.1
, 	," ""Access Granted""", 2000, Himself, 
, 	," ""Access Granted""", 2000, Himself, 
, 	," ""Access Hollywood Live""", 2010, Himself, ) {(2016-08-30
, 	," ""Amazon Fishbowl with Bill Maher""", 2006, Himself, ) {(#1.13
, 	," ""And You Don't Stop: 30 Years of Hip-Hop""", 2004, Himself, 
, 	," ""Artsnight""", 2015, , 
, 	," ""Breaking News med Filip och Fredrik""", 2011, Himself - Guest, ) {50 Cent och Edward Blom live fr�n Kina (#2.7
, 	," ""CD:UK""", 1998, Himself, ) {(2005-04-02
, 	," ""CD:UK""", 1998, Himself, ) {(2005-10-22
, 	," ""Check It Out! Video""", 2009, Himself - Guest, ) {50-Cent (#2.5
, 	," ""Chelsea Lately""", 2007, Himself - Guest, 'Katie', ) {(#7.9)}  (archive footage
, 	," ""Chelsea Lately""", 2007, Himself - Performer, ) {Live Finale (#8.129
, 	," ""Click Online""", 2000, Himself, ) {(2013-01-12
, 	," ""Conan""", 2010, Himself - Guest, ) {Curtis '50 Cent' Jackson/Annie Mumolo/Gary Gulman (#6.110)}  (as Curtis '50 Cent' Jackson
, 	," ""Conan""", 2010," Curtis '50 Cent' Jackson (segment ""Young Han Solo Audition"")", ) {The Cast of Suicide Squad (#6.114
, 	," ""Cribs""", 2000, Himself, ) {Retro Cribs (#12.1
, 	," ""Diary""", 2000, , 
, 	," ""DMA04 News""", 2004, Himself, ) {�rets nye udenlanske navn (#1.6
, 	," ""Dream Machines""", 2012, Himself, ) {50 Cent's Jet Car (#1.1
, 	," ""Dream School""", 2013, Himself - Student Mentor/Multi-Platinum Award Winning Recording Artist & Entrepreneur, ) {(#2.6
, 	," ""E! Live from the Red Carpet""", 1995, Himself, 
, 	," ""Efter Tio""", 2006, Himself, ) {(2012-09-17
, 	," ""Entertainment Tonight""", 1981, Himself, ) {(2015-07-14)}  (archive footage
, 	," ""Entourage""", 2004, 50 Cent, ) {One Car, Two Car, Red Car, Blue Car (#6.3
, 	," ""ESPN Friday Night Fights""", 1998, Himself - Audience Member, ) {(2012-12-06
, 	," ""Film '72""", 1971, Himself, ) {(2006-01-16)}  (as Curtis '50 Cent' Jackson
, 	," ""Friday Night with Jonathan Ross""", 2001, Himself, ) {(#17.8
, 	," ""Funk Flex Full Throttle""", 2011, , 
, 	," ""GGN: Snoop Dogg's Double G News Network""", 2011, Himself, ) {G-G-G-G-G-G-GGN-UnIT (#5.98
, 	," ""Good Morning America""", 1975, Himself - Guest, ) {(2015-06-02
, 	," ""Good Morning America""", 1975, Himself, ) {(2016-07-05)}  (as Curtis '50 Cent' Jackson
, 	," ""Good Morning America""", 1975, Himself, ) {(2017-08-29
, 	," ""HBO World Championship Boxing""", 1973, Himself - Audience Member, ) {(2011-04-16
, 	," ""Howard Stern on Demand""", 2005, Himself, 
, 	," ""Howard Stern on Demand""", 2005, Himself, ) {Best of 01/02-01/04, 2007}  (archive footage
, 	," ""Howard Stern""", 1994, Himself, ) {(2003-12-04
, 	," ""Interscope Presents 'The Next Episode'""", 2003, Himself, 
, 	," ""Jimmy Kimmel Live!""", 2003, Himself, ) {(#10.338
, 	," ""Jimmy Kimmel Live!""", 2003, Himself, ) {(#4.140
, 	," ""Jimmy Kimmel Live!""", 2003, Himself, ) {(#5.48
, 	," ""Jimmy Kimmel Live!""", 2003, Himself, ) {(#6.20
, 	," ""Jimmy Kimmel Live!""", 2003, Himself/Malefiftycent, ) {50 Cent/Jenny Slate/OneRepublic (#12.81
, 	," ""Jimmy Kimmel Live!""", 2003, Himself, ) {Curtis Jackson/Wagner Moura/The Kongos/Robert Randolph (#14.115)}  (as Curtis '50 Cent' Jackson
, 	," ""Katie""", 2012, Himself - Guest, ) {(#1.79
, 	," ""Larry King Now""", 2012, Himself, ) {50 Cent on Legal Woes, 'Southpaw' & Floyd Mayweather (#4.1
, 	," ""Last Call with Carson Daly""", 2002, Himself, ) {(2006-12-19
, 	," ""Late Night with Conan O'Brien""", 1993, Himself, ) {(#14.60
, 	," ""Late Night with Jimmy Fallon""", 2009, Himself, ) {(#1.160
, 	," ""Late Night with Seth Meyers""", 2014, Himself," ) {Curtis ""50 Cent"" Jackson/Katy Tur/K. Flay (#4.42)}  (as Curtis '50 Cent' Jackson"
, 	," ""Late Show with David Letterman""", 1993, Himself - Musical Guest, ) {(#15.25
, 	," ""Le grand journal de Canal+""", 2004, Himself, ) {(2005-12-07
, 	," ""Le grand journal de Canal+""", 2004, Himself, ) {(2009-11-27
, 	," ""Live with Regis and Kathie Lee""", 1988, Himself, ) {(2005-11-08)}  (as Curtis '50 Cent' Jackson
, 	," ""Live with Regis and Kathie Lee""", 1988, Himself," ) {Curtis ""50 Cent"" Jackson/Ali Wentworth (#27.202)}  (as Curtis '50 Cent' Jackson"
, 	," ""Live with Regis and Kathie Lee""", 1988, Himself - Guest, ) {Guest Co-Host Jim Parsons/Curtis '50 Cent' Jackson/Julia Stiles (#28.216)}  (as Curtis '50 Cent' Jackson
, 	," ""Live with Regis and Kathie Lee""", 1988, Himself, ) {Sandra Bullock/50 Cent}  (as Curtis '50 Cent' Jackson
, 	," ""Lopez Tonight""", 2009, Himself, ) {(2011-02-08
, 	," ""Morning Glory""", 2006, Himself, ) {(#1.10
, 	," ""Ok! TV""", 2013, Himself, ) {(#2.212
, 	," ""Ok! TV""", 2013, Himself, ) {(#2.232
, 	," ""Oprah's Next Chapter""", 2012, Himself, ) {Paris Jackson & 50 Cent (#1.23
, 	," ""Party Monsters: Cabo""", 2008, Himself, ) {50 Cent (#1.6
, 	," ""Piers Morgan Tonight""", 2011, Himself, ) {(2011-10-31
, 	," ""Planet Voice""", 2004, Himself, 
, 	," ""Power""", 2014, Kanan, /I) {Best Laid Plans (#1.8)}  (as Curtis '50 Cent' Jackson
, 	," ""Power""", 2014, Kanan, /I) {Consequences (#2.1
, 	," ""Power""", 2014, Kanan, /I) {Don't Thank Me (#4.5
, 	," ""Power""", 2014, Kanan, /I) {Ghost Is Dead (#2.10
, 	," ""Power""", 2014, Kanan, /I) {I Call the Shots (#3.9
, 	," ""Power""", 2014, Kanan, /I) {In My Best Interest (#3.10)}  (as Curtis '50 Cent' Jackson
, 	," ""Power""", 2014, Kanan, /I) {It's Never Over (#3.2)}  (credit only) (as Curtis '50 Cent' Jackson
, 	," ""Power""", 2014, Kanan, /I) {Loyalty (#1.7)}  (as Curtis '50 Cent' Jackson
, 	," ""Power""", 2014, Kanan, /I) {No Friends on the Street (#2.2)}  (as Curtis '50 Cent' Jackson
, 	," ""Power""", 2014, Kanan, /I) {That Ain't Me (#4.9)}  (as Curtis '50 Cent' Jackson
, 	," ""Power""", 2014, Kanan, /I) {The Right Decision (#3.6
, 	," ""Power""", 2014, Kanan, /I) {This Is Real (#1.3)}  (as Curtis '50 Cent' Jackson
, 	," ""Power""", 2014, Kanan, /I) {Time's Up (#2.9)}  (as Curtis '50 Cent' Jackson
, 	," ""Power""", 2014, Kanan, /I) {We're in This Together (#4.4)}  (as Curtis '50 Cent' Jackson
, 	," ""Power""", 2014, Kanan, /I) {Who You With? (#1.6)}  (as Curtis '50 Cent' Jackson
, 	," ""Power""", 2014, Kanan, /I) {You Lied to My Face (#4.7)}  (credit only
, 	," ""Quelli che... il calcio""", 1993, Himself - Performer, ) {(#17.16)}  (archive footage
, 	," ""Rachael Ray""", 2006, Himself, 
, 	," ""Rachael Ray""", 2006, Himself," ) {Curtis ""50 Cent"" Jackson Is in the House Today -- And Even Though He's a Superstar", He's Revealing Which Celeb Made Him Starstruck! (#10.95
, 	," ""Robot Chicken""", 2001, 50 Cent/Gun, ) {Eaten by Cats (#6.16)}  (voice
, 	," ""Saturday Night Live""", 1975, Himself - Musical Guest, ) {Hilary Swank/50 Cent (#30.13
, 	," ""Sen kv�ll med Luuk""", 1996, Himself, ) {(#12.1
, 	," ""SexTV""", 1998, Himself, ) {The Boy Code... Forming Masculinity/The Descent of Men (#6.3)}  (archive footage
, 	," ""Sidewalks Entertainment""", 1988, Himself - Guest, ) {Omari and 50 Cent Return (#27.67
, 	," ""T4""", 2001, Himself, ) {(2004-02-29
, 	," ""Talk Stoop with Cat Greenleaf""", 2009, Himself, ) {Spirit Animals (#9.25
, 	," ""The Daily Show""", 1996, Himself," ) {Curtis ""50 Cent"" Jackson (#22.130)}  (as Curtis '50 Cent' Jackson"
, 	," ""The Finder""", 2012, Big Glade, ) {Life After Death (#1.8)}  (as Curtis '50 Cent' Jackson
, 	," ""The Graham Norton Show""", 2007, Himself, ) {(#6.12)}  (archive footage
, 	," ""The Hour""", 2004, Himself, ) {New Year's Special (#7.69)}  (archive footage) (uncredited
, 	," ""The Insider""", 2004, Himself, ) {(2014-06-06
, 	," ""The Late Late Show with Craig Ferguson""", 2005, Himself, ) {(#4.187
, 	," ""The Life & Rhymes of...""", 2005, Himself, 
, 	," ""The Meredith Vieira Show""", 2014, Himself, ) {What's Hot Now!/Rapper 50 Cent/10-Year-Old Shark Attack Survivor (#2.3
, 	," ""The O'Reilly Factor""", 1996," Himself - 'Pinhead' (segment ""Pinheads & Patriots"")", ) {(2008-02-04)}  (archive footage
, 	," ""The O'Reilly Factor""", 1996," Himself - 'Pinhead' (segment ""Pinheads & Patriots"")", ) {(2008-02-11)}  (archive footage
, 	," ""The O'Reilly Factor""", 1996, Himself, ) {(2008-04-03)}  (archive footage
, 	," ""The Talk""", 2010, Himself - Guest, ) {50 Cent/Nischelle Turner/Pastry Chef Mariah Swan (#5.210
, 	," ""The Tonight Show Starring Jimmy Fallon""", 2014, Himself - Throwing Out Mets First Pitch, ) {Jeremy Renner/Edie Falco/Tori Kelly (#2.138)}  (archive footage
, 	," ""The Tonight Show with Conan O'Brien""", 2009, Himself, ) {Jane Lynch/50 Cent (#1.105
, 	," ""The Tyra Banks Show""", 2005, Himself, ) {(2009-12-01
, 	," ""The View""", 1997, Themselves, ) {(2005-11-11
, 	," ""The View""", 1997, Himself - Guest Co-Host, ) {Guest Co-Host Curtis '50 Cent' Jackson/Lynn Whitfield (#19.204)}  (as Curtis '50 Cent' Jackson
, 	," ""Today""", 1952, Himself - Guest, ) {(2014-12-05
, 	," ""Top of the Pops Saturday""", 2003, Himself, ) {(2004-03-06
, 	," ""Top of the Pops""", 1964, Himself, ) {(2004-03-19)}  (as G-Unit
