#1 Single, 2006, , , , USA
#15SecondScare, 2015, Because We Don't Want You to Fall Asleep , 1.3, , }	USA
#15SecondScare, 2015, Don't Look , 1.6, , }		Germany
#15SecondScare, 2015, Fly , 1.8, , }			USA
#15SecondScare, 2015, Lord Binah , 1.1, , }		USA
#15SecondScare, 2015, Shriek , 1.13, , }		USA
#15SecondScare, 2015, Stay Dead , 1.7, , }		USA
#1MinuteNightmare, 2014, , , , UK
#2WheelzNHeelz, 2017, , , , USA
#30Nods, 2016, , , , USA
#7DaysLater, 2013, , , , Australia
#ATown, 2014, Chicks in Pink, Vomit in a Sink , 1.6, , }	USA
#ATown, 2014, Kayaking Adventure , 1.5, , }		USA
#ATown, 2014, So Fucked Up , 1.7, , }			USA
#ATown, 2014, The Blacklist , 2.2, , }			USA
#ActorsLife, 2016, , , , USA
#Adulthood, ????, , , , USA
#Adulting, 2016/II, , , , USA
#Awkward Dates, 2016, , , , USA
#Bandcamp, 2014, , , , USA
#Besties, 2014, , , , USA
#BlackLove, 2015, , , , USA
#Boss Moms, 2016, , , , Canada
#BreakfastClub, 2017, , , , USA
#Cake, 2015, , , , USA
#CaptchaLA, 2017, , , , USA
#CreativeLife, 2015, , , , USA
#Cybriety, 2015, , , , USA
#DailyPipTalk, 2016, , , , Australia
#DearGeorgette, 2015, , , , USA
#EinMomentDerBleibt, 2015, , , , Germany
#FabiosSofa, 2014, , , , Switzerland
#Final60, 2016, , , , USA
#Follow, 2011, , , , USA
#Fuga, 2016, , , , Brazil
#GirlProblems, 2015, , , SUSPENDED, USA
#Goldfish, 2017, Disco Ball , 1.1, , }			Italy
#Hashtag Killer, ????, , , , USA
#Hashtag Travel, 2017, , , , USA
#Hashtags#, 2018, , , , USA
#HoodDocumentary, 2016, , , , UK
#InstaFamous: How to Become Famous on Instagram, 2013, , , , USA
#JesusProblems, 2015, , , , USA
#Kansloos, 2012, , , , Netherlands
#KateConwayisaJerk, 2015, Helpful Tips for Getting Over a Breakup , 1.2, , }	Canada
#KateConwayisaJerk, 2015, Helping Friends , 1.1, , }	Canada
#KateConwayisaJerk, 2015, Helping Keep the Set Running Smoothly , 1.6, , }	Canada
#KillTorrey, 2016, , , , USA
#LakeShow, 2012, , , , USA
#LdnOnt, 2012, , , , Canada
#LoveBytes, 2015, , , , India
#LoveMonkeyChocolateFlowers, 2014, , , , UK
#MetsLive, 2016, , , , USA
#Mittelfingerspitzengef�hl, 2017, , , , Germany
#MommasGotBars, 2015, , , , USA
#MovingOut, 2017, , , , India
#MyCurrentSituation: Atlanta, 2016, , , , USA
#NerdNoise, 2012, , , , USA
#NextGreatMascot, 2015, , , , USA
#NoFilter with Tarah and Charlotte, 2016, , , , USA
#Nofilter, 2014, , , SUSPENDED, USA
#Nwn, 2013, , , , USA
#ParangNormal Activity, 2015, , , , Philippines
#PrettyPeopleProblems, 2013, , , , USA
#QuieroEseLook!, 2013, , , , Puerto Rico
#ReasonsWhyImSingle, 2014, , , , USA
#Redemption, 2014, , , , Chile
#Russ2013, 2013, , , , Norway
#ScenesFromRussia, 2013, , , , USA
#Showverwhelmed, 2014, , , , USA
#Singles, 2014, , , , Spain
#SmurTv, 2016, , , , USA
#SpongeyLeaks, 2016, , , , USA
#StarShow!, 2015, , , , USA
#Still Got It, 2018, , , , USA
#TMF, 2017, , , , UK
#Teens, 2014, , , , USA
#ThatThingFromBefore, 2015, , , , USA
#TheBuzz, 2016, , , , UK
#TheWillKeenanShow, 2013, , , , USA
#Tris, 2012, , , , Italy
#Unboxed, 2016, , , , USA
#VanLifeAttila, 2016, , , , Canada
#VanLifeAttila, 2016, #CookingWithTheHun(bacon turkey) , 3.14, , }	Canada
#VanLifeAttila, 2016, @DearestDayna: Signing Up , 2.11, , }	Canada
#VanLifeAttila, 2016, An Ideal Life , 3.5, , }		Canada
#VanLifeAttila, 2016, Back in the 1800s , 3.20, , }	Canada
#VanLifeAttila, 2016, Becky Oben: Part 3 , 1.7, , }	Canada
#VanLifeAttila, 2016, Clinical Depression: Season Finale , 3.35, , }	Canada
#VanLifeAttila, 2016, DearestDayna: Color Me Purple , 2.10, , }	Canada
#VanLifeAttila, 2016, Diminished Mental Capacity: Part 1 , 3.23, , }	Canada
#VanLifeAttila, 2016, Dr. Joseph Park , 3.2, , }	Canada
#VanLifeAttila, 2016, Food, Rehearsals, Food , 3.4, , }	Canada
#VanLifeAttila, 2016, Ghosts of Minnehaha , 3.24, , }	Canada
#VanLifeAttila, 2016, Gramophone , 3.30, , }		Canada
#VanLifeAttila, 2016, Joseph Park: A Term of Slang , 3.34, , }	Canada
#VanLifeAttila, 2016, Novel Reading: My Memoirs , 2.14, , }	Canada
#VanLifeAttila, 2016, Shots for the Queen(Victoria) , 3.26, , }	Canada
#VanLifeAttila, 2016, Stanley , 3.21, , }		Canada
#VanLifeAttila, 2016, That Moment When You Know , 3.16, , }	Canada
#VanLifeAttila, 2016, The Butler Didn't Do It , 3.29, , }	Canada
#VanLifeAttila, 2016, The Full Tour , 3.32, , }		Canada
#VanLifeAttila, 2016, Therapy Tools. Butler Tools. , 3.13, , }	Canada
#VanLifeAttila, 2016, WWJD? Part 1: Free Legal Advice , 3.18, , }	Canada
#VanLifeAttila, 2016, Working for Free , 2.8, , }	Canada
#VitalSignz, 2017, , , , Canada
#WomanProblems, 2014, , , , USA
#Youngadult, 2017, , , , USA
#cliche, 2015, , , , Canada
#hetisingewikkeld, 2017, , , , Belgium
#iwokeupbadass, 2016, , , , USA
#lovemilla, 2013, , , , Finland
#mykpop, 2013, , , , USA
#rampage4real, 2013, , , , USA
#somos, 2017, , , , Mexico
#thebasic, 2016, , , , USA
#twentyfiveish, 2017, , , , USA
#waszurwahl, 2013, , , , Germany
$#*! My Dad Says, 2010, Code Ed , 1.4, , }		USA
$#*! My Dad Says, 2010, Dog Ed Pursuit , 1.7, , }	USA
$#*! My Dad Says, 2010, Ed Goes to Court , 1.15, , }	USA
$#*! My Dad Says, 2010, Goodson Goes Deep , 1.12, , }	USA
$#*! My Dad Says, 2010, Make a Wish , 1.9, , }		USA
$#*! My Dad Says, 2010, Pilot , 1.1, , }		USA
$#*! My Dad Says, 2010, The Manly Thing to Do , 1.8, , }	USA
$#*! My Dad Says, 2010, Well Suitored , 1.16, , }	USA
$#*! My Dad Says, 2010, Wi-Fight , 1.2, , }		USA
$1, ????, , , , USA
$100 Makeover, 2010, , , , USA
$100 Taxi Ride, 2001, , , , UK
$100,000 Fortune Hunt, 1989, , , , USA
$2 Bill, 2002, , , , USA
$2 Bill, 2002, The Strokes , 1.1, , }			USA
$24 in 24, 2012, , , , USA
$40 a Day, 2002, , , , USA
$5 Cover: Seattle, 2009, , , , USA
$5,000 Video, 2013, , , , USA
$9.99 with Dave Evans, 2014, , , , USA
$Zillionaire$ Entertainment, 2017, , , , USA
$even $isters, ????, , , , Germany
$weepstake$, 1979, , , , USA
&Bish�jo, 2017, , , , Japan
'80s Videos: A to Z, 2009, , , , USA
'Alibi' na dvoikh, 2011, , , , Ukraine
'Allo 'Allo!, 1982, A Bun in the Oven , 8.0, , }	UK
'Allo 'Allo!, 1982, A Fishy Sendoff , 9.5, , }		UK
'Allo 'Allo!, 1982, A Marriage of Inconvenience , 5.6, , }	UK
'Allo 'Allo!, 1982, A Winkle in Time , 9.6, , }		UK
'Allo 'Allo!, 1982, All in Disgeese , 5.26, , }		UK
'Allo 'Allo!, 1982, An Enigma Variation , 5.23, , }	UK
'Allo 'Allo!, 1982, Awful Wedded Wife , 8.4, , }	UK
'Allo 'Allo!, 1982, Crabtree's Podgeon Pist , 6.7, , }	UK
'Allo 'Allo!, 1982, Desperate Doings in the Graveyard , 6.1, , }	UK
'Allo 'Allo!, 1982, Down the Drain , 5.25, , }		UK
'Allo 'Allo!, 1982, Firing Squashed , 8.5, , }		UK
'Allo 'Allo!, 1982, Flight of Fancy , 3.4, , }		UK
'Allo 'Allo!, 1982, Going Like a Bomb , 5.17, , }	UK
'Allo 'Allo!, 1982, Gruber Does Some Mincing , 3.2, , }	UK
'Allo 'Allo!, 1982, Hitler's Last Heil , 8.3, , }	UK
'Allo 'Allo!, 1982, Leg It to Spain! , 7.7, , }		UK
'Allo 'Allo!, 1982, Money to Burn , 5.18, , }		UK
'Allo 'Allo!, 1982, Otherwise Engaged , 5.5, , }	UK
'Allo 'Allo!, 1982, Pretty Maids All in a Row , 3.5, , }	UK
'Allo 'Allo!, 1982, Prisoners of War , 4.1, , }		UK
'Allo 'Allo!, 1982, Reds Nick's Colonel , 1.6, , }	UK
'Allo 'Allo!, 1982, Ren� Artois Is Still Dead , 9.3, , }	UK
'Allo 'Allo!, 1982, Ribbing the Bonk , 5.13, , }	UK
'Allo 'Allo!, 1982, Savile Row to the Rescue , 1.3, , }	UK
'Allo 'Allo!, 1982, Soup and Sausage , 7.9, , }		UK
'Allo 'Allo!, 1982, Swiftly and with Style , 2.4, , }	UK
'Allo 'Allo!, 1982, The Arrival of the Homing Duck , 5.8, , }	UK
'Allo 'Allo!, 1982, The British Are Coming , 1.0, , }	UK
'Allo 'Allo!, 1982, The Confusion of the Generals , 5.11, , }	UK
'Allo 'Allo!, 1982, The Dance of Hitler Youth , 1.7, , }	UK
'Allo 'Allo!, 1982, The Duel , 2.5, , }			UK
'Allo 'Allo!, 1982, The Exploding Bedpan , 5.16, , }	UK
'Allo 'Allo!, 1982, The Flying Nun , 4.4, , }		UK
'Allo 'Allo!, 1982, The Gateau from the Chateau , 2.7, , }	UK
'Allo 'Allo!, 1982, The Gestapo for the High Jump , 6.2, , }	UK
'Allo 'Allo!, 1982, The Jet-Propelled Mother-In-Law , 4.6, , }	UK
'Allo 'Allo!, 1982, The Nicked Knockwurst , 3.1, , }	UK
'Allo 'Allo!, 1982, The Poloceman Cometh , 2.3, , }	UK
'Allo 'Allo!, 1982, The Sausage in the Trousers , 4.5, , }	UK
'Allo 'Allo!, 1982, The Spirit of Nouvion , 7.6, , }	UK
'Allo 'Allo!, 1982, Train of Events , 5.22, , }		UK
'Allo 'Allo!, 1982, Watch the Birdie , 5.9, , }		UK
'Allo 'Allo!, 1982, Who's for the Vatican? , 5.12, , }	UK
'Da Kink in My Hair, 2007, , , , Canada
'Da Kink in My Hair, 2007, All That Glitters , 1.9, , }	Canada
'Da Kink in My Hair, 2007, Chicken , 1.3, , }		Canada
'Da Kink in My Hair, 2007, Computer Love , 2.9, , }	Canada
'Da Kink in My Hair, 2007, Empress of Eglinton , 2.8, , }	Canada
'Da Kink in My Hair, 2007, Every Hoe Have Him Stick , 1.6, , }	Canada
'Da Kink in My Hair, 2007, Fass & Facety , 1.2, , }	Canada
'Da Kink in My Hair, 2007, Honesty the Best Policy? , 2.7, , }	Canada
'Da Kink in My Hair, 2007, Looks Can Be Revealing , 2.2, , }	Canada
'Da Kink in My Hair, 2007, Me Throw Me Corn But Me No Call No Fowl , 1.11, , }	Canada
'Da Kink in My Hair, 2007, Of Papers and Patois , 2.3, , }	Canada
'Da Kink in My Hair, 2007, Pardnah Me? , 2.12, , }	Canada
'Da Kink in My Hair, 2007, Rules Are Made... , 1.1, , }	Canada
'Da Kink in My Hair, 2007, The Man of the House , 1.7, , }	Canada
'E.R', 2002, , , SUSPENDED, USA
'Heisse' am Samstag, 1961, , , , Austria
'More strasti', 2000, , , , Federal Republic of Yugoslavia
'Ons Sterrenkookboek', 2007, , , , Belgium
'Pathic, ????, , , , Australia
'S ann an Ile, 2009, , , , UK
'T Wilhelmina, 1975, , , , Netherlands
'The Prince' by Niccol� Machiavelli, 2012, , , SUSPENDED, Denmark
'Til Death Do Us Part, 2006, , , , Canada
'Til Death, 2006, Clay Date , 1.17, , }			USA
'Til Death, 2006, Daddy's Girl , 1.10, , }		USA
'Til Death, 2006, Dream Weaver , 1.7, , }		USA
'Til Death, 2006, Four Neighbors and a Funeral , 2.2, , }	USA
'Til Death, 2006, Merit Pay , 4.19, , }			USA
'Til Death, 2006, Pilot , 1.1, , }			USA
'Til Death, 2006, Summer of Love , 1.22, , }		USA
'Til Death, 2006, The Anniversary Party , 1.11, , }	USA
'Til Death, 2006, The Buffer , 4.7, , }			USA
'Til Death, 2006, The Colleague , 1.14, , }		USA
'Til Death, 2006, The Garage Band , 1.5, , }		USA
'Til Death, 2006, The Italian Affair , 1.16, , }	USA
'Til Death, 2006, The Tale of the Tape , 2.4, , }	USA
'Til Death, 2006, The Wood Pile , 1.4, , }		USA
'Til Death, 2006, Your Mother or Your Wife , 1.6, , }	USA
'Wag kukurap, 2004, , , , Philippines
'Way Out, 1961, Side Show , 1.12, , }			USA
'n Shrink, 2009, Who's Got the Pills? , 1.1, , }	USA
't Is maar een spel, 2002, , , , Belgium
't Schaep Met De 5 Pooten, 1969, Als je mekaar niet meer vertrouwen kan , 1.6, , }	Netherlands
't Schaep Met De 5 Pooten, 1969, De zaak van de beschadigde bokser , 1.2, , }	Netherlands
't Schaep Met De 5 Pooten, 1969, Het zal je kind maar wezen , 1.3, , }	Netherlands
't Schaep Met De 5 Pooten, 1969, Kontract is kontract , 1.7, , }	Netherlands
't Schaep Met De 5 Pooten, 1969, We benne op de wereld om mekaar te helpen nietwaar? , 1.1, , }	Netherlands
't Zonnetje in huis, 1993, , , , Netherlands
't Zonnetje in huis, 1993, Stil gezwegen... , 7.7, , }	Netherlands
't is hier Fantasties, 2014, , , , Netherlands
(7), 2018, , , , Brazil
(Des)Encontros, 2014, , , , Brazil
(Mis)Adventures in Hollywood, 2015, , , , USA
(My) Immortal: The Web Series, 2013, , , , Canada
(Not) Superficial, 2017, , , , Republic of Macedonia
(Re)volt, 2013, , , , Sweden
(S)truth, 2003, , , , Australia
(Un)Balanced: A Web Series, 2017, , , , USA
(gli) Imperatori, 2014, , , , Italy
+ Brasileiros, 2014, , , , Brazil
+ Emprendedores mi+d, 2010, , , , Spain
+ de cin�ma, 2001, , , , France
+100500, 2011, , , , Russia
+27: Social Innovators of South Africa, 2014, , , , South Africa
... With Micah Luke and Robert Kitchen, 2012, , , , USA
... kurze Pause, 1955, , , , West Germany
... und die Tuba bl�st der Huber, 1981, , , , West Germany
...@ Nelson's, 2013, , , , USA
...De ra�z luna, 2008, , , , Mexico
...Y siete, 1971, , , , Spain
...bitte mit Sahner, 2007, , , , Germany
...e la vita continua, 1984, , , , France
...e le stelle stanno a guardare, 1971, , , , Italy
...i Hetluften, 1994, , , , Sweden
...og ikke nok med det, 1995, , , , Norway
..1..2..3 rul!, 2000, , , , Denmark
.Cat, 2014, , , , Spain
.hack//Roots, 2006, , , , Japan
.hack//Roots, 2006, Break Up , 1.12, , }		Japan
.hack//Roots, 2006, Confront , 1.24, , }		Japan
.hack//Roots, 2006, Determination , 1.26, , }		Japan
.hack//Roots, 2006, Distrust , 1.5, , }			Japan
.hack//Roots, 2006, Intrigue , 1.7, , }			Japan
.hack//Roots, 2006, Limit , 1.18, , }			Japan
.hack//Roots, 2006, Missing , 1.10, , }			Japan
.hack//Roots, 2006, Painful Forest , 1.17, , }		Japan
.hack//Roots, 2006, Resolution , 1.16, , }		Japan
.hack//Roots, 2006, Tragedy , 1.13, , }			Japan
.hack//Roots, 2006, Truth , 1.25, , }			Japan
.hack//Roots, 2006, Unreturner , 1.14, , }		Japan
.hack//Roots, 2006, Welcome to 'The World' , 1.1, , }	Japan
.hack//SIGN, 2002, Captured , 1.5, , }			Japan
.hack//SIGN, 2002, Catastrophe , 1.25, , }		Japan
.hack//SIGN, 2002, Conflict , 1.17, , }			Japan
.hack//SIGN, 2002, Depth , 1.16, , }			Japan
.hack//SIGN, 2002, Encounter , 1.6, , }			Japan
.hack//SIGN, 2002, Epitaph , 1.9, , }			Japan
.hack//SIGN, 2002, Folklore , 1.3, , }			Japan
.hack//SIGN, 2002, Net Slum , 1.24, , }			Japan
.hack//SIGN, 2002, Phantom , 1.22, , }			Japan
.hack//SIGN, 2002, Reason , 1.7, , }			Japan
.hack//SIGN, 2002, Return , 1.26, , }			Japan
.hack//SIGN, 2002, Tempest , 1.20, , }			Japan
.hack//SIGN, 2002, Twilight Eye , 1.13, , }		Japan
.hack//Tasogare no udewa densetsu, 2003, , , , Japan
.hack//Tasogare no udewa densetsu, 2003, Densetsu no yusha , 1.1, , }	Japan
.hack//Tasogare no udewa densetsu, 2003, Hokai no ashioto , 1.9, , }	Japan
.hack//Tasogare no udewa densetsu, 2003, Koko no kishi , 1.8, , }	Japan
.hack//Tasogare no udewa densetsu, 2003, Maboroshi no Miyako , 1.10, , }	Japan
.hack//Tasogare no udewa densetsu, 2003, Tanabata no yoru , 1.4, , }	Japan
.hack//Tasogare no udewa densetsu, 2003, Yukemuri no wana , 1.6, , }	Japan
/Drive on NBCSN, 2014, , , , USA
0 Shieuigeunyuh, 2015, , , , South Korea
0001, ????, , , , USA
007: Gourmet Food, 2016, , , , USA
009-1, 2006, Dasshutsu , 1.11, , }			Japan
009-1, 2006, Gyaku bakuhatsu , 1.10, , }		Japan
009-1, 2006, Kin� no koyomi , 1.8, , }			Japan
009-1, 2006, Minato , 1.7, , }				Japan
009-1, 2006, , , , {R&B}					Japan
009-1, 2006, Sen'ny�sha tachi , 1.1, , }		Japan
009-1, 2006, �gon no onna , 1.5, , }			Japan
01-For London, 1987, , , , UK
0137, 1991, , , , Germany
0511 Sondersendung zu Theaterformen, 2007, , , , Germany
0511 Sondersendung zu Theaterformen, 2007, , , , France
0511 Sondersendung zu Theaterformen, 2007, , , , Brazil
0511 TV Lokal, 2007, , , , {10 Jahre AWO rennt}		Germany
0511 TV Lokal, 2007, , , , {A Clockwork Orange im Ballhof}	Germany
0511 TV Lokal, 2007, , , , {Anatevka}			Germany
0511 TV Lokal, 2007, , , , {Ausstellung '� 10' im Faust}	Germany
0511 TV Lokal, 2007, , , , {Ba-ta-clan/Salon Pitzelberger - Jacques Offenbach im Ballhof}	Germany
0511 TV Lokal, 2007, , , , {Bandfactory - Frames}		Germany
0511 TV Lokal, 2007, , , , {Biomekkanik + Auto-Auto im Talk}	Germany
0511 TV Lokal, 2007, , , , {Bravo, Bene! Arnulf Ratings Aufw�rts}	Germany
0511 TV Lokal, 2007, , , , {Dagmar Huth}			Germany
0511 TV Lokal, 2007, , , , {Ein Sonntag im Park}		Germany
0511 TV Lokal, 2007, , , , {Fiat 500}			Germany
0511 TV Lokal, 2007, , , , {Gartenlust im Georgengarten}	Germany
0511 TV Lokal, 2007, , , , {Hanover's Boys' Choir}		Germany
0511 TV Lokal, 2007, , , , {Ideen-Expo 2009}		Germany
0511 TV Lokal, 2007, , , , {Jazz am Ballhof 2}		Germany
0511 TV Lokal, 2007, , , , {Jugend spielt f�r Jugend}	Germany
0511 TV Lokal, 2007, , , , {Kinos am Raschplatz - Wiederer�fnung}	Germany
0511 TV Lokal, 2007, , , , {Kunsthandwerkermarkt in Celle}	Germany
0511 TV Lokal, 2007, , , , {Lichtgestalten}			Germany
0511 TV Lokal, 2007, , , , {Lune Ndiaye - K�nstler aus Senegal}	Senegal
0511 TV Lokal, 2007, , , , {Malte Sartorius - Venedig}	Germany
0511 TV Lokal, 2007, , , , {Mindestlohn-Karawane}		Germany
0511 TV Lokal, 2007, , , , {Moa theater - Besuch der alten Dame}	Germany
0511 TV Lokal, 2007, , , , {Musik-Kulturfest in Hannover-Linden}	Germany
0511 TV Lokal, 2007, , , , {Old fashioned - K�rperformen}	Germany
0511 TV Lokal, 2007, , , , {Pee Wee Ellis - Masala}		South Africa
0511 TV Lokal, 2007, , , , {Perlen - Schwul-Lesbisches Film Festival Hannover}	Germany
0511 TV Lokal, 2007, , , , {Poetry Slam - 3Raum im Ballhof}	Germany
0511 TV Lokal, 2007, , , , {Pressekonferenz Schauspielhaus}	Germany
0511 TV Lokal, 2007, , , , {Reinert-Kassner - Erwachsenenfortbildg}	Germany
0511 TV Lokal, 2007, , , , {Rosa von Praunheim im Interview zu seinem Film 'Die Jungs vom Bahnhof Zoo'}	Germany
0511 TV Lokal, 2007, , , , {Salsa Night}			Germany
0511 TV Lokal, 2007, , , , {Schnarch-Museum in Alfeld}	Germany
0511 TV Lokal, 2007, , , , {Scillabl�tenfest}		Germany
0511 TV Lokal, 2007, , , , {Sommerfest im JazzClub}		Germany
0511 TV Lokal, 2007, , , , {Stefan J�rgens zu Gast im TAK}	Germany
0511 TV Lokal, 2007, , , , {Tango Milieu}			Germany
0511 TV Lokal, 2007, , , , {Thema YouTube im Literarischen Salon}	Germany
0511 TV Lokal, 2007, , , , {Vorstellung des EcoCarrier - Kleintransporter mit Elektroantrieb}	Germany
0511 TV Lokal, 2007, , , , {Zur Situation der Nachwuchsregisseure}	Germany
07 zglos sie, 1976, , , , Poland
07 zglos sie, 1976, Morderca dziala noca , 4.3, , }	Poland
07-Ghost, 2009, , , , Japan
0800 no llames, 2005, , , , Argentina
0800 no llames, 2005, , , , {(#1.2)}			Argentina
092, 2001, , , , Spain
099 Central, 2002, , , , {(#1.1)}				Argentina
099 Central, 2002, , , , {(#1.100)}				Argentina
099 Central, 2002, , , , {(#1.102)}				Argentina
099 Central, 2002, , , , {(#1.104)}				Argentina
099 Central, 2002, , , , {(#1.106)}				Argentina
099 Central, 2002, , , , {(#1.108)}				Argentina
099 Central, 2002, , , , {(#1.11)}				Argentina
099 Central, 2002, , , , {(#1.111)}				Argentina
099 Central, 2002, , , , {(#1.113)}				Argentina
099 Central, 2002, , , , {(#1.115)}				Argentina
099 Central, 2002, , , , {(#1.117)}				Argentina
099 Central, 2002, , , , {(#1.119)}				Argentina
099 Central, 2002, , , , {(#1.120)}				Argentina
099 Central, 2002, , , , {(#1.122)}				Argentina
099 Central, 2002, , , , {(#1.124)}				Argentina
099 Central, 2002, , , , {(#1.126)}				Argentina
099 Central, 2002, , , , {(#1.128)}				Argentina
099 Central, 2002, , , , {(#1.13)}				Argentina
099 Central, 2002, , , , {(#1.131)}				Argentina
099 Central, 2002, , , , {(#1.133)}				Argentina
099 Central, 2002, , , , {(#1.135)}				Argentina
099 Central, 2002, , , , {(#1.137)}				Argentina
099 Central, 2002, , , , {(#1.139)}				Argentina
099 Central, 2002, , , , {(#1.140)}				Argentina
099 Central, 2002, , , , {(#1.142)}				Argentina
099 Central, 2002, , , , {(#1.144)}				Argentina
099 Central, 2002, , , , {(#1.16)}				Argentina
099 Central, 2002, , , , {(#1.18)}				Argentina
099 Central, 2002, , , , {(#1.2)}				Argentina
099 Central, 2002, , , , {(#1.21)}				Argentina
099 Central, 2002, , , , {(#1.23)}				Argentina
099 Central, 2002, , , , {(#1.25)}				Argentina
099 Central, 2002, , , , {(#1.27)}				Argentina
099 Central, 2002, , , , {(#1.29)}				Argentina
099 Central, 2002, , , , {(#1.30)}				Argentina
099 Central, 2002, , , , {(#1.32)}				Argentina
099 Central, 2002, , , , {(#1.34)}				Argentina
099 Central, 2002, , , , {(#1.36)}				Argentina
099 Central, 2002, , , , {(#1.38)}				Argentina
099 Central, 2002, , , , {(#1.4)}				Argentina
099 Central, 2002, , , , {(#1.41)}				Argentina
099 Central, 2002, , , , {(#1.43)}				Argentina
099 Central, 2002, , , , {(#1.45)}				Argentina
099 Central, 2002, , , , {(#1.47)}				Argentina
099 Central, 2002, , , , {(#1.49)}				Argentina
099 Central, 2002, , , , {(#1.50)}				Argentina
099 Central, 2002, , , , {(#1.53)}				Argentina
099 Central, 2002, , , , {(#1.55)}				Argentina
099 Central, 2002, , , , {(#1.57)}				Argentina
099 Central, 2002, , , , {(#1.59)}				Argentina
099 Central, 2002, , , , {(#1.60)}				Argentina
099 Central, 2002, , , , {(#1.62)}				Argentina
099 Central, 2002, , , , {(#1.64)}				Argentina
099 Central, 2002, , , , {(#1.66)}				Argentina
099 Central, 2002, , , , {(#1.68)}				Argentina
099 Central, 2002, , , , {(#1.7)}				Argentina
099 Central, 2002, , , , {(#1.71)}				Argentina
099 Central, 2002, , , , {(#1.73)}				Argentina
099 Central, 2002, , , , {(#1.75)}				Argentina
099 Central, 2002, , , , {(#1.77)}				Argentina
099 Central, 2002, , , , {(#1.79)}				Argentina
099 Central, 2002, , , , {(#1.80)}				Argentina
099 Central, 2002, , , , {(#1.82)}				Argentina
099 Central, 2002, , , , {(#1.84)}				Argentina
099 Central, 2002, , , , {(#1.86)}				Argentina
099 Central, 2002, , , , {(#1.88)}				Argentina
099 Central, 2002, , , , {(#1.9)}				Argentina
099 Central, 2002, , , , {(#1.91)}				Argentina
099 Central, 2002, , , , {(#1.93)}				Argentina
099 Central, 2002, , , , {(#1.95)}				Argentina
099 Central, 2002, , , , {(#1.97)}				Argentina
099 Central, 2002, , , , {(#1.99)}				Argentina
1 + ena, 2012, , , , Greece
1 Day with..., 2004, , , , USA
1 Erkek 1 Kadin, 2012, , , , Turkey
1 Gay 5 Queens, 2013, , , , USA
1 Habit, 2015, , , , USA
1 Leicester Square, 2006, , , , UK
1 Minute Au Mus�e - Les arts des peuples du Monde, 2011, , , , France
1 Minute Horror, 2015, Click Bait , 1.7, , }		USA
1 Minute Horror, 2015, LoveSick , 1.4, , }		USA
1 Minute Horror, 2015, Stalk , 1.9, , }			USA
1 Minute Horror, 2015, The Cannibal , 1.10, , }		USA
1 Minute Horror, 2015, Vandals , 1.8, , }		USA
1 Minute Manias!, 2017, Knock, Knock, Knock , 1.1, , }	USA
1 Non Blonde, 2010, , , , UK
1 Week to Fly, 2018, , , , UK
1 contra 100, 2006, , , , Spain
1 contro 100, 2007, , , , Italy
1 gegen 100, 2008, , , , Switzerland
1 miljoen wat?, 2006, , , , Netherlands
1 nen B gumi Shinpachi Sensei, 1980, , , , Japan
1 protiv 100, 2008, , , , Croatia
1 ret og 2 vrang, 1969, , , , Denmark
1 voor de verkiezingen, 2012, , , , Netherlands
1 vs. 100, 2006, , , , USA
1 vs. 100, 2006, , , , {(#1.10)}				USA
1 vs. 100, 2006, , , , {(#1.12)}				USA
1 vs. 100, 2006, , , , {(#1.14)}				USA
1 vs. 100, 2006, , , , {(#1.17)}				USA
1 vs. 100, 2006, , , , {(#1.19)}				USA
1 vs. 100, 2006, , , , {(#1.20)}				USA
1 vs. 100, 2006, , , , {(#1.4)}				USA
1 vs. 100, 2006, , , , {(#1.6)}				USA
1 vs. 100, 2006, , , , {(#1.8)}				USA
1 vs. 100, 2006, , , , {(#2.1)}				USA
1 vs. 100, 2006, , , , {(#2.3)}				USA
1 vs. 100, 2006, , , , {(#2.5)}				USA
1 vs. 100, 2006, , , , {(#2.7)}				USA
1 vs. 100, 2006, Last Man Standing , 1.15, , }		USA
1% eo-ddeon keot, 2003, , , , South Korea
1+1=1, 1981, , , , Portugal
1, 2, 3 Go, 1961, , , , USA
1, 2, 3, Out, 1999, , , , Argentina
1,000 Places to See Before You Die, 2007, , , , USA
1,000,000 yen no Onnatachi, 2017, , , , Japan
1-0 til Danmark, 2014, , , , Denmark
1-2-3 Moskau!, 2008, , , , Germany
1-800-Missing, 2003, , , , USA
1-800-Missing, 2003, 72 Hours to Kill , 1.10, , }	Canada
1-800-Missing, 2003, A Death in the Family , 3.13, , }	Canada
1-800-Missing, 2003, Analysis , 3.9, , }		USA
1-800-Missing, 2003, And the Walls Come Tumbling Down , 3.5, , }	Canada
1-800-Missing, 2003, Anything for the Baby: Part 1 , 3.1, , }	Canada
1-800-Missing, 2003, Anything for the Baby: Part 2 , 3.2, , }	USA
1-800-Missing, 2003, Basic Training , 1.14, , }		Canada
1-800-Missing, 2003, Cop Out , 2.8, , }			USA
1-800-Missing, 2003, Cut , 3.16, , }			Canada
1-800-Missing, 2003, Deep Cover , 2.14, , }		USA
1-800-Missing, 2003, Deliverance from Evil , 1.11, , }	Canada
1-800-Missing, 2003, Delusional , 1.17, , }		Canada
1-800-Missing, 2003, Domestic Bliss , 2.7, , }		USA
1-800-Missing, 2003, Double Take , 3.17, , }		USA
1-800-Missing, 2003, Exposure , 3.18, , }		Canada
1-800-Missing, 2003, Father Figure , 1.15, , }		Canada
1-800-Missing, 2003, Fugitive , 3.8, , }		USA
1-800-Missing, 2003, Have You Seen This Man? , 3.14, , }	Canada
1-800-Missing, 2003, I Thought I Knew You , 1.4, , }	USA
1-800-Missing, 2003, In the Midnight Hour , 2.6, , }	Canada
1-800-Missing, 2003, Insomnia , 1.3, , }		USA
1-800-Missing, 2003, John Doe , 2.15, , }		USA
1-800-Missing, 2003, Judgement Day , 2.3, , }		Canada
1-800-Missing, 2003, Last Night , 3.7, , }		Canada
1-800-Missing, 2003, Last Stop , 2.5, , }		Canada
1-800-Missing, 2003, Looking for Mr. Wright , 3.6, , }	USA
1-800-Missing, 2003, Lost Sister , 1.16, , }		Canada
1-800-Missing, 2003, M.I.A. , 1.9, , }			USA
1-800-Missing, 2003, Mr. Nobody , 2.11, , }		Canada
1-800-Missing, 2003, Never Go Against the Family , 1.6, , }	USA
1-800-Missing, 2003, Off the Grid , 3.4, , }		USA
1-800-Missing, 2003, One Night Stand , 2.2, , }		Canada
1-800-Missing, 2003, Paper Anniversary , 2.17, , }	Canada
1-800-Missing, 2003, Patient X , 3.11, , }		Canada
1-800-Missing, 2003, Phoenix Rising , 2.16, , }		Canada
1-800-Missing, 2003, Pilot , 1.1, , }			Canada
1-800-Missing, 2003, Pop Star , 2.10, , }		USA
1-800-Missing, 2003, Puzzle Box , 2.9, , }		Canada
1-800-Missing, 2003, Resurrection , 2.4, , }		USA
1-800-Missing, 2003, Sea of Love , 2.1, , }		USA
1-800-Missing, 2003, Sisterhood , 3.12, , }		Canada
1-800-Missing, 2003, So Shall Ye Reap , 3.19, , }	USA
1-800-Missing, 2003, Spring Break , 3.15, , }		Canada
1-800-Missing, 2003, These Dreams Before Me , 1.18, , }	Canada
1-800-Missing, 2003, They Come as They Go , 1.2, , }	USA
1-800-Missing, 2003, Thin Air , 1.5, , }		Canada
1-800-Missing, 2003, This Is Your Life , 1.7, , }	USA
1-800-Missing, 2003, Ties That Bind , 1.8, , }		Canada
1-800-Missing, 2003, Truth or Dare: Part 1 , 2.12, , }	Canada
1-800-Missing, 2003, Truth or Dare: Part 2 , 2.13, , }	Canada
1-800-Missing, 2003, Try Again , 3.10, , }		Canada
1-800-Missing, 2003, Unnatural Disaster , 3.3, , }	USA
1-800-Missing, 2003, Victoria , 1.12, , }		Canada
1-800-Missing, 2003, We Are Coming Home , 2.18, , }	USA
1-800-Missing, 2003, White Whale , 1.13, , }		Canada
1.C, 2012, , , , Denmark
1/4 Mermaid, 2015, , , , USA
10 Best Kitchen Projects, 2011, , , , USA
10 Best Space Saving Solutions, 2012, , , , USA
10 Dates from Hell, 2008, , , , USA
10 Days to War, 2008, , , , UK
10 Days to War, 2008, A Simple Private Matter , 1.1, , }	UK
10 Days to War, 2008, Failure Is Not an Option , 1.7, , }	UK
10 Days to War, 2008, These Things Are Always Chaos , 1.3, , }	UK
10 Days to War, 2008, You Are Welcome Here , 1.6, , }	UK
10 Dishes, 2014, , , , USA
10 Finnish Architects: An Outsider's View, 2003, , , , Finland
10 Great Reasons, 2008, , , , USA
10 Jahre j�nger, 2009, , , , Germany
10 Mile Menu, 2010, , , , UK
10 Minute Solution, 2008, , , , USA
10 Minute Tales, 2009, Deep & Crisp & Even , 1.1, , }	UK
10 Minute Tales, 2009, Syncing , 1.9, , }		UK
10 Minutes Presure, 2020, , , SUSPENDED, USA
10 Parejas 10, 2014, , , , USA
10 Puppies and Us, 2017, , , , UK
10 Questions You Always Wanted to Ask:, 2017, , , , UK
10 Second Mysteries, 2014, , , , USA
10 Seconds of Hell, 2013, , , , USA
10 Secret Stories, 2017, , , , USA
10 Things Every Guy Should Experience, 2004, , , , USA
10 Things Every Guy Should Experience, 2004, 2004 NBA Finals , 1.6, , }	USA
10 Things I Hate About You, 2009, , , , USA
10 Things I Hate About..., 2012, , , , UK
10 Things That Make Me Happy, 2012, , , , USA
10 Things You Didn't Know About..., 2006, , , , UK
10 Things You Don't Know About, 2012, , , , USA
10 Things You Don't Know About, 2012, Benjamin Franklin , 1.1, , }	USA
10 Things You Don't Know About, 2012, J Edgar Hoover , 1.4, , }	USA
10 Things You Must Know, 2006, , , , USA
10 Worst Things, 2015, , , , USA
10 Years Younger, 2004/I, , , , UK
10 Years Younger, 2005, , , , New Zealand
10 cites, 2008, , , , Spain
10 hobby-minutter, 1952, , , , Denmark
10 jaar voor New Kids: de Pulpshow, 2015, , , , Netherlands
10 kirjaa lapsuudesta, 2008, , , , Finland
10 kirjaa rakkaudesta, 2009, , , , Finland
10 kirjaa vallasta, 2012, , , , Finland
10 me 2, 2002, , , , Greece
10 om te zien, 1989, , , , Belgium
10 secondes et des poussi�res, 1997, , , , France
10 uutta k�sky�, 2009, , , , Finland
10 vor 11, 1988, , , , West Germany
10 vor 11, 1988, , , , {Blinde Liebe/Jean-Luc Godard: Meine Mutter hat nur Stummfilme gesehen!}	Germany
10 vor 11, 1988, , , , {In erster Linie bin ich Filmemacher! - Begegnung mit Christoph Schlingensief}	Germany
10, 2009, , , , Malaysia
10, 2015, , , , Croatia
10,000 BC, 2015, , , , UK
10,000 BC, 2015, , , , {(#2.2)}				UK
10,000 BC, 2015, , , , {(#2.4)}				UK
10,000 BC, 2015, , , , {(#2.6)}				UK
10,000 Hours, 2017, , , , USA
10-07: L'affaire Zeus, 1995, , , , Canada
10-8: Officers on Duty, 2003, A Hard Day's Night , 1.2, , }	USA
10-8: Officers on Duty, 2003, Blood Sugar Sex Magik , 1.5, , }	USA
10-8: Officers on Duty, 2003, Flirtin' with Disaster , 1.12, , }	USA
10-8: Officers on Duty, 2003, Gun of a Son , 1.3, , }	USA
10-8: Officers on Duty, 2003, Late for School , 1.7, , }	USA
10-8: Officers on Duty, 2003, Love Don't Love Nobody , 1.14, , }	USA
10-8: Officers on Duty, 2003, Mercy, Mercy Me , 1.6, , }	USA
10-8: Officers on Duty, 2003, Wild and the Innocent , 1.15, , }	USA
10.5, 2004, , , , USA
10.5: Apocalypse, 2006, , , , Canada
100 Best Videos Ever, 2007, , , , Canada
100 Calabazas, 2011, , , , Spain
100 Characters 100 Days, 2011, , , , USA
100 Day Bach, 2015, , , , New Zealand
100 Days +, 2017, , , , USA
100 Days to Heaven, 2011, , , , Philippines
100 Days+, 2017, , , , UK
100 Deeds for Eddie McDowd, 1999, , , , Canada
100 Frogs, 2015, , , , USA
100 Greatest Albums of Rock & Roll, 2000, , , , USA
100 Greatest Artists of Hard Rock, 2000, , , , USA
100 Greatest Discoveries, 2004, , , , USA
100 Greatest Songs of the 00s, 2011, , , , USA
100 Greatest Stand-Ups of All Time, 2004, , , , USA
100 Greatest Teen Stars, 2006, , , , USA
100 Hours, 2002, , , , New Zealand
100 Jahre - Der Countdown, 1999, , , , Germany
100 Jahre - Der Countdown, 1999, 1901 - Die Gro�mutter Europas , 1.2, , }	Germany
100 Jahre - Der Countdown, 1999, 1906 - Das Erdbeben von San Francisco , 1.4, , }	Germany
100 Jahre - Der Countdown, 1999, 1909 - Stimmrecht f�r Frauen! , 1.6, , }	Germany
100 Jahre - Der Countdown, 1999, 1912 - Der Untergang der Titanic , 1.8, , }	Germany
100 Jahre - Der Countdown, 1999, 1914 - Das Attentat von Sarajevo , 2.1, , }	Germany
100 Jahre - Der Countdown, 1999, 1917 - Die rote Revolution , 2.3, , }	Germany
100 Jahre - Der Countdown, 1999, 1919 - Der diktierte Frieden , 2.5, , }	Germany
100 Jahre - Der Countdown, 1999, 1922 - Das Grab des Tutenchamun , 3.3, , }	Germany
100 Jahre - Der Countdown, 1999, 1923 - Hitlers Putsch , 3.4, , }	Germany
100 Jahre - Der Countdown, 1999, 1925 - Chaplin im Goldrausch , 3.6, , }	Germany
100 Jahre - Der Countdown, 1999, 1927 - Der erste Ozeanflug , 3.8, , }	Germany
100 Jahre - Der Countdown, 1999, 1929 - Der schwarze Freitag , 3.10, , }	Germany
100 Jahre - Der Countdown, 1999, 1932 - Weimar am Ende , 3.12, , }	Germany
100 Jahre - Der Countdown, 1999, 1934 - Maos langer Marsch , 4.2, , }	Germany
100 Jahre - Der Countdown, 1999, 1936 - Im Augenblick des Todes , 4.3, , }	Germany
100 Jahre - Der Countdown, 1999, 1937 - Stalin, der Diktator , 4.6, , }	Germany
100 Jahre - Der Countdown, 1999, 1938 - Die Pogromnacht , 4.8, , }	Germany
100 Jahre - Der Countdown, 1999, 1940 - Hitler in Paris , 5.2, , }	Germany
100 Jahre - Der Countdown, 1999, 1941 - Das 'Unternehmen Barbarossa' , 5.3, , }	Germany
100 Jahre - Der Countdown, 1999, 1943 - Der Junge von Warschau , 5.7, , }	Germany
100 Jahre - Der Countdown, 1999, 1944 - Der l�ngste Tag , 5.8, , }	Germany
100 Jahre - Der Countdown, 1999, 1945 - Die rote Fahne auf dem Reichstag , 5.9, , }	Germany
100 Jahre - Der Countdown, 1999, 1947 - Kampf um Israel , 6.2, , }	Germany
100 Jahre - Der Countdown, 1999, 1949 - Die Geburt der Bundesrepublik , 6.4, , }	Germany
100 Jahre - Der Countdown, 1999, 1953 - Die Kr�nung , 6.7, , }	Germany
100 Jahre - Der Countdown, 1999, 1953 - Triumph auf dem Mount Everest , 6.6, , }	Germany
100 Jahre - Der Countdown, 1999, 1954 - Mythos Marilyn , 6.9, , }	Germany
100 Jahre - Der Countdown, 1999, 1956 - Der Ungarnaufstand , 7.1, , }	Germany
100 Jahre - Der Countdown, 1999, 1959 - Der Sieg des Fidel Castro , 7.3, , }	Germany
100 Jahre - Der Countdown, 1999, 1961 - Der Schock von Berlin , 7.5, , }	Germany
100 Jahre - Der Countdown, 1999, 1963 - Der Jahrhundert-Mord , 7.7, , }	Germany
100 Jahre - Der Countdown, 1999, 1965 - Beatlemania , 7.9, , }	Germany
100 Jahre - Der Countdown, 1999, 1967 - Der Tod des Benno Ohnesorg , 7.11, , }	Germany
100 Jahre - Der Countdown, 1999, 1968 - Der Todesschu� , 7.13, , }	Germany
100 Jahre - Der Countdown, 1999, 1969 - Aufbruch zum Mond , 8.1, , }	Germany
100 Jahre - Der Countdown, 1999, 1972 - Das Massaker von M�nchen , 8.4, , }	Germany
100 Jahre - Der Countdown, 1999, 1974 - Der Kanzlerspion , 8.5, , }	Germany
100 Jahre - Der Countdown, 1999, 1975 - Flucht aus Saigon , 8.7, , }	Germany
100 Jahre - Der Countdown, 1999, 1977 - Die Schleyer-Entf�hrung , 8.9, , }	Germany
100 Jahre - Der Countdown, 1999, 1979 - Die Macht des Ayatollah , 8.11, , }	Germany
100 Jahre - Der Countdown, 1999, 1981 - Sch�sse auf den Papst , 9.2, , }	Germany
100 Jahre - Der Countdown, 1999, 1983 - Hitlers falsche Tageb�cher , 9.4, , }	Germany
100 Jahre - Der Countdown, 1999, 1986 - Der Super-Gau von Tschernobyl , 9.7, , }	Germany
100 Jahre - Der Countdown, 1999, 1987 - Der Fall Barschel , 9.8, , }	Germany
100 Jahre - Der Countdown, 1999, 1989 - Das Wunder von Berlin , 9.10, , }	Germany
100 Jahre - Der Countdown, 1999, 1991 - Operation W�stensturm , 10.1, , }	Germany
100 Jahre - Der Countdown, 1999, 1992 - Die bosnische Trag�die , 10.3, , }	Germany
100 Jahre - Der Countdown, 1999, 1994 - Mandelas Sieg , 10.5, , }	Germany
100 Jahre - Der Countdown, 1999, 1997 - Tod einer Prinzessin , 10.7, , }	Germany
100 Latinos Dijeron, 2013, , , , USA
100 Mile Meals, 2014, , , , USA
100 Moments That Rocked TV, 2003, , , , USA
100 Nen Interview, 2007, , , , Japan
100 Proof, 2004, , , , USA
100 Questions, 2010, , , , USA
100 Things to Do Before High School, 2014, , , , USA
100 Things to Do Before High School, 2014, Join a Club Thing! , 1.14, , }	USA
100 Words For, 2011, , , , Canada
100 Years of Horror, 1996, 100 Years of Horror: Gory Gimmicks , 1.18, , }	USA
100 Years of Horror, 1996, Baron Frankenstein , 1.4, , }	USA
100 Years of Horror, 1996, Blood-Drinking Beings , 1.2, , }	USA
100 Years of Horror, 1996, Demons , 1.12, , }		USA
100 Years of Horror, 1996, Dr. Jekyll and Mr. Hyde , 1.5, , }	USA
100 Years of Horror, 1996, Frankenstein's Friends , 1.3, , }	USA
100 Years of Horror, 1996, Ghosts , 1.9, , }		USA
100 Years of Horror, 1996, Girl Ghouls , 1.16, , }	USA
100 Years of Horror, 1996, Man-Made Monsters , 1.24, , }	USA
100 Years of Horror, 1996, Mummies , 1.21, , }		USA
100 Years of Horror, 1996, Phantoms , 1.10, , }		USA
100 Years of Horror, 1996, Sorcerers , 1.19, , }	USA
100 Years of Horror, 1996, Witches , 1.11, , }		USA
100 Years of Terror, 2000, , , , USA
100 amis, 2017, , , , Canada
100 a�os de M�sica, 2000, , , , Mexico
100 deutsche Jahre, 1998, , , , Germany
100 films par 100 personnalit�s, 1998, , , , France
100 h�jdare, 2004, , , , {(#5.1)}				Sweden
100 h�jdare, 2004, , , , {(#5.3)}				Sweden
100 h�jdare, 2004, , , , {(#5.5)}				Sweden
100 h�jdare, 2004, , , , {(#5.7)}				Sweden
100 h�jdare, 2004, Sveriges roligaste �gonblick 10-1 , 1.9, , }	Sweden
100 h�jdare, 2004, Sveriges roligaste �gonblick 22-11 , 1.8, , }	Sweden
100 h�jdare, 2004, Sveriges roligaste �gonblick 45-35 , 1.6, , }	Sweden
100 h�jdare, 2004, Sveriges roligaste �gonblick 66-56 , 1.4, , }	Sweden
100 h�jdare, 2004, Sveriges roligaste �gonblick 88-78 , 1.2, , }	Sweden
100 h�jdare, 2004, V�rldens sk�naste land - Del 1 , 6.1, , }	Sweden
100 mexicanos dijieron, 2009, , , , Mexico
100 oku no otoko, 1995, , , , Japan
100 �rs indvandring, 2003, , , , Denmark
100% De Dhana Dhan, 2009, , , , India
100% Hotter, 2016, , , , UK
100% Hotter, 2016, , , , {(#1.10)}				UK
100% Hotter, 2016, , , , {(#1.3)}				UK
100% Hotter, 2016, , , , {(#1.5)}				UK
100% Hotter, 2016, , , , {(#1.7)}				UK
100% Hotter, 2016, , , , {(#1.9)}				UK
100% Nikos Mastorakis, 1997, , , , Greece
100% Senorita, 2003, , , , Taiwan
100% bakvis, 2002, , , , Belgium
100% cinemaspop, 2002, , , , Spain
100% mujer, 2003, , , , Mexico
100%, 1997, , , , UK
100%, 1999, , , , UK
1000 Days for the Planet: The Human Adventure, 2013, , , , Canada
1000 Jahre Byzanz, 1975, , , , West Germany
1000 Ways to Die, 2008, , , , USA
1000 milia gefseis, 2014, , , , Greece
1000 millones, 2002, , , , Israel
1000 millones, 2002, , , , {(#1.100)}			Argentina
1000 millones, 2002, , , , {(#1.102)}			Argentina
1000 millones, 2002, , , , {(#1.104)}			Argentina
1000 millones, 2002, , , , {(#1.106)}			Argentina
1000 millones, 2002, , , , {(#1.108)}			Argentina
1000 millones, 2002, , , , {(#1.11)}			Argentina
1000 millones, 2002, , , , {(#1.111)}			Argentina
1000 millones, 2002, , , , {(#1.113)}			Argentina
1000 millones, 2002, , , , {(#1.115)}			Argentina
1000 millones, 2002, , , , {(#1.117)}			Argentina
1000 millones, 2002, , , , {(#1.119)}			Argentina
1000 millones, 2002, , , , {(#1.13)}			Argentina
1000 millones, 2002, , , , {(#1.15)}			Argentina
1000 millones, 2002, , , , {(#1.17)}			Argentina
1000 millones, 2002, , , , {(#1.19)}			Argentina
1000 millones, 2002, , , , {(#1.20)}			Argentina
1000 millones, 2002, , , , {(#1.22)}			Argentina
1000 millones, 2002, , , , {(#1.24)}			Argentina
1000 millones, 2002, , , , {(#1.26)}			Argentina
1000 millones, 2002, , , , {(#1.28)}			Argentina
1000 millones, 2002, , , , {(#1.3)}				Argentina
1000 millones, 2002, , , , {(#1.31)}			Argentina
1000 millones, 2002, , , , {(#1.33)}			Argentina
1000 millones, 2002, , , , {(#1.35)}			Argentina
1000 millones, 2002, , , , {(#1.37)}			Argentina
1000 millones, 2002, , , , {(#1.39)}			Argentina
1000 millones, 2002, , , , {(#1.40)}			Argentina
1000 millones, 2002, , , , {(#1.42)}			Argentina
1000 millones, 2002, , , , {(#1.44)}			Argentina
1000 millones, 2002, , , , {(#1.46)}			Argentina
1000 millones, 2002, , , , {(#1.48)}			Argentina
1000 millones, 2002, , , , {(#1.5)}				Argentina
1000 millones, 2002, , , , {(#1.51)}			Argentina
1000 millones, 2002, , , , {(#1.53)}			Argentina
1000 millones, 2002, , , , {(#1.55)}			Argentina
1000 millones, 2002, , , , {(#1.57)}			Argentina
1000 millones, 2002, , , , {(#1.59)}			Argentina
1000 millones, 2002, , , , {(#1.60)}			Argentina
1000 millones, 2002, , , , {(#1.62)}			Argentina
1000 millones, 2002, , , , {(#1.64)}			Argentina
1000 millones, 2002, , , , {(#1.66)}			Argentina
1000 millones, 2002, , , , {(#1.68)}			Argentina
1000 millones, 2002, , , , {(#1.7)}				Argentina
1000 millones, 2002, , , , {(#1.71)}			Argentina
1000 millones, 2002, , , , {(#1.73)}			Argentina
1000 millones, 2002, , , , {(#1.75)}			Argentina
1000 millones, 2002, , , , {(#1.77)}			Argentina
1000 millones, 2002, , , , {(#1.79)}			Argentina
1000 millones, 2002, , , , {(#1.80)}			Argentina
1000 millones, 2002, , , , {(#1.82)}			Argentina
1000 millones, 2002, , , , {(#1.84)}			Argentina
1000 millones, 2002, , , , {(#1.86)}			Argentina
1000 millones, 2002, , , , {(#1.88)}			Argentina
1000 millones, 2002, , , , {(#1.9)}				Argentina
1000 millones, 2002, , , , {(#1.91)}			Argentina
1000 millones, 2002, , , , {(#1.93)}			Argentina
1000 millones, 2002, , , , {(#1.95)}			Argentina
1000 millones, 2002, , , , {(#1.97)}			Argentina
1000 millones, 2002, , , , {(#1.99)}			Argentina
1000 oficios, 2001, , , , Peru
1000 seconden, 2003, , , , Netherlands
1000 �r - En svensk historia, 1980, , , , Sweden
1000 �r - En svensk historia, 1980, Helig �r bruttonationalprodukten - 1900-talet , 1.6, , }	Sweden
1000 �r - En svensk historia, 1980, Med en kraft av inre eld - 1800-talet , 1.5, , }	Sweden
1000 �rs Tro, 2016, , , , Denmark
1001 Nights, 2010, , , , Canada
1001 Tardes, 1995, , , , Portugal
1002 Momentos de la tele, 2012, , , , Argentina
1002 Momentos de la tele, 2012, , , , {(#1.10)}		Argentina
1002 Momentos de la tele, 2012, , , , {(#1.12)}		Argentina
1002 Momentos de la tele, 2012, , , , {(#1.2)}		Argentina
1002 Momentos de la tele, 2012, , , , {(#1.4)}		Argentina
1002 Momentos de la tele, 2012, , , , {(#1.6)}		Argentina
1002 Momentos de la tele, 2012, , , , {(#1.8)}		Argentina
1002 Momentos de la tele, 2012, , , , {(#2.1)}		Argentina
1002 Momentos de la tele, 2012, , , , {(#2.11)}		Argentina
1002 Momentos de la tele, 2012, , , , {(#2.2)}		Argentina
1002 Momentos de la tele, 2012, , , , {(#2.4)}		Argentina
1002 Momentos de la tele, 2012, , , , {(#2.6)}		Argentina
1002 Momentos de la tele, 2012, , , , {(#2.8)}		Argentina
100th Canadian Tire National Skating Championships, 2014, , , , Canada
101 Amazing Thrills, 2015, , , , USA
101 Cars You Must Drive, 2008, , , , USA
101 Dalmatian Street, 2018, , , , USA
101 Dates, 2010, , , , New Zealand
101 Favorite Stars Way Back When, 2007, , , , USA
101 Incredible Celebrity Slimdowns, 2006, , , , USA
101 More Amazing Places to Chowdown, 2014, , , , USA
101 Sand n' Surf Hotspots, 2015, 101 Sand n' Surf Hotspots: 20 to 1 , 1.10, , }	USA
101 S�tt att �ka ur en gameshow, 2011, , , , {(#1.10)}	Sweden
101 S�tt att �ka ur en gameshow, 2011, , , , {(#1.3)}	Sweden
101 S�tt att �ka ur en gameshow, 2011, , , , {(#1.5)}	Sweden
101 S�tt att �ka ur en gameshow, 2011, , , , {(#1.7)}	Sweden
101 S�tt att �ka ur en gameshow, 2011, , , , {(#1.9)}	Sweden
101 Ways to Get Rejected, 2013, , , , USA
101 Ways to Leave a Gameshow, 2010, , , , UK
101 Ways to Leave a Gameshow: Israel, 2011, , , , Israel
101 vragen aan..., 2007, , , , Belgium
101%, 2007, , , , France
101%, 2007, , , , {(2007-06-05)}				France
101%, 2007, , , , {(2007-06-07)}				France
101%, 2007, , , , {(2007-06-11)}				France
101%, 2007, , , , {(2007-06-13)}				France
101%, 2007, , , , {(2007-06-15)}				France
101%, 2007, , , , {(2007-06-19)}				France
101%, 2007, , , , {(2007-06-21)}				France
101%, 2007, , , , {(2007-06-26)}				France
101%, 2007, , , , {(2007-06-28)}				France
101%, 2007, , , , {(2007-07-02)}				France
101%, 2007, , , , {(2007-07-04)}				France
101%, 2007, , , , {(2007-07-06)}				France
101%, 2007, , , , {(2007-07-10)}				France
101%, 2007, , , , {(2007-07-12)}				France
101%, 2007, , , , {(2007-09-10)}				France
101%, 2007, , , , {(2007-09-19)}				France
101%, 2007, , , , {(2007-10-12)}				France
101%, 2007, , , , {(2007-11-20)}				France
101%, 2007, , , , {(2008-03-04)}				France
101%, 2007, , , , {(2008-04-01)}				France
101%, 2007, , , , {(2008-04-09)}				France
101%, 2007, , , , {(2008-04-22)}				France
101%, 2007, , , , {(2008-07-07)}				France
101%, 2007, , , , {(2008-10-20)}				France
101%, 2007, , , , {(2008-11-04)}				France
101%, 2007, , , , {(2008-12-01)}				France
101%, 2007, , , , {(2008-12-15)}				France
101%, 2007, , , , {(2009-01-26)}				France
101%, 2007, , , , {(2009-02-23)}				France
101%, 2007, , , , {(2009-03-16)}				France
101%, 2007, , , , {(2009-03-30)}				France
101%, 2007, , , , {(2009-05-04)}				France
101%, 2007, , , , {(2009-06-15)}				France
101%, 2007, , , , {(2009-09-14)}				France
101%, 2007, , , , {(2009-11-09)}				France
101%, 2007, , , , {(2010-01-25)}				France
101%, 2007, , , , {(2010-03-22)}				France
101%, 2007, , , , {(2010-06-14)}				France
101%, 2007, , , , {(2010-09-27)}				France
101%, 2007, , , , {(2011-04-11)}				France
101%, 2007, , , , {(2011-05-24)}				France
101%, 2007, , , , {(2011-06-10)}				France
101%, 2007, , , , {(2011-06-20)}				France
101%, 2007, , , , {(2011-09-05)}				France
101%, 2007, , , , {(2012-02-13)}				France
101%, 2007, , , , {(2012-03-12)}				France
101%, 2007, , , , {(2012-06-11)}				France
101%, 2007, , , , {(2015-01-20)}				France
1010 Harlem Shake, 2014, , , , USA
10454, 2017/I, , , , USA
106 & Park Top 10 Live, 2000, , , , USA
106 & Park: Prime, 2003, , , , USA
1066, 2009, , , , UK
1066, 2009, The Last Battle , 1.2, , }			UK
1066: A Year to Conquer England, 2017, , , , {(#1.1)}	UK
1066: A Year to Conquer England, 2017, , , , {(#1.3)}	UK
107 Kim Possible Facts, 2017, , , , USA
1080NerdScope, 2015, , , , Germany
10i entoli, 2004, , , , Greece
10th Muse, ????, , , , USA
10vor10, 1990, , , , Switzerland
10x10, 1989, Physics for Fish , 6.8, , }		UK
11 Eyes, 2009, , , , Japan
11 Somerset, 2004, , , , Canada
11 nin mo iru!, 2011, , , , Japan
11 tras el bal�n, 2003, , , , Mexico
11-M, para que nadie lo olvide, 2011, , , , Spain
11.22.63, 2016, Happy Birthday, Lee Harvey Oswald , 1.6, , }	USA
11.22.63, 2016, Soldier Boy , 1.7, , }			USA
11.22.63, 2016, The Eyes of Texas , 1.4, , }		USA
11.22.63, 2016, The Rabbit Hole , 1.1, , }		USA
110% Tony Squires, 2004, , , , Australia
112 - Sie retten dein Leben, 2008, , , , Germany
112 - Sie retten dein Leben, 2008, , , , {(#1.10)}		Germany
112 - Sie retten dein Leben, 2008, , , , {(#1.101)}		Germany
112 - Sie retten dein Leben, 2008, , , , {(#1.103)}		Germany
112 - Sie retten dein Leben, 2008, , , , {(#1.105)}		Germany
112 - Sie retten dein Leben, 2008, , , , {(#1.107)}		Germany
112 - Sie retten dein Leben, 2008, , , , {(#1.109)}		Germany
112 - Sie retten dein Leben, 2008, , , , {(#1.110)}		Germany
112 - Sie retten dein Leben, 2008, , , , {(#1.13)}		Germany
112 - Sie retten dein Leben, 2008, , , , {(#1.15)}		Germany
112 - Sie retten dein Leben, 2008, , , , {(#1.17)}		Germany
112 - Sie retten dein Leben, 2008, , , , {(#1.19)}		Germany
112 - Sie retten dein Leben, 2008, , , , {(#1.20)}		Germany
112 - Sie retten dein Leben, 2008, , , , {(#1.22)}		Germany
112 - Sie retten dein Leben, 2008, , , , {(#1.24)}		Germany
112 - Sie retten dein Leben, 2008, , , , {(#1.26)}		Germany
112 - Sie retten dein Leben, 2008, , , , {(#1.28)}		Germany
112 - Sie retten dein Leben, 2008, , , , {(#1.3)}		Germany
112 - Sie retten dein Leben, 2008, , , , {(#1.31)}		Germany
112 - Sie retten dein Leben, 2008, , , , {(#1.33)}		Germany
112 - Sie retten dein Leben, 2008, , , , {(#1.35)}		Germany
112 - Sie retten dein Leben, 2008, , , , {(#1.37)}		Germany
112 - Sie retten dein Leben, 2008, , , , {(#1.4)}		Germany
112 - Sie retten dein Leben, 2008, , , , {(#1.5)}		Germany
112 - Sie retten dein Leben, 2008, , , , {(#1.63)}		Germany
112 - Sie retten dein Leben, 2008, , , , {(#1.65)}		Germany
112 - Sie retten dein Leben, 2008, , , , {(#1.67)}		Germany
112 - Sie retten dein Leben, 2008, , , , {(#1.69)}		Germany
112 - Sie retten dein Leben, 2008, , , , {(#1.70)}		Germany
112 - Sie retten dein Leben, 2008, , , , {(#1.72)}		Germany
112 - Sie retten dein Leben, 2008, , , , {(#1.74)}		Germany
112 - Sie retten dein Leben, 2008, , , , {(#1.76)}		Germany
112 - Sie retten dein Leben, 2008, , , , {(#1.78)}		Germany
112 - Sie retten dein Leben, 2008, , , , {(#1.8)}		Germany
112 - Sie retten dein Leben, 2008, , , , {(#1.81)}		Germany
112 - Sie retten dein Leben, 2008, , , , {(#1.83)}		Germany
112 - Sie retten dein Leben, 2008, , , , {(#1.85)}		Germany
112 - Sie retten dein Leben, 2008, , , , {(#1.87)}		Germany
112 - Sie retten dein Leben, 2008, , , , {(#1.89)}		Germany
112 - Sie retten dein Leben, 2008, , , , {(#1.90)}		Germany
112 - Sie retten dein Leben, 2008, , , , {(#1.92)}		Germany
112 - Sie retten dein Leben, 2008, , , , {(#1.94)}		Germany
112 - Sie retten dein Leben, 2008, , , , {(#1.96)}		Germany
112 - Sie retten dein Leben, 2008, , , , {(#1.98)}		Germany
112 - Sie retten dein Leben, 2008, Doreens Zusammenbruch , 1.46, , }	Germany
112 - Sie retten dein Leben, 2008, Ein Ungl�ck kommt selten allein , 1.53, , }	Germany
112 - Sie retten dein Leben, 2008, Einbruch in die Schule , 1.49, , }	Germany
112 - Sie retten dein Leben, 2008, Eingeklemmt im Bettkasten , 1.57, , }	Germany
112 - Sie retten dein Leben, 2008, Florian ger�t in Lebensgefahr , 1.50, , }	Germany
112 - Sie retten dein Leben, 2008, Gef�hlschaos bei Steffi , 1.45, , }	Germany
112 - Sie retten dein Leben, 2008, Heikos Romantik wird gef�hrlich , 1.39, , }	Germany
112 - Sie retten dein Leben, 2008, Massenkarambolage , 1.62, , }	Germany
112 - Sie retten dein Leben, 2008, Rauchen kann t�dlich sein , 1.59, , }	Germany
112 - Sie retten dein Leben, 2008, Stromschlag , 1.51, , }	Germany
112 - Sie retten dein Leben, 2008, Turbulente Taxifahrt , 1.47, , }	Germany
112 - Sie retten dein Leben, 2008, �rzte f�r S�dafrika , 1.42, , }	Germany
112 Aina, 2013, , , , Sweden
112 auttajat, 1999, , , , Finland
117 ting du absolut b�r vide, 2010, , , , Denmark
11pm, 1965, , , , Japan
12 Adventures: The 12 Adventures of Incredibly Imperfect Ali Gilmore, 2016, , , , USA
12 Again, 2012, Doctor Who Special , 3.10, , }		UK
12 Books That Changed the World, 2006, , , , UK
12 British Poets, 1984, , , , UK
12 Corazones, 2005, , , , USA
12 Jahre, 3 Monate, 9 Tage - Die Jahreschronik des Dritten Reichs, 2006, , , , Germany
12 Miles of Bad Road, 2007, , , , USA
12 Monkeys, 2015, , , , USA
12 Months of June, 2014, , , , USA
12 O'Clock High, 1964, , , , USA
12 O'Clock High, 1964, P.O.W.: Part One , 1.30, , }	USA
12 Sided Die, 2011, , , , USA
12 Sided Die, 2011, Cynthia , 1.2, , }			USA
12 Sided Die, 2011, Nicole's Mission , 1.4, , }		USA
12 Sided Die, 2011, The Saga of Eric , 1.5, , }		USA
12 Steps to Recovery, 2010, , , , USA
12 TeEn, 2014, , , , USA
12 corazones, 2004, , , , USA
12 corazones: Rumbo al altar, 2006, , , , Mexico
12 kokuki, 2002, , , , Japan
12 kokuki, 2002, A Great Distance in the Wind, the Sky at Dawn: Part 10 , 1.33, , }	Japan
12 kokuki, 2002, A Great Distance in the Wind, the Sky at Dawn: Part 12 , 1.35, , }	Japan
12 kokuki, 2002, A Great Distance in the Wind, the Sky at Dawn: Part 14 , 1.37, , }	Japan
12 kokuki, 2002, A Great Distance in the Wind, the Sky at Dawn: Part 2 , 1.24, , }	Japan
12 kokuki, 2002, A Great Distance in the Wind, the Sky at Dawn: Part 4 , 1.26, , }	Japan
12 kokuki, 2002, A Great Distance in the Wind, the Sky at Dawn: Part 6 , 1.28, , }	Japan
12 kokuki, 2002, A Great Distance in the Wind, the Sky at Dawn: Part 9 , 1.32, , }	Japan
12 kokuki, 2002, A Great Distance in the Wind, the Sky at Dawn: The Final Chapter , 1.39, , }	Japan
12 kokuki, 2002, Sea God of the East, Azure Sea of the West: Final Chapter , 1.44, , }	Japan
12 kokuki, 2002, Sea God of the East, Azure Sea of the West: Part 2 , 1.42, , }	Japan
12 kokuki, 2002, Sea God of the East, Azure Sea of the West: Reminiscence Chapter , 1.45, , }	Japan
12 kokuki, 2002, Sea of the Wind, Shore of the Labyrinth: Chapter of Reminiscence , 1.21, , }	Japan
12 kokuki, 2002, Sea of the Wind, Shore of the Labyrinth: Part 2 , 1.16, , }	Japan
12 kokuki, 2002, Sea of the Wind, Shore of the Labyrinth: Part 4 , 1.18, , }	Japan
12 kokuki, 2002, Sea of the Wind, Shore of the Labyrinth: The Final Chapter , 1.20, , }	Japan
12 kokuki, 2002, Shadow of the Moon, Sea of the Shadow: Part 1 , 1.1, , }	Japan
12 kokuki, 2002, Shadow of the Moon, Sea of the Shadow: Part 11 , 1.11, , }	Japan
12 kokuki, 2002, Shadow of the Moon, Sea of the Shadow: Part 2 , 1.2, , }	Japan
12 kokuki, 2002, Shadow of the Moon, Sea of the Shadow: Part 4 , 1.4, , }	Japan
12 kokuki, 2002, Shadow of the Moon, Sea of the Shadow: Part 6 , 1.6, , }	Japan
12 kokuki, 2002, Shadow of the Moon, Sea of the Shadow: Part 8 , 1.8, , }	Japan
12 kokuki, 2002, Shadow of the Moon, Sea of the Shadow: The Final Chapter , 1.13, , }	Japan
12 oz. Mouse, 2005, , , , USA
12 s polovinoy kresel ili Vsyo naoborot, 1996, , , , Russia
12 stulyev, 1977, , , , Soviet Union
12-Sai. Chiccha na Mune no Tokimeki, 2016, , , , Japan
120 Minutes, 1990, , , , UK
120 Minutes, 1991, , , , {Jeff Buckley}			USA
120 a�os de BANAMEX, 2004, , , , Mexico
125 a�os del Banco Nacional de M�xico, 2009, , , , Mexico
127 wensen: op reis met..., 2003, , , , Netherlands
12th IAAF World Championships in Athletics Berlin 2009, 2009, , , , Germany
13 Demon Street, 1959, , , , USA
13 Demon Street, 1959, , , , {Fever}			Sweden
13 Geboden, 2016, , , , Belgium
13 Going on 13, ????, , , , USA
13 News WOWK, 2011, , , , USA
13 Nights of Elvira, 2014, Cannibal Women in the Avocado Jungle of Death , 1.1, , }	USA
13 Queens Boulevard, 1979, , , , USA
13 Reasons Why, 2017, , , , USA
13 Steps Down, 2012, , , , {(#1.1)}				UK
13 Stories TV Originals, 2016, , , , USA
13 Witches, 2012, , , , Canada
13 en Libertad, 2013, , , , Mexico
13 heures le journal, 1981, , , , {(2008-12-26)}		France
13 in de oorlog, 2009, , , , Netherlands
13 in de oorlog, 2009, Bevrijding , 1.12, , }		Netherlands
13 in de oorlog, 2009, Een stad in brand , 1.1, , }	Netherlands
13 in de oorlog, 2009, Gewapend verzet , 1.7, , }	Netherlands
13 in de oorlog, 2009, Indi� , 1.11, , }		Netherlands
13 in de oorlog, 2009, NSB , 1.3, , }			Netherlands
13 in de oorlog, 2009, Vernietiging , 1.8, , }		Netherlands
13 maneres de quedar-se sol, 2012, , , , Spain
13 posterunek 2, 2000, , , , Poland
13 x 13, 1987, , , , Spain
13, 2014, , , , Russia
13. komnata, 2006, , , , Czech Republic
13/11, 2017, , , , Italy
135 Spring St., 2018, , , , USA
136, 2012, , , , Greece
13: Fear Is Real, 2009, , , , USA
13WHAM News This Morning, 2006, , , , USA
13mil, 2015, , , , Spain
13mil, 2015, Deborah , 1.5, , }				Spain
13mil, 2015, Jessica , 1.7, , }				Spain
13mil, 2015, Yolanda , 1.4, , }				Spain
13o anakritiko grafeio, 1971, , , , Greece
13th Grade, 2010, , , SUSPENDED, USA
13th IAAF World Championships in Athletics Daegu 2011, 2011, , , , South Korea
14 Keys, 2016, The Sick and the Dying , 1.2, , }	Canada
14 Tageb�cher des Ersten Weltkriegs, 2014, , , , France
14 Tageb�cher des Ersten Weltkriegs, 2014, , , , Austria
14 Tageb�cher des Ersten Weltkriegs, 2014, , , , UK
14 up 2000, 2007, , , , UK
14.000.000.000$!!!, 2013, , , , Greece
14.000.000.000$!!!, 2013, , , , {(#1.2)}			Greece
14.000.000.000$!!!, 2013, , , , {(#1.4)}			Greece
14.000.000.000$!!!, 2013, , , , {(#1.6)}			Greece
1491: The Untold Story of the Americas Before Columbus, 2017, , , , Canada
15 Det �r mitt liv: S� himla k�r, 2013, , , , Sweden
15 Kids and Counting, 2012, , , , UK
15 Minutes to Obscurity, ????, , , , USA
15 Minutes, 2015, , , , USA
15 Storeys High, 2002, , , , UK
15 minutos de fama, 2014, , , , Canada
15 minutter, 2004, , , , Denmark
15 sai no bur�su, 2005, , , , Japan
15 zona: Cerco �s matalobos, 2011, , , , Spain
15/Love, 2004, , , , France
150 a�os del Ateneo Fuente, 2017, , , , Mexico
15th FINA World Championships Barcelona 2013, 2013, , , , USA
16 Days: Columbia's Final Mission, 2003, , , , USA
16 Miljoen Rechters, 2006, , , , Netherlands
16 and Pregnant, 2009, , , , USA
16 for '16: The Contenders, 2016, , , , USA
16 puta Bojan, 1986, , , , Yugoslavia
16 x Deutschland - Menschen - Orte - Geschichten, 2013, , , , {Bayern}	Germany
16 x Deutschland - Menschen - Orte - Geschichten, 2013, , , , {Brandenburg}	Germany
16 x Deutschland - Menschen - Orte - Geschichten, 2013, , , , {Hamburg}	Germany
16 x Deutschland - Menschen - Orte - Geschichten, 2013, , , , {Mecklenburg-Vorpommern}	Germany
16 x Deutschland - Menschen - Orte - Geschichten, 2013, , , , {Nordrhein-Westfalen}	Germany
16 x Deutschland - Menschen - Orte - Geschichten, 2013, , , , {Saarland}	Germany
16 x Deutschland - Menschen - Orte - Geschichten, 2013, , , , {Sachsen}	Germany
16 x Deutschland - Menschen - Orte - Geschichten, 2013, , , , {Th�ringen}	Germany
16, 2003, , , , Chile
16, Calle Descartes, 2016, , , , Argentina
1600 Penn, 2012, , , , USA
1600 Penn, 2012, Dinner, Bath, Puzzle , 1.11, , }	USA
161 Feet Under, 2018, , , , USA
168 hodin, 2005, , , , Czech Republic
16th & 8th, 2011, , , , USA
16x9: The Bigger Picture, 2008, , , , Canada
17 - o poveste despre destin, 2008, , , , Romania
17 - o poveste despre destin, 2008, Azi cinstea se plateste , 1.3, , }	Romania
17 - o poveste despre destin, 2008, O a doua sansa... , 1.8, , }	Romania
17 - o poveste despre destin, 2008, O lume nebuna , 1.7, , }	Romania
17 - o poveste despre destin, 2008, Tradare in masa , 1.4, , }	Romania
17 Meter - Wie weit kannst du gehn?, 2011, , , , Germany
17, 2005/I, , , , Chile
1714. El preu de la llibertat, 2014, , , SUSPENDED, Spain
1788... et demi, 2010, , , , France
17:38, 2016, , , , USA
17th Annual American Century Championship, 2006, , , , USA
18 - Allein unter M�dchen, 2004, , , , Germany
18 - Clash of Futures, 2018, , , , France
18 - Clash of Futures, 2018, , , , Vietnam
18 Wheels of Justice, 2000, , , , USA
18 Years Old, 2006, , , , USA
18 i +, 2006, , , , Spain
18 to Life, 2010, A Modest Proposal , 1.1, , }		Canada
18 to Life, 2010, Detour , 1.4, , }			Canada
18 to Life, 2010, Guess Who's Coming to Dinner , 1.10, , }	Canada
18 to Life, 2010, In Sickness and in Health , 1.11, , }	Canada
18 to Life, 2010, No Strings Attached , 1.2, , }	Canada
18 to Life, 2010, Wingman , 1.12, , }			Canada
18 to Look Younger, 2018, , , , USA
18, 2008, , , , Spain
180 Days: A Year Inside an American High School, 2013, , , , USA
180 Degree, 2011, , , , Albania
180 grader, 1994, , , , Denmark
1800 Success, 2017, , , , Australia
1809, 2009, , , , Sweden
1809, 2009, Den andra revolutionen , 1.8, , }		Sweden
1809, 2009, Den sista uppg�relsen , 1.11, , }		Sweden
1809, 2009, Hotet mot kungarna , 1.1, , }		Sweden
1809, 2009, I fiendens h�nder , 1.4, , }		Sweden
1809, 2009, N�r segrarna skriver historien , 1.13, , }	Sweden
1809, 2009, Om tingen kunde tala , 1.9, , }		Sweden
180�, 2005, , , , Spain
1812, 2012, , , , Russia
1812: El mar de la libertad, 2006, , , , Spain
1814, 1989, Diktat fra Kiel , 1.1, , }			Norway
1814, 1989, Kamp mot eneveldet , 1.2, , }		Norway
1821, 2011, , , , Greece
1857 Kranti, 2000, , , , India
1864, 2014, , , , Denmark
1864, 2014, , , , Sweden
1864, 2014, , , , {(#1.1)}					Denmark
1864, 2014, , , , {(#1.3)}					Denmark
1864, 2014, , , , {(#1.5)}					Denmark
1864, 2014, , , , {(#1.7)}					Denmark
187 Zombie Lane: Webisodes, 2015, , , , USA
18:30, 1995, , , , Germany
19 Keys, 2003, , , , UK
19+, 2016, , , , Poland
19-2, 2011, , , , Canada
19-2, 2014, Burn Pile , 3.1, , }			Canada
19/20, 1986, , , , France
190 North, 1999, , , , USA
1910, 2009, , , , Chile
1915, 1982, , , , Australia
1916 Seachtar na C�sca, 2010, , , , Ireland
1916: Every County Has a Story, 2016, , , , Ireland
1916: The Irish Rebellion, 2016, , , , Ireland
1920. Wojna i milosc, 2011, , , , Poland
1924, 2010, , , , Japan
1929, 2009, , , , USA
1931 Love Story, 2016, , , , China
1941, 2009, , , , Russia
1942, 2011, , , , Russia
1944, 1984, , , , Poland
1945 - Schlachtfeld Deutschland, 2005, , , , Germany
1945: 12 St�dte, 12 Schicksale, 2015, , , , Germany
1945: 12 St�dte, 12 Schicksale, 2015, Augsburg - Die Entnazifizierung , 1.6, , }	Germany
1945: 12 St�dte, 12 Schicksale, 2015, Berlin - Der Neubeginn , 1.12, , }	Germany
1945: 12 St�dte, 12 Schicksale, 2015, K�ln die Zerst�rung , 1.1, , }	Germany
1945: 12 St�dte, 12 Schicksale, 2015, N�rnberg - Die Fanatiker , 1.4, , }	Germany
1945: 12 St�dte, 12 Schicksale, 2015, Plauen - Die Kindersoldaten , 1.9, , }	Germany
1945: The Year That Changed the World, 2004, , , , UK
1948 World Series, 1948, , , , USA
195 Lewis, 2014, , , , USA
1951 World Series, 1951, , , , USA
1953 World Series, 1953, , , , USA
1955 World Series, 1955, , , , USA
1957 World Series, 1957, , , , USA
1959 World Series, 1959, , , , USA
1960 World Series, 1960, , , , USA
1962 World Series, 1962, , , , USA
1964 World Series, 1964, , , , USA
1965 World Series, 1965, , , , USA
1967 World Series, 1967, , , , USA
1969 American League Championship Series, 1969, , , , USA
1969 World Series, 1969, , , , USA
1970 National League Championship Series, 1970, , , , USA
1971 American League Championship Series, 1971, , , , USA
1971 World Series, 1971, , , , USA
1972 National League Championship Series, 1972, , , , USA
1973 American League Championship Series, 1973, , , , USA
1973 World Series, 1973, , , , USA
1973, journal de guerre, 2013, , , , Israel
1974 National League Championship Series, 1974, , , , USA
1975 American League Championship Series, 1975, , , , USA
1975 World Series, 1975, , , , USA
1976 National League Championship Series, 1976, , , , USA
1976 Presidential Debates, 1976, , , , {(#1.3)}		USA
1977 American League Championship Series, 1977, , , , USA
1977 World Series, 1977, , , , USA
1978 National League Championship Series, 1978, , , , USA
1979 National League Championship Series, 1979, , , , USA
1980 American League Championship Series, 1980, , , , USA
1980 Presidential Debates, 1980, , , , USA
1980 World Series, 1980, , , , USA
1981 National League Championship Series, 1981, , , , USA
1982 American League Championship Series, 1982, , , , USA
1982 NBA Finals, 1982, , , , USA
1982 World Series, 1982, , , , USA
1983 National League Championship Series, 1983, , , , USA
1984 American League Championship Series, 1984, , , , USA
1984 NBA Eastern Conference Finals, 1984, , , , USA
1984 Presidential Debates, 1984, , , , USA
1984 Republican National Convention, 1984, , , , USA
1984, 2013, , , , Australia
1985 National League Championship Series, 1985, , , , USA
1986 American League Championship Series, 1986, , , , USA
1986 NBA Eastern Conference Finals, 1986, , , , USA
1986 World Series, 1986, , , , USA
1986, 2017, , , , Portugal
1987 Major Indoor Soccer League Championship, 1987, , , , USA
1988 American League Championship Series, 1988, , , , USA
1988 Presidential Debates, 1988, , , , USA
1989 American League Championship Series, 1989, , , , USA
1989 Stanley Cup Finals, 1989, , , , Canada
199 Park Lane, 1965, , , , UK
1990 National League Championship Series, 1990, , , , USA
1990, 1977, , , , UK
1990Something, ????, , , , USA
1991 National League Championship Series, 1991, , , , USA
1992 American League Championship Series, 1992, , , , USA
1992 College World Series, 1992, , , , USA
1992 Presidential Debates, 1992, , , , USA
1992, 2015, , , , {(#1.1)}					Italy
1992, 2015, , , , {(#1.2)}					Italy
1992, 2015, , , , {(#1.4)}					Italy
1992, 2015, , , , {(#1.6)}					Italy
1992, 2015, , , , {(#1.8)}					Italy
1993 American League Championship Series, 1993, , , , USA
1993 National League Championship Series, 1993, , , , USA
1994 Olympic Winter Games, 1994, , , , USA
1995 American League Championship Series, 1995, , , , USA
1995 Stanley Cup Finals, 1995, , , , USA
1996 National League Championship Series, 1996, , , , USA
1996 UEFA European Football Championship, 1996, , , , UK
1997 American League Championship Series, 1997, , , , USA
1997 NFL Draft, 1997, , , , USA
1998 American League Championship Series, 1998, , , , USA
1998 Stanley Cup Finals, 1998, , , , USA
1998 Stanley Cup Finals, 1998, Game 2: Washington Capitals vs. Detriot Red Wings , 1.2, , }	USA
1998 Stanley Cup Finals, 1998, Game 4: Detriot Red Wings vs. Washington Capitals , 1.4, , }	USA
1999 American League Championship Series, 1999, , , , USA
1999 Stanley Cup Finals, 1999, , , , USA
1999, 1985, , , , Denmark
19borders, 2004, , , , Japan
19borders, 2004, , , , {(#1.10)}				Japan
19borders, 2004, , , , {(#1.12)}				Japan
19borders, 2004, , , , {(#1.14)}				Japan
19borders, 2004, , , , {(#1.16)}				Japan
19borders, 2004, , , , {(#1.18)}				Japan
19borders, 2004, , , , {(#1.2)}				Japan
19borders, 2004, , , , {(#1.21)}				Japan
19borders, 2004, , , , {(#1.23)}				Japan
19borders, 2004, , , , {(#1.25)}				Japan
19borders, 2004, , , , {(#1.27)}				Japan
19borders, 2004, , , , {(#1.29)}				Japan
19borders, 2004, , , , {(#1.30)}				Japan
19borders, 2004, , , , {(#1.32)}				Japan
19borders, 2004, , , , {(#1.34)}				Japan
19borders, 2004, , , , {(#1.36)}				Japan
19borders, 2004, , , , {(#1.38)}				Japan
19borders, 2004, , , , {(#1.4)}				Japan
19borders, 2004, , , , {(#1.41)}				Japan
19borders, 2004, , , , {(#1.43)}				Japan
19borders, 2004, , , , {(#1.45)}				Japan
19borders, 2004, , , , {(#1.47)}				Japan
19borders, 2004, , , , {(#1.49)}				Japan
19borders, 2004, , , , {(#1.50)}				Japan
19borders, 2004, , , , {(#1.7)}				Japan
19borders, 2004, , , , {(#1.9)}				Japan
1:0 f�r Sie, 1954, , , , West Germany
1Conocla5t, 2016, , , , USA
1Life, 2016, , , , UK
1Life, 2016, Divination , 1.1, , }			UK
1Life, 2016, Idi Di Marzo , 1.3, , }			UK
1Life, 2016, Security , 1.4, , }			UK
1MMs, 2003, , , , USA
1PW Television, 2006, , , , UK
1iota Update, 2015, , , , USA
1st Amendment Stand Up, 2005, , , , USA
1st Exposure, 1988, , , , UK
1st Look, 2008, , , , USA
1st Viewing, 2017, , , , USA
1stLook LA, 2008, , , , USA
1� Companhia, 2005, , , , Portugal
2 1/2 Daddies, 2015, , , , Philippines
2 Awkward Dudes, 2014, , , , USA
2 Become, 2016, When All Started... , 1.1, , }		France
2 Broke Girls, 2011, And Hoarder Culture , 1.8, , }	USA
2 Broke Girls, 2011, And Martha Stewart Have a Ball: Part 2 , 1.24, , }	USA
2 Broke Girls, 2011, And the '90s Horse Party , 1.5, , }	USA
2 Broke Girls, 2011, And the Blind Spot , 1.15, , }	USA
2 Broke Girls, 2011, And the Broken Hearts , 1.16, , }	USA
2 Broke Girls, 2011, And the Drug Money , 1.20, , }	USA
2 Broke Girls, 2011, And the Life After Death , 3.11, , }	USA
2 Broke Girls, 2011, And the Old Bike Yarn , 4.4, , }	USA
2 Broke Girls, 2011, And the Pop-Up Sale , 1.12, , }	USA
2 Broke Girls, 2011, And the Reality Check , 1.11, , }	USA
2 Broke Girls, 2011, And the Rich People Problems , 1.4, , }	USA
2 Broke Girls, 2011, And the Soft Opening , 3.1, , }	USA
2 Broke Girls, 2011, And the Upstairs Neighbor , 1.14, , }	USA
2 Broke Girls, 2011, Pilot , 1.1, , }			USA
2 Days 1 Night, 2007, , , , South Korea
2 Days: Terence Crawford, 2015, , , , USA
2 Dudes Catering, 2007, Birthday Wishes and Mexican Dishes , 1.2, , }	USA
2 Dudes Catering, 2007, Food, Fashion and Photoshoots , 1.4, , }	USA
2 Dudes Catering, 2007, Scorpion Fish and Fireworks , 1.1, , }	USA
2 Femmes � Hollywood, 2016, , , , USA
2 Girls 1 Cop, 2010, , , , USA
2 Girls, 1 Cup: The Show, 2008, , , , USA
2 Healthy Chicks, 2014, , , , USA
2 Hollywood, 2011, , , , Belgium
2 Hormigas 1 Presidente, 2015, , , , Peru
2 Live Stews, 2005, , , , USA
2 Mann f�r alle G�nge, 2010, , , , Germany
2 Minutes to Open, 2014, , , , USA
2 Months, $2 Million, 2009, , , , USA
2 Old Goats on Hogs, 2015, , , , USA
2 Point Lead, 2015, , , , USA
2 Semanas, 2010, , , , Bolivia
2 Sips in Time, ????, , , , USA
2 Stupid Dogs, 1993, A Quarter/Egg/Red , 1.6, , }	USA
2 Stupid Dogs, 1993, Cartoon Canines , 2.11, , }	USA
2 Stupid Dogs, 1993, Cornflakes/Greg/Home Is Where Your Head Is , 1.2, , }	USA
2 Stupid Dogs, 1993, Door Jam/Goldflipper/Where's the Bone? , 1.1, , }	USA
2 Stupid Dogs, 1993, Fun! , 2.8, , }			USA
2 Stupid Dogs, 1993, Hollywood's Ark/Scirocco Mole/Trash Day , 1.9, , }	USA
2 Stupid Dogs, 1993, Jerk! , 2.1, , }			USA
2 Stupid Dogs, 1993, Let's Make a Right Price/One Ton/Far-Out Friday , 1.12, , }	USA
2 Stupid Dogs, 1993, Love Doctors/Voodoo Goat/Cat! , 1.13, , }	USA
2 Stupid Dogs, 1993, Pie in the Sky/Hot Rodney/Space Dogs , 1.5, , }	USA
2 Stupid Dogs, 1993, Sheep Dogs/Agent Penny/Spooks-a-Poppin' , 1.8, , }	USA
2 Stupid Dogs, 1993, Spit Soup/Family Values , 2.7, , }	USA
2 Stupid Dogs, 1993, Substitute Teacher/Chameleon/Seeing Eye Dogs , 1.7, , }	USA
2 Tru 2 B Real, 2013, , , , USA
2 di Picche, 2014, , , , Italy
2 fen zhi yi qiang, 2014, , , , Taiwan
2 for Flinching, 2013, The Massage , 1.5, , }		USA
2 fr�res, 1999, , , , Canada
2 k�ru, 2008, , , , Japan
2 minuter med PT-Fia, 2015, , , , Sweden
2 on the Town, 1982, , , , USA
2 plus, 1981, , , , Yugoslavia
2 straten verder, 1999, , , , Belgium
2 x 2, 2013, , , , Morocco
2+4 - Der n-tv Talk, 2004, , , , Germany
2-5499 Ocupado, 1963, , , , Brazil
2-Night Max, 2013, , , , USA
20 Anos, 20 Nomes, 1994, , , , Portugal
20 Dollar, 2011, , , , USA
20 Questions, 1949, , , , USA
20 Reasons I Love, 2012, , , , USA
20 Seconds to Live, 2015, , , , USA
20 Something, 2013, , , , USA
20 Something, 2018, , , , USA
20 Things to Do Before You're 30, 2002, , , , UK
20 Years On, 2014, , , , Israel
20 Years on MTV, 2001, , , , Germany
20 heures le journal, 1981, , , , France
20 let bez lyubvi, 2011, , , , Russia
20 sp�rgsm�l til professoren, 1966, , , , Denmark
20 to 1, 2005, , , , Australia
20 to 1, 2005, 80's Good, Bad & Ugly , 9.15, , }	Australia
20 to 1, 2005, Adults Only 20 to 01: Hottest Stars on the Planet , 8.7, , }	Australia
20 to 1, 2005, Adults Only 20 to 01: World's Most Daring Movies , 8.1, , }	Australia
20 to 1, 2005, Adults Only 20 to 1: Sex on the Screen , 9.1, , }	Australia
20 to 1, 2005, Amazing Moments in Music , 4.4, , }	Australia
20 to 1, 2005, Aussie Scandals , 2.2, , }		Australia
20 to 1, 2005, Best Dummy Spits , 1.2, , }		Australia
20 to 1, 2005, Child Stars: Where Are They Now? , 6.6, , }	Australia
20 to 1, 2005, Crazes and Phases , 3.7, , }		Australia
20 to 1, 2005, Fads and Fashions , 2.10, , }		Australia
20 to 1, 2005, Funny Films , 4.6, , }			Australia
20 to 1, 2005, Great Aussie Ideas, Icons and Inventions , 1.5, , }	Australia
20 to 1, 2005, Great Aussie Songs , 1.3, , }		Australia
20 to 1, 2005, Great Aussie Sporting Heroes , 6.1, , }	Australia
20 to 1, 2005, Greatest Songs of the Decade , 7.3, , }	Australia
20 to 1, 2005, Hits and Misses , 2.4, , }		Australia
20 to 1, 2005, Hollywood's Hot List , 8.14, , }		Australia
20 to 1, 2005, Life-Changing Moments , 4.2, , }		Australia
20 to 1, 2005, Magnificent Movies , 3.14, , }		Australia
20 to 1, 2005, Moments That Stopped the Nation , 1.6, , }	Australia
20 to 1, 2005, Moments of Madness , 1.7, , }		Australia
20 to 1, 2005, Movie Heroes & Villains , 5.1, , }	Australia
20 to 1, 2005, Music with a Message , 6.4, , }		Australia
20 to 1, 2005, Our All Time Favourite Films , 9.11, , }	Australia
20 to 1, 2005, Party Songs , 4.7, , }			Australia
20 to 1, 2005, Rock 'n' Roll Anthems , 8.27, , }	Australia
20 to 1, 2005, Scene-Stealing Songs , 8.12, , }		Australia
20 to 1, 2005, Sexiest Movie Moments , 5.3, , }		Australia
20 to 1, 2005, Sizzling Superstars , 8.15, , }		Australia
20 to 1, 2005, Spectacular Dummy Spits , 2.12, , }	Australia
20 to 1, 2005, TV Couples , 8.11, , }			Australia
20 to 1, 2005, Unscripted and Unplanned , 2.5, , }	Australia
20 to 1, 2005, World's Funniest People , 7.13, , }	Australia
20, Geboren op de dag dat de muur viel, 2009, , , , Netherlands
20,000 Leagues Under the Sea, 1997, , , , Australia
20-Nothings, 2013, , , SUSPENDED, USA
20-Something, 2014, , , , USA
20/20 Downtown, 1999, , , , USA
20/20, 1978, , , , USA
20/20, 1978, , , , {(1978-11-30)}				USA
20/20, 1978, , , , {(1980-01-24)}				USA
20/20, 1978, , , , {(1980-11-26)}				USA
20/20, 1978, , , , {(1983-05-06)}				USA
20/20, 1978, , , , {(1985-05-16)}				USA
20/20, 1978, , , , {(1989-10-06)}				USA
20/20, 1978, , , , {(1992-10-09)}				USA
20/20, 1978, , , , {(1992-12-04)}				USA
20/20, 1978, , , , {(1994-04-22)}				USA
20/20, 1978, , , , {(1997-02-14)}				USA
20/20, 1978, , , , {(1999-12-08)}				USA
20/20, 1978, , , , {(2000-11-06)}				USA
20/20, 1978, , , , {(2002-06-28)}				USA
20/20, 1978, , , , {(2002-12-20)}				USA
20/20, 1978, , , , {(2004-06-18)}				USA
20/20, 1978, , , , {(2004-10-01)}				USA
20/20, 1978, , , , {(2005-01-07)}				USA
20/20, 1978, , , , {(2005-02-11)}				USA
20/20, 1978, , , , {(2005-04-29)}				USA
20/20, 1978, , , , {(2005-06-17)}				USA
20/20, 1978, , , , {(2005-08-19)}				USA
20/20, 1978, , , , {(2005-09-30)}				USA
20/20, 1978, , , , {(2005-12-09)}				USA
20/20, 1978, , , , {(2006-01-06)}				USA
20/20, 1978, , , , {(2006-09-08)}				USA
20/20, 1978, , , , {(2006-11)}				USA
20/20, 1978, , , , {(2007-11-09)}				USA
20/20, 1978, , , , {(2008-02-15)}				USA
20/20, 1978, , , , {(2008-10-10)}				USA
20/20, 1978, , , , {(2008-12-26)}				USA
20/20, 1978, , , , {(2009-07-10)}				USA
20/20, 1978, , , , {(2009-08-07)}				USA
20/20, 1978, , , , {(2009-08-21)}				USA
20/20, 1978, , , , {(2009-09-11)}				USA
20/20, 1978, , , , {(2009-09-25)}				USA
20/20, 1978, , , , {(2009-10-16)}				USA
20/20, 1978, , , , {(2009-10-30)}				USA
20/20, 1978, , , , {(2009-11-13)}				USA
20/20, 1978, , , , {(2009-11-27)}				USA
20/20, 1978, , , , {(2009-12-18)}				USA
20/20, 1978, , , , {(2010-01-15)}				USA
20/20, 1978, , , , {(2010-01-29)}				USA
20/20, 1978, , , , {(2010-02-19)}				USA
20/20, 1978, , , , {(2010-03-26)}				USA
20/20, 1978, , , , {(2010-04-09)}				USA
20/20, 1978, , , , {(2010-04-30)}				USA
20/20, 1978, , , , {(2010-05-14)}				USA
20/20, 1978, , , , {(2010-06-04)}				USA
20/20, 1978, , , , {(2010-07-08)}				USA
20/20, 1978, , , , {(2010-07-23)}				USA
20/20, 1978, , , , {(2010-08-06)}				USA
20/20, 1978, , , , {(2010-08-20)}				USA
20/20, 1978, , , , {(2010-09-03)}				USA
20/20, 1978, , , , {(2010-09-24)}				USA
20/20, 1978, , , , {(2010-12-03)}				USA
20/20, 1978, , , , {(2011-04-22)}				USA
20/20, 1978, , , , {(2012-02-03)}				USA
20/20, 1978, , , , {(2012-03-31)}				USA
20/20, 1978, , , , {(2012-05-11)}				USA
20/20, 1978, , , , {(2013-03-02)}				USA
20/20, 1978, , , , {(2013-11-05)}				USA
20/20, 1978, , , , {(2014-03-15)}				USA
20/20, 1978, , , , {12 Hours of Terror Caught on Tape}	USA
20/20, 1978, , , , {2012-02-03}				USA
20/20, 1978, , , , {7 Wonders}				USA
20/20, 1978, A Capitol Offense , 39.23, , }		USA
20/20, 1978, A Dangerous Intersection , 39.25, , }	USA
20/20, 1978, , , , {A Hidden America: Children of the Plains}	USA
20/20, 1978, , , , {A Shot in the Dark}			USA
20/20, 1978, All Access Nashville with Katie Couric , 35.9, , }	USA
20/20, 1978, , , , {Amanda Knox Reconvicted}		USA
20/20, 1978, , , , {Anchorwoman}				USA
20/20, 1978, , , , {Angels & Demons}			USA
20/20, 1978, , , , {At Risk Kids and Alternative School Programming}	USA
20/20, 1978, , , , {Bad Blood}				USA
20/20, 1978, , , , {Bad Romance}				USA
20/20, 1978, , , , {Beautiful Women/Tragic Endings}		USA
20/20, 1978, , , , {Before They Were Famous}		USA
20/20, 1978, Best in TV: The Greatest TV Shows of Our Time , 35.2, , }	USA
20/20, 1978, , , , {Billionaire Secrets: What They Know Can Change Your Life}	USA
20/20, 1978, , , , {Blurred Lines}				USA
20/20, 1978, Breaking Point: Heroin in America , 39.31, , }	USA
20/20, 1978, , , , {Bruce Jenner: The Interview}		USA
20/20, 1978, , , , {California Burning}			USA
20/20, 1978, Caught in the Act , 33.2, , }		USA
20/20, 1978, , , , {Charlie Sheen: In His Own Words}	USA
