'A.T.' Glaude, Curry," ""The Shade: Webseries"" ", 2016, (collaborating director)
'Abd Al-Hamid, Ja'far	A Two Hour Delay (2001)
			Just Outside the Frame: The Profilmic Event and Beyond (2008)
			Mesocaf� (2011)
'D.J'Arlia, Domenic	She'll Never Know (2012)
'Dada' Pecori, Diego, Adam , ????/II, (attached)
			Makhno Beer (2010)
'Harmy', Harmacek, Petr, Star Wars: Despecialized Edition Remastered V2.5, Introducing the Sources , 2013, (V)
'Kusare, Mak (I)	Baby Beautiful (2013/II)





, , 		Go Back to the Zoo: Live at Paradiso 2011 , 2011, (V)
, , 		Milow: Maybe Next Year - Live in Amsterdam , 2009, (V)  (uncredited)
, , 		Wir Sind Helden - Soundso , 2007, (V)
't Hoen, Frans, 	De re�nie , 1963, (TV)
, ," 		""School voor volwassenen"" ", 1960, 

			Little Quentin (2010)




			Kungfu Taboo (2015)
-, Framemotions, 	Leaving , 2017/II, (co-director)
-, Jack			The Bunny (2016)
-, Linker		Nocturno Con Brandy (2009)
--, An�nimo		X �rase una vez (2015)
--, Broncos		Pacifier & Blowpipe (2014)
--, Nysu		Axiom (2014)
			Le�ador y la Mujer Am�rica (2013)
-Kyoung, Soo		Marriage Date (2012)
., Blnd			Eulogy. (2017)
., Brickhouse		Old Man Trouble (2014)
., Crobin		Alan Smithee (2012)
			Jobbuilder: Clown Show (2014)
., Hazman Ruzman, The Thief and the Wise Man , 2010, (co-director)
., Ifeelms		Christmas Break (2017)
., N�n�b		Crossing Away (2017)
., Rosso (I)		Choose Your Side/Animapop FW 2017-18 (2017)
., Rosso (II)		They Are Our People: The Parallel Universes of North and South Korea (2017)
., Tochika		Maze (2012)
, , 		Steps , 2010, (V)
., Wimerf (II)		Jesus (2015)
., Wooloo		Ikast-Brande Spiritual Council (2013)
., Zeyn			How much dose it cost you to look fine? (2017)
., Zigsaw		Daizenshu (2010)
0010x0010		Dark Edges (2014)
			Maccho (2010)
			Sane (2014)
			Wir Sind (2014)
1, Todd			Knifed Up (2014)


, , 		Action Man 2 , 1998, (V)
, , 		Office Sluts , 1998, (V)
13, Wednesday, 	Wednesday 13's Weirdo a Go-Go , 2008, (V)






, , 		Alice in Chains: Music Bank - The Videos , 1999," (V)  (video ""Heaven Beside You"") (as Frank W. Ockenfels III)"










			Love Never Dies (2011/II)
A, Runa			K'an (2013)
A, Sajeed		MC Kash (2016)
A, Salman		The Ride (2015/II)
A-Mansour, Khairiya	Churches in Iraq (1988)
A. Ferere, Cassell, id, ENTITY, (2015)

, , 		Climate Sign Story , 2016, (as Sonia Guggenheim)
, , 		Jivana Flow , 2012, (as Sonia Guggenheim)
, , 		Mr Chu's Evaluations , 2016, (as Sonia Guggenheim)
, , 		The Mad Whale , 2017, (as Sonia Guggenheim)

			Memories (2012/II)
A. Nour, Ahmad		I'm Sorry Mum .. I'm Sorry Dad (2014)
A. Sambricio, Carlos	Abrazos Gratis (2012)
A. Singh, Jasmin	Dirge (2017)
A. Solla, Ricardo	La foto (2001)
, , 		Parte de tu vida , 2014, (TV)
, ," 		""7 d�as al desnudo"" ", 2005, 
, ," 		""7 vidas"" ", 1999, 
, ," 		""7 vidas"" ", 1999, 
, ," 		""7 vidas"" ", 1999, 
, ," 		""7 vidas"" ", 1999, 
, ," 		""7 vidas"" ", 1999, 
, ," 		""7 vidas"" ", 1999, 
, ," 		""7 vidas"" ", 1999, 
, ," 		""7 vidas"" ", 1999, 
, ," 		""7 vidas"" ", 1999, 
, ," 		""7 vidas"" ", 1999, 
, ," 		""7 vidas"" ", 1999, 
, ," 		""7 vidas"" ", 1999, 
, ," 		""7 vidas"" ", 1999, 
, ," 		""7 vidas"" ", 1999, 
, ," 		""7 vidas"" ", 1999, 
, ," 		""7 vidas"" ", 1999, 
, ," 		""7 vidas"" ", 1999, 
, ," 		""7 vidas"" ", 1999, 
, ," 		""7 vidas"" ", 1999, 
, ," 		""7 vidas"" ", 1999, 
, ," 		""7 vidas"" ", 1999, 
, ," 		""7 vidas"" ", 1999, 
, ," 		""7 vidas"" ", 1999, 
, ," 		""7 vidas"" ", 1999, 
, ," 		""7 vidas"" ", 1999, 
, ," 		""7 vidas"" ", 1999, 
, ," 		""7 vidas"" ", 1999, 
, ," 		""7 vidas"" ", 1999, 
, ," 		""7 vidas"" ", 1999, 
, ," 		""7 vidas"" ", 1999, 
, ," 		""7 vidas"" ", 1999, 
, ," 		""7 vidas"" ", 1999, 
, ," 		""7 vidas"" ", 1999, 
, ," 		""A�da"" ", 2005, 
, ," 		""A�da"" ", 2005, 
, ," 		""A�da"" ", 2005, 
, ," 		""A�da"" ", 2005, 
, ," 		""BuenAgente"" ", 2011, 
, ," 		""BuenAgente"" ", 2011, 
, ," 		""BuenAgente"" ", 2011, 
, ," 		""BuenAgente"" ", 2011, 
, ," 		""Gym Tony"" ", 2014, (2014)
, ," 		""Gym Tony"" ", 2014, 
, ," 		""Gym Tony"" ", 2014, 
, ," 		""Gym Tony"" ", 2014, 
, ," 		""Gym Tony"" ", 2014, 
, ," 		""Gym Tony"" ", 2014, 
, ," 		""Gym Tony"" ", 2014, 
, ," 		""Gym Tony"" ", 2014, 
, ," 		""Gym Tony"" ", 2014, 
, ," 		""Gym Tony"" ", 2014, 
, ," 		""Gym Tony"" ", 2014, 
, ," 		""Gym Tony"" ", 2014, 
, ," 		""Gym Tony"" ", 2014, 
, ," 		""Gym Tony"" ", 2014, 
, ," 		""Gym Tony"" ", 2014, 
, ," 		""Gym Tony"" ", 2014, 
, ," 		""Gym Tony"" ", 2014, 
, ," 		""Gym Tony"" ", 2014, 
, ," 		""Gym Tony"" ", 2014, 
, ," 		""Gym Tony"" ", 2014, 
, ," 		""Gym Tony"" ", 2014, 
, ," 		""Gym Tony"" ", 2014, 
, ," 		""Gym Tony"" ", 2014, 
, ," 		""Gym Tony"" ", 2014, 
, ," 		""Gym Tony"" ", 2014, 
, ," 		""Gym Tony"" ", 2014, 
, ," 		""Gym Tony"" ", 2014, 
, ," 		""Gym Tony"" ", 2014, 
, ," 		""Gym Tony"" ", 2014, 
, ," 		""Gym Tony"" ", 2014, 
, ," 		""Gym Tony"" ", 2014, 
, ," 		""Gym Tony"" ", 2014, 
, ," 		""Gym Tony"" ", 2014, 
, ," 		""Gym Tony"" ", 2014, 
, ," 		""Gym Tony"" ", 2014, 
, ," 		""Gym Tony"" ", 2014, 
, ," 		""Gym Tony"" ", 2014, 
, ," 		""Gym Tony"" ", 2014, 
, ," 		""Gym Tony"" ", 2014, 
, ," 		""Gym Tony"" ", 2014, 
, ," 		""Gym Tony"" ", 2014, 
, ," 		""Gym Tony"" ", 2014, 
, ," 		""Gym Tony"" ", 2014, 
, ," 		""Gym Tony"" ", 2014, 
, ," 		""Gym Tony"" ", 2014, 
, ," 		""Gym Tony"" ", 2014, 
, ," 		""Gym Tony"" ", 2014, 
, ," 		""Gym Tony"" ", 2014, 
, ," 		""Gym Tony"" ", 2014, 
, ," 		""Gym Tony"" ", 2014, 
, ," 		""Gym Tony"" ", 2014, 
, ," 		""Gym Tony"" ", 2014, 
, ," 		""Gym Tony"" ", 2014, 
, ," 		""Gym Tony"" ", 2014, 
, ," 		""La familia Mata"" ", 2007, 
, ," 		""La familia Mata"" ", 2007, 
"			""La Peluquer�a"" (2017)"
, ," 		""La Peluquer�a"" ", 2017, 
, ," 		""Matrimonio con hijos"" ", 2005, 
, ," 		""Matrimonio con hijos"" ", 2005, (as Ricardo �lvarez)
, ," 		""Matrimonio con hijos"" ", 2005, 
, ," 		""Matrimonio con hijos"" ", 2005, 
, ," 		""Matrimonio con hijos"" ", 2005, (as Ricardo �lvarez)
, ," 		""Matrimonio con hijos"" ", 2005, 
, ," 		""Matrimonio con hijos"" ", 2005, 
, ," 		""Matrimonio con hijos"" ", 2005, (as Ricardo �lvarez)
, ," 		""Matrimonio con hijos"" ", 2005, 
, ," 		""Matrimonio con hijos"" ", 2005, 
, ," 		""Matrimonio con hijos"" ", 2005, 
, ," 		""Matrimonio con hijos"" ", 2005, 
, ," 		""Matrimonio con hijos"" ", 2005, 
, ," 		""Matrimonio con hijos"" ", 2005, 
, ," 		""Matrimonio con hijos"" ", 2005, 
, ," 		""Matrimonio con hijos"" ", 2005, 
, ," 		""Matrimonio con hijos"" ", 2005, (as Ricardo �lvarez)
, ," 		""Matrimonio con hijos"" ", 2005, 
, ," 		""Padres"" ", 2009, 
, ," 		""Padres"" ", 2009, 
, ," 		""Padres"" ", 2009, 
, ," 		""Padres"" ", 2009, 
, ," 		""Padres"" ", 2009, 
, ," 		""Padres"" ", 2009, 
, ," 		""Padres"" ", 2009, 
, ," 		""Padres"" ", 2009, 
, ," 		""Padres"" ", 2009, 
, ," 		""Padres"" ", 2009, 
, ," 		""Padres"" ", 2009, 
, ," 		""Padres"" ", 2009, 
, ," 		""Padres"" ", 2009, 

			Jimmy The Pig (2018)
, , 		The Film Room Nola , 2017, (TV)  (as Langston Williams)
A., Aaron, 	Alessia Cara: Wild Things , 2016, (V)




, , 		Black Cravings 2 , 2001, (V)
, , 		Chasing the Big Ones 24 , 2005, (V)
, , 		Hot Sistas from Brazil , 2001, (V)
, , 		Real Black Housewives of L.A. 3 , 2014, (V)
, , 		Real Latin Hotties 3 , 2001, (V)
, , 		There's Something About Jack 10 , 2000, (V)
, , 		There's Something About Jack 16 , 2001, (V)
, , 		There's Something About Jack 6 , 2000, (V)

			Abhilasha (1983/I)
			Allari Alludu (1993)
			Anubandham (1984)
			Bazaar Rowdy (1988)
			Bhargava Ramudu (1987)
			Dampatyam (1985)
			Donga (1985)
			Godava (2007)
			Iddaru Iddare (1990)
			Jamai Raja (1990)
			Khaidi (1983)
			Kiraathakudu (1986)
			Kirayi Rowdylu (1981)
			Maha Sangramam (1985)
			Marutode Naa Mogudu (1992)
			Muddula Mogudu (1997)
			Nari Nari Naduma Murari (1989)
			Oka Radha Iddaru Krishnulu (1985)
			Palnati Simham (1985)
			Pokiri Raja (1995)
			President Gari Pellam (1992)
			Punya Bhoomi Naa Desam (1994)
			Raktha Sindhuram (1985)
			Rama Rajyamlo Bheermaraju (1983)
			Rowdyism Nasinchali (1990)
			Sandhya (1980)
			Shri Ranganeethulu (1983)
			Surya IPS (1991)
			Thangamalai Thirudan (1990)
			Veta (1986)
			Vijetha (1985)





"			""The Time with Matthew & Randy Show"" (2008)"
A., Sergey		3:00 (2015)
			Abandoned (2016/II)
			Anthology of Horror 2 (2015)
			Anthology of Horror 4 (2017)
			Anthology of Horror 6 (2017)
			Antologiya uzhasov (2014)
			Balka Illi (2015)
			Baykalskiy intsident. Skrytaya ugroza (2014)
			Besy (2016)
			Black Book (2016)
			Cats (2017)
			Cemetery Legend (2015)
			Chistilishche (2017)
			Cursed Waterfall (2017)
			Day of the Living Dead (2016)
			Death in Kizhi (2016)
			Dislike (2016)
			Dukh (2014)
			Dzerzhinskiy pugaet teplokhod (2017)
			Exhibition PIR 18 October 2016 (2016)
			Extraterrestrial (2017/II)
, , 		Fatal Frame. View in the Dark , 2015, (VG)
			Forest of Satan (2016)
			History of Cruises (2013)
			House That Took My Soul (2017)
			Inter star wars 2. The last jehi (2017)
			Izgoy Odin. Mezhzvyozdnyie voyny. Istorii (2016)
			Kalyazin. City of the dead (2018)
, , 		Kladbishche zabytykh mertvetsov , 2013, (as Serg Ar)
			Krapiva (2016)
			Lestnitsa (2014)
			Little Trip on MCC (2016)
			Metron (2017)
			Mortem (2016/III)
			Motor ship (2017)
, , 		Nettle 2: Raise of the roots , 2018, }
			Night Visitor (2015)
			Nightmare in Moscow (2015)
			Novyy film pro mumiyu (2017)
			One Silent Man (2017)
			Piramida nad Kievom (2016)
			Piramida nad Sankt-Peterburgom (2016)
			Polyhedrons in Art (2013)
			Prodexpo 2017 (2017)
			Psychotronika (2017)
			Pyatogorsk ripper (2017)
			Pyramids vs. Planes (2017)
			Rage of Spirits (2015)
, , 		Raukhenshtayn , 2013, (as Serg Ar)
			Route (2016)
			Scream at the Entrance (2016)
, , 		Shlakoblok , 2017," (segments ""Unitaz-lyudoed"""," ""Zhizn' kirpicha"""," ""Krik v otele"""," ""Piramida nad derevney Bukhalovo Tverskoy oblasti"""," ""Piramida nad posyolkom Batareya"""," ""Vyzhivshiy"""," ""Kak ya pobyval na Vasilyevskom ostrove"""," ""Metro: Tonnel uzhasa"""," ""Lift"""," ""Piramida khren ego znaet nad chem"""," ""Polnoe prityazheniye"""," ""Piramida nad piramidoy"")"
			Space Tourism (2015)
			Stalin.exe (2017)
			Tayna Slendermena (2013)
			The Hand. New Victim (2014)
			The History of the Emergence and Development of the Hotels and Inns (2014)
			Tragediya v lesu (2014)
, , 		Tserkov , 2013, (as Serg Ar)
			Vystavka Otdykh-2013 (2013)
			Whispering of Dead (2014)
, ," 		""Puteshestviye na teplokhode po marshrutu Moskva - Sankt-Peterburg - Moskva 2009"" ", 2009, 
, ," 		""Puteshestviye na teplokhode po marshrutu Moskva - Sankt-Peterburg - Moskva 2009"" ", 2009, 
, ," 		""Puteshestviye na teplokhode po marshrutu Moskva - Sankt-Peterburg - Moskva 2009"" ", 2009, 
, ," 		""Puteshestviye na teplokhode po marshrutu Moskva - Sankt-Peterburg - Moskva 2009"" ", 2009, 
, ," 		""Puteshestviye na teplokhode po marshrutu Moskva - Sankt-Peterburg - Moskva 2009"" ", 2009, 
, ," 		""Vedro"" ", 2013, (co-director)
A., Temitope, 	Oju aye odale , 2007, (V)
A., Yuri		Family (2011/III)



			Cast Party (2015/I)
			Dark Side of the Moon; an Interpretation (2013)
, , 		I Don't Have a Car, But I Manage to Get Around Anyway Using Jacob's Head , 2014, (V)
			Joseph and the Amazing Psychedelic Steam Boat (2014)
			Loop, Loop? Loop, Loop? (2014)
			Petals (2010)
			We Killed a Person (2014)



			Ni�a (2014)
Aab, Vanessa (I)	Frollein Frapp� (2014)
Aabel, Per (I)		Jeppe p� bjerget (1933)


, , 		On Violence , 2012, (as August Engholm Aabo)
Aabo, Dave, 	Capture: A Waves Documentary , 2010, (collaborating director)
Aach, Tal�a		Dos Caf�s (2011)
Aacutendez, Valeria	To Whom It May Concern (2016/II)
Aadamsoo, Kauri-Romet	The Time (2016)
Aadarsh, Kumaar		Shringaar (2013)
			SOS: Secrets of Sex Chapter 3 (2014)
Aadiram			Ranathanthra (2016)
Aaeng, Eivind," 	""Br�drene Dal og professor Dr�vels hemmelighet"" ", 1979, 
, ," 		""Br�drene Dal og professor Dr�vels hemmelighet"" ", 1979, 
, ," 		""Br�drene Dal og professor Dr�vels hemmelighet"" ", 1979, 
, ," 		""Br�drene Dal og professor Dr�vels hemmelighet"" ", 1979, 
, ," 		""Br�drene Dal og professor Dr�vels hemmelighet"" ", 1979, 
, ," 		""Br�drene Dal og professor Dr�vels hemmelighet"" ", 1979, 
, ," 		""Br�drene Dal og professor Dr�vels hemmelighet"" ", 1979, 
, ," 		""Br�drene Dal og spektralsteinene"" ", 1982, 
, ," 		""Br�drene Dal og spektralsteinene"" ", 1982, 
, ," 		""Br�drene Dal og spektralsteinene"" ", 1982, 
, ," 		""Br�drene Dal og spektralsteinene"" ", 1982, 
, ," 		""Br�drene Dal og spektralsteinene"" ", 1982, 
, ," 		""Br�drene Dal og spektralsteinene"" ", 1982, 




			I morgen er det slut (1988)
Aagard, Hans		Indie Mormon (2011)
Aagedal, Truls		Meningen med livet (2016)







			Adamkhor (1955)
			Deccan Queen (1962)
			Gypsy Girl (1961)
			Jahazi Lutera (1957)
			Miss Hunterwali (1959)
			Shahi Lootera (1965)

			Hell og lykke, Herr Gorsky! (2002)
			Snill (2006)

, , 		Rancher, Farmer, Fisherman , 2017, (co-director)
, ," 		""Made"" ", 2003, 
Aalam, Steve, 	Gangster , 2007, (as Steve Aries Aalam)
Aalami, Mohamad Reza	Af'i (1992)
			Ashoobgaran (1998)
			Noghteh Zaf (1983)
			Saghi (2001)
			Toranj (1986)
Aalbers, Ids		Anathema (2014)






, , 		Afrikkalainen keskustelu , 1972, (TV)
, , 		El�m�n ��net , 1986, (TV)
, , 		Euroopan mestari , 1972, (TV)
, , 		Helene Schjerfbeck Ateneumissa , 1992, (TV)
, , 		Jouluaatto 1977 Anna-Leenan luona , 1978, (TV)
, , 		Kes�y�n oikkuja , 1986, (TV)
, , 		Kuin kamee , 1968, (TV)
, , 		Lent�j� non grata , 1983, (TV)
, , 		Merkillinen matkakertomus , 1981, (TV)
, , 		Paska juttu , 1987, (TV)
, , 		Punaiset keng�t Sodankyl�ss� , 1987, (TV)
, , 		Reidarin v�rilliset aistimukset , 1973, (TV)
, , 		Synti suuri surkia , 1980, (TV)
, , 		Tekstiilin intiimi kosketus , 1989, (TV)
, , 		Tuhlaajapojan paluu , 1978, (TV)
, , 		Vuosisadan talvi , 1986, (TV)
, , 		Yksin , 1986, (TV)
Aalto, Erkki (I), Er��n s�velm�n synty - Odysseus , 1974, (TV)


			El��, olla olemassa (2007)
, , 		Itsen�isyysp�iv� , 2012, (TV)
			Marja-Sisko (2010)
			Pillua aloittelijoille (2015)
			Welcome to the Day 6 of the Iraq War (2003)
, ," 		""Paratiisi"" ", 2010, 
Aalto, Rostislav	Cleaning Up! (2001)
			K�den taito (2007)
			Lypsyll� (2008)
			Metrotanssi (2008)
			Muovisotilas (2008)
			Nisula (1994)
			Ota minut syliin (2001)
			Sounds Like Suomi (2008)



, , 		John & Johnny Molinari - hanuritaiteilijat , 1967, (TV)
, , 		P�re palaa , 1967, (TV)  (television director)
, ," 		""Kuukauden suositut"" ", 1960, 
, ," 		""Kuukauden suositut"" ", 1960, 

			Hyppy (2012)
			Kilometreitt�in ty�t� (1997)
			Kongon Akseli (2009)
			Kusum (2000)
			Lento yli Suomenlahden (1990)
			L�hettil��t (2004)
			N�l�n tie (1999)
			Primus Motor (1979)
			Rakenna ja tuhoa (1998)
			Taigan kansalaisia: Koulu keskell� kyl�� (1992)
			Taigan kansalaisia: Tuhat kotia Taigalla (1992)
			Tunteiden temppelit (2015)
			Venetsialainen etydi (1993)
			Viisi p�iv�� h�rk�tiell� (1994)
Aaltonen, Markus (II)	Kartanlukija (2012)


, , 		Puhesinfonia , 1963, (TV)
, ," 		""Teatterituokio"" ", 1962, 

, ," 		""1001 Rikua"" ", 2015, 
, ," 		""1001 Rikua"" ", 2015, 
, ," 		""1001 Rikua"" ", 2015, 
, ," 		""Lista Top 40"" ", 1994, 
, ," 		""Lista Top 40"" ", 1994, 
, ," 		""Lista Top 40"" ", 1994, 



, , 		95 oktaania , 1990, (TV)
			Is� meid�n (1993)
			Maa (2001)
			Merisairas (1996)
			Rakkaudella, Maire (1999)
			Tuhlaajapoika (1992)
, ," 		""Harvoin tarjolla"" ", 2008, 
, ," 		""Harvoin tarjolla"" ", 2008, 
, ," 		""Harvoin tarjolla"" ", 2008, 
, ," 		""Harvoin tarjolla"" ", 2008, 
, ," 		""Harvoin tarjolla"" ", 2008, 
, ," 		""Harvoin tarjolla"" ", 2008, 
, ," 		""Helppo el�m�"" ", 2009, 
, ," 		""Helppo el�m�"" ", 2009, 
, ," 		""Helppo el�m�"" ", 2009, 
, ," 		""Helppo el�m�"" ", 2009, 
, ," 		""Helppo el�m�"" ", 2009, 
, ," 		""Helppo el�m�"" ", 2009, 
, ," 		""Helppo el�m�"" ", 2009, 
, ," 		""Helppo el�m�"" ", 2009, 
, ," 		""Helppo el�m�"" ", 2009, 
, ," 		""Kansan mies"" ", 2013, 
, ," 		""Kansan mies"" ", 2013, 
, ," 		""Kansan mies"" ", 2013, 
, ," 		""Kansan mies"" ", 2013, 
, ," 		""Kansan mies"" ", 2013, 
, ," 		""Kansan mies"" ", 2013, 
"			""Kotikatu"" (1995)"
, ," 		""Maailma on valmis"" ", 2012, 
, ," 		""Maailma on valmis"" ", 2012, 
, ," 		""Maailma on valmis"" ", 2012, 
, ," 		""Mustat lesket"" ", 2014, 
, ," 		""Mustat lesket"" ", 2014, 
, ," 		""Naisia kaupungilla"" ", 2010, 
, ," 		""Naisia kaupungilla"" ", 2010, 
, ," 		""Syd�nj��"" ", 2007, 
, ," 		""Syd�nj��"" ", 2007, 
, ," 		""Uudisraivaaja"" ", 2006, 
, ," 		""Uudisraivaaja"" ", 2006, 
Aaltonen, Yrj�		Auran kuulut kultasep�t (1958)
			Syksy (1946)
Aam," Pal (II)		""Mitt liv"" (2017)"
Aam, P�l, 	22 , 2000, (V)
Aames, Kevin, 	Hell Knight , 1994, (V)
Aames, Willie, 	The Missy Files , 2003, (V)
, ," 		""Bibleman"" ", 1995, 
, ," 		""Bibleman"" ", 1995, 
, ," 		""Bibleman"" ", 1995, 
, ," 		""Bibleman"" ", 1995, 
, ," 		""Bibleman"" ", 1995, 
, ," 		""Bibleman"" ", 1995, 
Aamodt, Kitty		Alcohol By Volume (2012)
Aamodt, V. Blackhawk	Il mutilato (2009)




, , 		Nipa , 2015, (as Ian Pottinger)
Aao, Fadi		El Trabajo (2017)
Aappli, Simon, 	24 Hours , 2000, (TV)
Aarabi, Bijan		Larvae (2017)
Aardal, Brynjar Fausk	Hage Wars (1998)
Aarden, Simon, 	Zoals de bom thuis tikt... , 1999, (TV)
Aarhus, Aslak		Ole Bull - Himmelstormeren (2006)
Aariyan, Alif Al Mostofa, My Mother Tongue , 2017, (directed by)




, ," 		""Kirkko keskell� kyl��"" ", 1986, 
, ," 		""Kirkko keskell� kyl��"" ", 1986, 
, ," 		""Kirkko keskell� kyl��"" ", 1986, 
Aarniokoski, Douglas, Animals , 2008/I, (as Arnold Cassius)
			Nurse 3-D (2013)
, , 		The Black Phantom , 2011, }
, , 		The Day , 2011/I, (as Doug Aarniokoski)
, , 		The Safe Side: Stranger Safety , 2005, (V)
, ," 		""Arrow"" ", 2012, (as Doug Aarniokoski)
, ," 		""Bull"" ", 2016, (as Doug Aarniokoski)
, ," 		""Bull"" ", 2016, (as Doug Aarniokoski)
, ," 		""Bull"" ", 2016, (as Doug Aarniokoski)
, ," 		""Criminal Minds"" ", 2005, (as Doug Aarniokoski)
, ," 		""Criminal Minds"" ", 2005, (as Doug Aarniokoski)
, ," 		""Criminal Minds"" ", 2005, (as Doug Aarniokoski)
, ," 		""Criminal Minds"" ", 2005, (as Doug Aarniokoski)
, ," 		""Instinct"" ", 2017, 
, ," 		""Limitless"" ", 2015, (as Doug Aarniokoski)
, ," 		""Limitless"" ", 2015, (as Doug Aarniokoski)
, ," 		""Sleepy Hollow"" ", 2013, (as Doug Aarniokoski)
, ," 		""Sleepy Hollow"" ", 2013, (as Doug Aarniokoski)
, ," 		""Sleepy Hollow"" ", 2013, (as Doug Aarniokoski)
, ," 		""Star Trek: Discovery"" ", 2017, 

, , 		Boys , ????, }
, , 		Emerson Falls , 2016, (TV)
			In the House of God (2013)
			La Nuit (2013)
			Life of Loss (2016)
, , 		Limbo , 2017, }
			Morning After (2013/I)
, , 		Pet Patrol , 2017, }
			Remurd Place (2018)
			The Nice Guy (2013)
			Third Realm (2016)
, ," 		""Barely Legal"" ", 2016, }
, ," 		""Beyond the Frame"" ", 2016/I, 
, ," 		""Beyond the Frame"" ", 2016/I, 
, ," 		""Beyond the Frame"" ", 2016/I, 
, ," 		""Beyond the Frame"" ", 2016/I, {{SUSPENDED}}
, ," 		""Beyond the Frame"" ", 2016/I, {{SUSPENDED}}
, ," 		""Beyond the Frame"" ", 2016/I, 
, ," 		""Crackerjack"" ", 2015, {{SUSPENDED}}
, ," 		""Crackerjack"" ", 2015, {{SUSPENDED}}
, ," 		""Crackerjack"" ", 2015, {{SUSPENDED}}
, ," 		""Writers' Block"" ", 2013, 

			Code of Honour (????)
, , 		Frenzy , 2015, (attached)
			Haunted: 333 (????)
			I.C.U. (2009)
			Taped (2018)
			Vigilante (2008/II)
Aaron, Alex (I)		Genetic Lottery (2016)
Aaron, Alex (IV)	Out (2016/V)
Aaron, Andy (I), 	SNL Shorts , 2014, (TV)  (clips)
Aaron, Ayana		Stationary (2015/III)
Aaron, Barnaby, 	Embolism , 2004, (V)
			Science Sex and the Ladies (2014)
Aaron, Ben (I), 	NBC: Best Acting Teachers in America , 2013, (TV) {{SUSPENDED}}


			Waiting for the Man (2008)
Aaron, Clyde, 	The Beginning , 2005, (V)
Aaron, Elon, 	Bye Phalicia , ????, (co-director)
Aaron, Hallie		The Right Bank (1990)
Aaron, Jack (II)	Winter Retreat (????)
Aaron, Jane (I)		Academy Leader Variations (1987)
			Traveling Light (1985)
Aaron, Jason (II)," ""IN the Loop TV Show"" ", 2015, (as Jason Jolliff)
Aaron, Jesse (I)	Texts from Olivia (2012)
Aaron, Joe (I)		Crazy Jones (2002)
Aaron," Jordan		""Office Hours"" (2016)"
Aaron, Lokesh Kumar	Lets Stop It! (2013)

			The Rivermen (1980)
Aaron, Matthew (III), Bromance , 2015/I, (attached)
			The Way We Talk (2015/II)
Aaron, Medeya		Once Upon a Blue Moon (2013)
Aaron, Michael (II)	Blind Date (2005/VI)

			A Force of One (1979)
, , 		Free Spirit , 1987, (TV)
, , 		In Love and War , 1987, (TV)
			Maxie (1985)
, , 		Save the Dog! , 1988, (TV)
, , 		Thin Ice , 1981, (TV)
, , 		When She Says No , 1984, (TV)
Aaron, Sean (I)		Red Bull Project X (2010)
Aaron, Wil		Gwaed ar y Ser (1975)
Aaron, William," 	""Reporter at Large"" ", 1973, 

			CAPITALISM in three Aspect Ratios (2015)



, , 		200 Nips & Tucks and I Want More , 2014, (TV)
, , 		Excessive and Compulsive Collectors , 2013, (TV)
, , 		I'm a Shopaholic and Can't Stop Spending , 2014, (TV)
"			""Britain's Deadliest Lovers"" (2016)"
, ," 		""Countdown to Murder"" ", 2013, 
, ," 		""Countdown to Murder"" ", 2013, 
, ," 		""Countdown to Murder"" ", 2013, 
, ," 		""Countdown to Murder"" ", 2013, 
, ," 		""Countdown to Murder"" ", 2013, 
, ," 		""Countdown to Murder"" ", 2013, 
, ," 		""Countdown to Murder"" ", 2013, 
, ," 		""Harold Shipman"" ", 2014, 
, ," 		""Killer Psychopaths"" ", 2015, (series director)
, ," 		""Killer Psychopaths"" ", 2015, (series director)
, ," 		""Killer Psychopaths"" ", 2015, (series director)
, ," 		""Nazi Collaborators"" ", 2010, 
, ," 		""Nazi Collaborators"" ", 2010, 
, ," 		""Secret War"" ", 2012, 
, ," 		""Secret War"" ", 2012, 
, ," 		""Secret War"" ", 2012, 
, ," 		""Tricks of the Restaurant Trade"" ", 2016, 
Aaronson, Evan		Baggage (2003/I)
			Nothing (1999)

			Amazon Gold (2012)
			River of Gold (2016)
, , 		The Valley of the T-Rex , 2001, (TV)










			Perjalanan, de Reis (2014)
Aarum, Carl Thomas," ""Level Up VG"" ", 2011, (as Carl Thomas)
, ," 		""Level Up VG"" ", 2011, (main director) (as Carl Thomas)
, ," 		""Level Up VG"" ", 2011, 
, ," 		""Level Up VG"" ", 2011, 
, ," 		""Level Up VG"" ", 2011, 
, ," 		""Level Up VG"" ", 2011, (main director) (as Carl Thomas)
Aarva, Heikki (I), Pyjamah��t , 1963, (TV)
, ," 		""Poppis"" ", 1965, 
, ," 		""Poppis"" ", 1965, 
, ," 		""Poppis"" ", 1965, 
, ," 		""Poppis"" ", 1965, 
, ," 		""Poppis"" ", 1965, 
, ," 		""Poppis"" ", 1965, 
, ," 		""Poppis"" ", 1965, 
, ," 		""Tennistunnilla"" ", 1962, 
Aar�, Jonas, 	Bak Hodejegerne , 2012, (V)
Aas, Marte		Robotnik (2012)
Aas, Martin (II), Filmpolitiets �rskavalkade , 2012, (TV)
Aasdal, P�l		Once Upon a Time in Norway (2007)
Aase, Christer		Driven Intervention (2014)
			Vennligst ikke skyt meg (2014)
Aase, Ivar		Bl�tur (2013)
			Front (2017)
			Jans videodagbok (2010)
			Konglen (2015)
Aase," Mathias Kolsrud	""Broderskapet Sioco"" (2013)"
Aaseng, Jay		Beer Pong Girls (????)
Aashita Hegde, Sakeena Naqvi	The Sorrow of War (2007)
Aasim," Mohammad		""Tick Tock"" (2016)"
Aasland, Emma, 	Instant Magic , 2016, (co-director)
Aasland, Jarle		Instant Magic (2016)
Aasmundtveit, Olav, Berre ein hund , 1975, (TV)


			D�j� Vu (2002)
			Ontwaking (2011)
			The Good, the Bad & the Innocent (2001)
"			""Zoop"" (2004)"
Aav, Kristo		T�itsa l�pp (2011)
Aavik, Sten		Cellar Door (2013)
Aazam, Amir		Camp Vamp (2017)
Ab Alwyn, Illtud," ""Week in Week Out"" ", 1964, 
Ab Eleri, Llywelyn	You Never Know (2015)
Ab'S�ber, Tales, 	Waiting for Tele , 2010, (V)
Ab, Andrew, 	Dead City , 2014, (TV)

			Unusual People (2017)
Ab, Szurdi		Kerek (2008)
Aba Butain, Aziza	The Pep Talk (2011)
Abacatu, Jackson	O �ltimo Engolervilha II (2016)
Abad Carrillo, Beatriz	Me llamo Charlie (2009)
Abad, Adina		Endins (2015)
Abad, Ana Garc�a	Olivia (2011/II)
			Sinestesia (2010/II)
Abad, Anahid		Yeva (2017)
Abad, Beatriz		Tierra y silencio (2012)
Abad, Chris Arenzana	Seijin: Shiki (2015)
Abad, Christian		Sendas Distintas (2014)
Abad, Cj		Multi X (2010)

			Diary of Dreams: May 2, 2010 (2011)
			Diary of Dreams: Volume One (2012)
Abad, Daniela		Carta a una sombra (2015)
			Padre Nuestro (2015)
Abad, Diego (I)		Mi novio es bakala (1999)




, ," 		""Dando la nota"" ", 2012, 
, ," 		""Dando la nota"" ", 2012, 
, ," 		""Dando la nota"" ", 2012, 
, ," 		""Supermodelo 2006"" ", 2006, 
, ," 		""Supermodelo 2006"" ", 2006, 
, ," 		""Supermodelo 2006"" ", 2006, 
, ," 		""Supermodelo 2006"" ", 2006, 
, ," 		""Supermodelo 2006"" ", 2006, 
, ," 		""Supermodelo 2006"" ", 2006, 
, ," 		""Supermodelo 2006"" ", 2006, 
, ," 		""Supermodelo 2006"" ", 2006, 
, ," 		""Supermodelo 2006"" ", 2006, 
, ," 		""Supermodelo 2006"" ", 2006, 
, ," 		""Supermodelo 2006"" ", 2006, 

, ," 		""Cuentos de Chejov"" ", 1969, 
, ," 		""C�micos"" ", 1987, 
, ," 		""C�micos"" ", 1987, 
, ," 		""C�micos"" ", 1987, 
, ," 		""C�micos"" ", 1987, 
, ," 		""C�micos"" ", 1987, 
, ," 		""C�micos"" ", 1987, 
, ," 		""Estudio 1"" ", 1965, 
, ," 		""Estudio 1"" ", 1965, 
, ," 		""Estudio 1"" ", 1965, 
, ," 		""Estudio 1"" ", 1965, 
, ," 		""Estudio 1"" ", 1965, 
, ," 		""Fragmentos de interior"" ", 1984, 
, ," 		""Fragmentos de interior"" ", 1984, 
, ," 		""La 2 en el teatro"" ", 1997, 
, ," 		""La 2 en el teatro"" ", 1997, 
"			""La locomotora"" (1979)"
, ," 		""Narradores"" ", 1991, 
, ," 		""Novela"" ", 1963, 
, ," 		""Novela"" ", 1963, 
, ," 		""Novela"" ", 1963, 
, ," 		""Novela"" ", 1963, 
, ," 		""Pedro I el Cruel"" ", 1989, 
, ," 		""Pedro I el Cruel"" ", 1989, 
, ," 		""Pedro I el Cruel"" ", 1989, 
, ," 		""Pedro I el Cruel"" ", 1989, 
, ," 		""Pedro I el Cruel"" ", 1989, 
, ," 		""Personajes a trasluz"" ", 1970, 
, ," 		""Primera funci�n"" ", 1989, 
, ," 		""Primera funci�n"" ", 1989, 
, ," 		""Teatro de siempre"" ", 1966, 
, ," 		""Teatro de siempre"" ", 1966, 
, ," 		""Teatro de siempre"" ", 1966, 



			Errarte en la sombra (2014)









, , 		The Real Double , 2014, (attached)
Abad, Manuel		Contar (1994)
			Pr�logo (1986)
"			""A vida aberta"" (1998)"
, ," 		""Mar a mar"" ", 2000, (as Teo Abad)




			La namia enamorada (2000)

, , 		II Premis Gaud� de l'Acad�mia del Cinema Catal� , 2010, (TV)
, , 		La Marat� 2006 , 2006, (TV)
, , 		La Marat� 2008 , 2008, (TV)
, , 		Mitges de seda: N�ria Feliu, 40 anys , 2005, (TV)
, , 		M�sica des del cor , 2007, (TV)  (as Xavier Abad)
, , 		Nit vint-i-cinc , 2008, (TV)
"			""GosSOS"" (2007)"
Abad, Xos� (II)		Isaac (2007)
Abada, Adam (I)		The Sandwich Thief (2009)

			The Backstreet Atlas Guide to New Jersey (2016)
Abada, Adam (IV), The Backstreet Atlas Guide to New Jersey , 2016, (co-director)
Abadal, Baltasar	Can torra del forn (1907)
			El oprobio (1920)
			El rey de las monta�as (1919)
			Ensorrament de la casa sota els corrals (1907)
			La nevada del divendres (1907)
			Manresa, vista de actualidad (1907)
			Tenacidad (1920)





			The Story of F*** (2010)
, ," 		""Release the Hounds"" ", 2013, 
, ," 		""Release the Hounds"" ", 2013, 
, ," 		""Release the Hounds"" ", 2013, 
, ," 		""Release the Hounds"" ", 2013, 
, ," 		""Release the Hounds"" ", 2013, 

			SOS Tehran (2002)
Abadia, Regine		Jenny Bel'Air (2008)
"			""La t�te � l'envers"" (2005)"
Abadias," Fabian		""Tierras Mexicanas"" (2016)"

, , 		Baby Class at Lunch , 1903, (as Alfred C. Abadie)
			Orphans in the Surf (1903)



			El se�or Perez (1972)
			Rollo tras rollo (1974)


			Darovete Na Vlahvite (2013)
			Jivot v mazeto (2013)


, , 		Triptih: Klyuchalkata, Shamarat, Kuklovod , 1974, (Shamarat)
Abad�a, Camilo, 	Juego de h�roes , 2016, (co-director) (as Camilo Abadia)
Abad�a, Eloy		Doble o nada (????)

			El d�a en la noche (1995)





, , 		Boter , 2008, }
			Paradijs (2015)

, , 		Run! , 2012, (co-director)


			Tayna sinikh gor (1981)
Abal, Dar�o Alejandro	Funci�n Trasnoche (2015)

			Retratos Sangrientos (2011)

, , 		Richard III: An Arab VIP , 2010, (co-director)
Abalaka, Ajay		The Sublime (2017)
Abalo, Kilizou Blaise	10 ans de pouvoir du Pr�sident �yad�ma (1976)
			La coop�ration Franco-Togolaise (1998)
Abalos, Ezequiel	Operaci�n norte (1984)
Abalos, King		Maria (2015/III)
Abalos, Rea		Rolyo (2012)
Abalos, Ruben, 	Alimpuyo , 1971, (as Ruben S. Abalos)
			Brownout (1969)
, , 		Dingding lang ang pagitan , 1986, (as Ruben S. Abalos)
, , 		Kamunduhan , 1971, (as Ruben S. Abalos)
, , 		Reflection , 1971, (as Ruben S. Abalos)
, , 		When Good Girls Go Wrong , 1987, (as Ruben S.Abalos)
Abalos, Winston A.	Alchemy (2013)
, ," 		""Devil's Couriers"" ", 2012, (attached)
, ," 		""Devil's Couriers"" ", 2012, (attached)
, ," 		""Tobias on the Hill"" ", 2015, 
, ," 		""Tobias on the Hill"" ", 2015, 
, ," 		""Tobias on the Hill"" ", 2015, 
, ," 		""Tobias on the Hill"" ", 2015, 
, ," 		""Tobias on the Hill"" ", 2015, 
, ," 		""Tobias on the Hill"" ", 2015, 
, ," 		""Tobias on the Hill"" ", 2015, 
, ," 		""Tobias on the Hill"" ", 2015, 
Abalov, Eduard, 	Bushuyet 'Margarita' , 1970, (TV)
, , 		Na dalney tochke , 1970, (TV)
			U tikhoi pristani (1958)
Abanid, Laarni (II)	Lie to Me (2012)

, , 		A Can of Worms 2 , 2008, (V)
Abanindran, A.L.	Vellaiya Irukiravan Poi Solla Maatan (2015)
Abankwa, Martin (I)	The Clearing (2010/I)






			Missing Facts (2017)


, ," 		""High School Reunion"" ", 2003, 
, ," 		""High School Reunion"" ", 2003, 
, ," 		""High School Reunion"" ", 2003, 
, ," 		""High School Reunion"" ", 2003, 
, ," 		""Hotel Hell"" ", 2012, 
, ," 		""Hotel Hell"" ", 2012, 
, ," 		""Hotel Hell"" ", 2012, 
, ," 		""The Bachelorette"" ", 2003, 
, ," 		""The Bachelorette"" ", 2003, 
, ," 		""The Bachelorette"" ", 2003, 
, ," 		""The Bachelorette"" ", 2003, 
, ," 		""The Bachelorette"" ", 2003, 




			Lurdes (2013)
, ," 		""Game of Arms"" ", 2014, 
, ," 		""Game of Arms"" ", 2014, 
, ," 		""Game of Arms"" ", 2014, 
, ," 		""Game of Arms"" ", 2014, 
, ," 		""Game of Arms"" ", 2014, 



, , 		Finding Mabel , 2015, (as Eileen Reardon)
Abascal, Margot		Florides (2013)

, , 		Mel Gibson's Video Diary 2: Lethal Weapon 3 , 1991, (TV)
, ," 		""America's Most Wanted"" ", 1988, (episode director)
, ," 		""America's Most Wanted"" ", 1988, (episode director)
, ," 		""America's Most Wanted"" ", 1988, (episode director)
, ," 		""American Genius"" ", 2015, 
, ," 		""American Genius"" ", 2015, 
, ," 		""Freedom"" ", 2000, 
, ," 		""Freedom"" ", 2000, 
, ," 		""Happily Never After"" ", 2012, (episode director)
, ," 		""Linsbrothers"" ", 2008, (episode director)
, ," 		""Nash Bridges"" ", 1996, 
, ," 		""Night Man"" ", 1997, 
, ," 		""Silk Stalkings"" ", 1991, 
, ," 		""Tales from the Crypt"" ", 1989, 
, ," 		""The Strip"" ", 1999, 
, ," 		""Viper"" ", 1996, 
, ," 		""Witchblade"" ", 2001, 
Abascal, Rodrigo (I)	Collector (2009)
Abascal, Silvia (II)	No digas nada (2014)
Abashidze, Devi		Chadziruli qalaqis madziebelni (1972)
, , 		Didostatis Marjvena (pirveli seria) , 1969, (second director)
			Kvarkvare (1978)
			Omi kvelastvis omia (1991)

, , 		Ashug-Karibi , 1988, (co-director)
Abashidze, Leila	Tbilisi, Parizi, Tbilisi (1980)
Abashiri, Ikka, 	Kinpun dorei musume Narumi urumi , 2015, (V)
, , 		Kokujin kyodai mara v kyoi no guramarasu bodi Kobayakawa Reiko , 2013, (V)




, , 		Author and The Nose , 2017, (co-director)

, , 		Houti Houta , 2008, (TV)
			My Uncle (2016)
			The Winter Sun Is a Lie (2005)
Abasta, Caroline	Grace (2012/VI)
Abatan, Daniel		LA Woman (2015)
			The Other Side (2017/III)
Abatan, Femi, 	Fila Daddy , 2003, (V)
Abatantuono, Diego, Area Paradiso , 2012, (TV)
Abate, Antonino, 	Killers for Hire , 2012, (as Nino Abate)
, ," 		""Killers for Hire"" ", 2012, (as Nino Abate)
Abate, Bobby, 	Certain Women , 2005, (V)
			If I Had a Hammer (2001)
			Soothsayer (2004)
			The Evil Eyes (2011)





			Raeffelina La Porta (2014)
, , 		The Chase , 2007/I, (co-director)
, ," 		""Big Brother"" ", 2000/II, (reality segments)
, ," 		""Big Brother"" ", 2000/II, (reality segments)
, ," 		""Big Brother"" ", 2000/II, (reality segments)
, ," 		""Big Brother"" ", 2000/II, (reality segments)
, ," 		""Big Brother"" ", 2000/II, (reality segments)
, ," 		""Big Brother"" ", 2000/II, (reality segments)
, ," 		""Big Brother"" ", 2000/II, (reality segments)
, ," 		""Big Brother"" ", 2000/II, (reality segments)
, ," 		""Big Brother"" ", 2000/II, (reality segments)
, ," 		""Big Brother"" ", 2000/II, (reality segments)
, ," 		""Big Brother"" ", 2000/II, (reality segments)
, ," 		""Big Brother"" ", 2000/II, (reality segments)
, ," 		""Big Brother"" ", 2000/II, (reality segments)
, ," 		""Big Brother"" ", 2000/II, (reality segments)
, ," 		""Big Brother"" ", 2000/II, (reality segments)
, ," 		""Big Brother"" ", 2000/II, (reality segments)
, ," 		""Big Brother"" ", 2000/II, (reality segments)
, ," 		""Big Brother"" ", 2000/II, (reality segments)
, ," 		""Big Brother"" ", 2000/II, (reality segments)
, ," 		""Big Brother"" ", 2000/II, (reality segments)
, ," 		""Big Brother"" ", 2000/II, (reality segments)
, ," 		""Big Brother"" ", 2000/II, (reality segments)
, ," 		""Big Brother"" ", 2000/II, (reality segments)
, ," 		""Big Brother"" ", 2000/II, (reality segments)
, ," 		""Big Brother"" ", 2000/II, (reality segments)
, ," 		""Big Brother"" ", 2000/II, (reality segments)
, ," 		""Big Brother"" ", 2000/II, (reality segments)
, ," 		""Big Brother"" ", 2000/II, (reality segments)
, ," 		""Big Brother"" ", 2000/II, (reality segments)
, ," 		""Big Brother"" ", 2000/II, (reality segments)
, ," 		""Big Brother"" ", 2000/II, (reality segments)
, ," 		""Big Brother"" ", 2000/II, (reality segments)
, ," 		""Big Brother"" ", 2000/II, (reality segments)
, ," 		""Big Brother"" ", 2000/II, (reality segments)
, ," 		""Big Brother"" ", 2000/II, (reality segments)
, ," 		""Big Brother"" ", 2000/II, (reality segments)
, ," 		""Big Brother"" ", 2000/II, (reality segments)
, ," 		""Big Brother"" ", 2000/II, (reality segments)
, ," 		""Big Brother"" ", 2000/II, (reality segments)
, ," 		""Big Brother"" ", 2000/II, (reality segments)
, ," 		""Big Brother"" ", 2000/II, (reality segments)
, ," 		""Big Brother"" ", 2000/II, (reality segments)
, ," 		""Big Brother"" ", 2000/II, (reality segments)
, ," 		""Big Brother"" ", 2000/II, (reality segments)
, ," 		""Big Brother"" ", 2000/II, (reality segments)
, ," 		""Big Brother"" ", 2000/II, (reality segments)
, ," 		""Big Brother"" ", 2000/II, (reality segments)
, ," 		""Big Brother"" ", 2000/II, (reality segments)
, ," 		""Big Brother"" ", 2000/II, (reality segments)
, ," 		""Big Brother"" ", 2000/II, (reality segments)
, ," 		""Big Brother"" ", 2000/II, (reality segments)
, ," 		""Big Brother"" ", 2000/II, (reality segments)
, ," 		""Big Brother"" ", 2000/II, (reality segments)
, ," 		""Big Brother"" ", 2000/II, (reality segments)
, ," 		""Big Brother"" ", 2000/II, (reality segments)
, ," 		""Big Brother"" ", 2000/II, (reality segments)
, ," 		""Big Brother"" ", 2000/II, (reality segments)
, ," 		""Big Brother"" ", 2000/II, (reality segments)
, ," 		""Big Brother"" ", 2000/II, (reality segments)
, ," 		""Big Brother"" ", 2000/II, (reality segments)
, ," 		""Big Brother"" ", 2000/II, (reality segments)
, ," 		""Big Brother"" ", 2000/II, (reality segments)
, ," 		""Big Brother"" ", 2000/II, (reality segments)
, ," 		""Big Brother"" ", 2000/II, (reality segments)
, ," 		""Big Brother"" ", 2000/II, (reality segments)
, ," 		""Big Brother"" ", 2000/II, (reality segments)
, ," 		""Big Brother"" ", 2000/II, (reality segments)
, ," 		""Big Brother"" ", 2000/II, (reality segments)
, ," 		""Big Brother"" ", 2000/II, (reality segments)
, ," 		""Big Brother"" ", 2000/II, (reality segments)
, ," 		""Big Brother"" ", 2000/II, (reality segments)
, ," 		""Darkness Calls"" ", 2015, 
, ," 		""Hell's Kitchen"" ", 2005, (reality segments)
, ," 		""Hell's Kitchen"" ", 2005, (reality segments)
, ," 		""Hell's Kitchen"" ", 2005, (reality segments)
, ," 		""Hell's Kitchen"" ", 2005, (reality segments)
, ," 		""Hell's Kitchen"" ", 2005, (reality segments)
, ," 		""Hell's Kitchen"" ", 2005, (reality segments)
, ," 		""Hell's Kitchen"" ", 2005, (reality segments)
, ," 		""Hell's Kitchen"" ", 2005, (reality segments)
, ," 		""Hell's Kitchen"" ", 2005, (reality segments)
, ," 		""Hell's Kitchen"" ", 2005, (reality segments)
, ," 		""Hell's Kitchen"" ", 2005, (reality segments)
, ," 		""Hell's Kitchen"" ", 2005, (reality segments)
, ," 		""Hell's Kitchen"" ", 2005, (reality segments)
, ," 		""Hell's Kitchen"" ", 2005, (reality segments)
, ," 		""Hell's Kitchen"" ", 2005, (reality segments)
, ," 		""Hell's Kitchen"" ", 2005, (reality segments)
, ," 		""Hell's Kitchen"" ", 2005, (reality segments)
, ," 		""Hell's Kitchen"" ", 2005, (reality segments)

			My Super Sea Wall (2009)
Abatemarco, Tony, Lucifer's Child , 1995, (TV)
Abatiell, Stephen	The Garden (2007/II)
Abaturov, Alexander	Les �mes dormantes (2013)
Abatzis, Dimitris	Yelena (2015)
Abatzis, Nikos," 	""Anatomia enos eglimatos"" ", 1992, 
Abaunza, Alfredo	All Is Empty (2017)

			Encrypted (2017)
			Mrs. Tomiko (2017)
			Valley Blvd (????)
"			""The Naked Truth of Asian Girls"" (2015)"
, ," 		""The Naked Truth of Asian Girls"" ", 2015, (director of photography)
, ," 		""The Naked Truth of Asian Girls"" ", 2015, (director of photography)
, ," 		""The Naked Truth of Asian Girls"" ", 2015, (director of photography)
, ," 		""The Naked Truth of Asian Girls"" ", 2015, (director of photography)
, ," 		""The Naked Truth of Asian Girls"" ", 2015, (director of photography)
, ," 		""The Naked Truth of Asian Girls"" ", 2015, (director of photography)
Abaya, Chris (I), Anti-Social Media , 2016, (co-director)
			Red Band (2014)
, ," 		""Precinct 757"" ", 2013, 
Abaya, Craig, 	A Trek to Remember , ????, (TV)
			If I Had a Twin (2016)
, , 		Making Other People Rich , 2018, (TV)
			Retro Girl (2016)
"			""Bridge School News"" (2008)"
, ," 		""Bridge School News"" ", 2008, 
, ," 		""Bridge School News"" ", 2008, 
, ," 		""Bridge School News"" ", 2008, 
, ," 		""Bridge School News"" ", 2008, 
, ," 		""Bridge School News"" ", 2008, 
, ," 		""Bridge School News"" ", 2008, 
, ," 		""Bridge School News"" ", 2008, 
, ," 		""Bridge School News"" ", 2008, 
, ," 		""Bridge School News"" ", 2008, 
, ," 		""Bridge School News"" ", 2008, 
, ," 		""Bridge School News"" ", 2008, 
, ," 		""Bridge School News"" ", 2008, 
, ," 		""Bridge School News"" ", 2008, 
, ," 		""Bridge School News"" ", 2008, 
, ," 		""Bridge School News"" ", 2008, 
, ," 		""Bridge School News"" ", 2008, 
, ," 		""Bridge School News"" ", 2008, 
, ," 		""Bridge School News"" ", 2008, 
, ," 		""Bridge School News"" ", 2008, 
, ," 		""Bridge School News"" ", 2008, 
, ," 		""Bridge School News"" ", 2008, 
, ," 		""Bridge School News"" ", 2008, 
, ," 		""Bridge School News"" ", 2008, 
, ," 		""Bridge School News"" ", 2008, 
, ," 		""Bridge School News"" ", 2008, 
, ," 		""Bridge School News"" ", 2008, 
, ," 		""Bridge School News"" ", 2008, 
, ," 		""Bridge School News"" ", 2008, 
, ," 		""Bridge School News"" ", 2008, 
, ," 		""Bridge School News"" ", 2008, 
, ," 		""Bridge School News"" ", 2008, 
, ," 		""Bridge School News"" ", 2008, 
, ," 		""Bridge School News"" ", 2008, 
, ," 		""Bridge School News"" ", 2008, 
, ," 		""Bridge School News"" ", 2008, 
, ," 		""Bridge School News"" ", 2008, 
, ," 		""Bridge School News"" ", 2008, 
, ," 		""Bridge School News"" ", 2008, 
, ," 		""Bridge School News"" ", 2008, 
, ," 		""Bridge School News"" ", 2008, 
, ," 		""Bridge School News"" ", 2008, 
, ," 		""Bridge School News"" ", 2008, 
, ," 		""Bridge School News"" ", 2008, 
, ," 		""Bridge School News"" ", 2008, 
, ," 		""Bridge School News"" ", 2008, 
"			""Marissa Anne the Media Fan"" (2015)"
, ," 		""Marissa Anne the Media Fan"" ", 2015, 
, ," 		""Marissa Anne the Media Fan"" ", 2015, 
"			""The Stern Grove Festival Videos"" (2007)"
, ," 		""The Stern Grove Festival Videos"" ", 2007, 
, ," 		""The Stern Grove Festival Videos"" ", 2007, 
, ," 		""The Stern Grove Festival Videos"" ", 2007, 
, ," 		""The Stern Grove Festival Videos"" ", 2007, 
, ," 		""The Stern Grove Festival Videos"" ", 2007, 
, ," 		""The Stern Grove Festival Videos"" ", 2007, 
, ," 		""The Stern Grove Festival Videos"" ", 2007, 
, ," 		""The Stern Grove Festival Videos"" ", 2007, 
, ," 		""The Stern Grove Festival Videos"" ", 2007, 
, ," 		""The Stern Grove Festival Videos"" ", 2007, 
, ," 		""The Stern Grove Festival Videos"" ", 2007, 
, ," 		""The Stern Grove Festival Videos"" ", 2007, 
, ," 		""The Stern Grove Festival Videos"" ", 2007, 
, ," 		""The Stern Grove Festival Videos"" ", 2007, 
, ," 		""The Stern Grove Festival Videos"" ", 2007, 
, ," 		""The Stern Grove Festival Videos"" ", 2007, 
, ," 		""The Stern Grove Festival Videos"" ", 2007, 
, ," 		""The Stern Grove Festival Videos"" ", 2007, 
, ," 		""The Stern Grove Festival Videos"" ", 2007, 
, ," 		""The Stern Grove Festival Videos"" ", 2007, 
, ," 		""The Stern Grove Festival Videos"" ", 2007, 
, ," 		""The Stern Grove Festival Videos"" ", 2007, 
, ," 		""The Stern Grove Festival Videos"" ", 2007, 
, ," 		""The Stern Grove Festival Videos"" ", 2007, 
, ," 		""The Stern Grove Festival Videos"" ", 2007, 
, ," 		""The Stern Grove Festival Videos"" ", 2007, 
, ," 		""The Stern Grove Festival Videos"" ", 2007, 
, ," 		""The Stern Grove Festival Videos"" ", 2007, 
, ," 		""The Stern Grove Festival Videos"" ", 2007, 
, ," 		""The Stern Grove Festival Videos"" ", 2007, 
, ," 		""The Stern Grove Festival Videos"" ", 2007, 
, ," 		""The Stern Grove Festival Videos"" ", 2007, 
, ," 		""The Stern Grove Festival Videos"" ", 2007, 
, ," 		""The Stern Grove Festival Videos"" ", 2007, 
, ," 		""The Stern Grove Festival Videos"" ", 2007, 
, ," 		""The Stern Grove Festival Videos"" ", 2007, 
, ," 		""The Stern Grove Festival Videos"" ", 2007, 
, ," 		""The Stern Grove Festival Videos"" ", 2007, 
, ," 		""The Stern Grove Festival Videos"" ", 2007, 
, ," 		""The Stern Grove Festival Videos"" ", 2007, 
, ," 		""The Stern Grove Festival Videos"" ", 2007, 
, ," 		""The Stern Grove Festival Videos"" ", 2007, 
, ," 		""The Stern Grove Festival Videos"" ", 2007, 
, ," 		""The Stern Grove Festival Videos"" ", 2007, 
, ," 		""The Stern Grove Festival Videos"" ", 2007, 
, ," 		""The Stern Grove Festival Videos"" ", 2007, 
, ," 		""The Stern Grove Festival Videos"" ", 2007, 



, , 		Vampariah , 2016, (attached)
Abayev, Zoei, 	Rak Ze , 2005, (V)
Abayneh, Rediat		25 Days of My Life (2017)
Abaza, Mohamed		Stop (1992)
Abazari, Fariba		My Share (2016)
Abazie, Martin, 	100% Husband , 2005, (V)

			Eglima stin arhaia agora (2007)
			Elaiolado, ligo nero, mia xefloudismeni domata (1997)
			Kalimera, kyrie Marshall (2012)
			Vasilis Zaharoff, o mystiriodis Ellinas tis Evropis (2006)

			L'encre de la Vierge (2013)
			Vibrisse (2011)
Abbade, Mario		Neville D'Almeida: Cronista da Beleza e do Caos (2018)
Abballe, Andrew		Amarena (2015)
			The Cactus and the Hermit Crab (2014)
Abballe, Jacopo		Aula 18 (2017)
			Per un secondo in pi� (2017)


, , 		AL Hadaf-La Cible , 2012, (film)

			Where We Disappear (2009)
Abbas," Abdelkader	""Bonjour d'Alg�rie"" (2001)"
Abbas, Agha," 	""Pepsi Top of the Pops"" ", 1995, (segment director)

"			""Ladies Only"" (2016)"
Abbas, Anthony," 	""The Heyman Hustle"" ", 2009, 





			Aasmaan Mahal (1965)
			Bambai Raat Ki Bahon Mein (1968)
			Bharat Katha (1965)
			Char Shaher Ek Kahani (1968)
			Dharti Ki Pukar (1967)
			Dr. Iqbal (1978)
			Ek Aadmi (1988)
			Gir Game Sanctuary (1961)
			Hamara Ghar (1964)
, , 		Juhu , 1973, (TV)
			Lav Kush (1972)
			Munna (1954)
			Papa Miya of Aligarh (1975)
			Phir Bolo Aaye Sant Kabir (1976)
			Saat Hindustani (1969)
			Teen Ghaaranay (1963)
			Tomorrow Shall Be Better (1965)
Abbas, Laila (I)	Ice & Dust (2014)
Abbas, Laila (III)	Madam El (2016)
Abbas, Munshi		Jail Ke Parinde (1931)
Abbas, Mustafa (I)	100 Miles (2007)
, , 		Gun , 2008, }
			Rain (2009/I)


, , 		Circle of Time , 2017, (VG)
			Cut: Unforgettable Night (2017)
, , 		Giant Selfie , 2015, (VG)
			It's Me (2010)
			Principle (????)
, , 		Silas-COT , 2017, (VG)
			Walk in the Park (2009)
Abbas, Roshan		Always Kabhi Kabhi (2011)
Abbas, S.M.		Ek Bechara (1972)
			Farishta Ya Qatil (1977)
			Sewak (1975)

			Ward 3 (2012)
Abbas, Safdar (II)	Bekarar (2018)
Abbas, Sajjad		The Iraqi Superman (2014)
Abbas, Sam		Samehni Ya'Rab (2015)
			Time to Come (2016)
Abbas, Syed Aashan, Ready Steady Bhaag , 2015, (TV)
Abbas, Wiley		Prospect Street (2010)
Abbas, Yavar, 	Animals in the Womb , 2006, (TV)
, , 		Down to the Earth's Core , 2012, (TV)
, , 		Engineering Ancient Egypt , 2008, (TV)
, , 		Journey to the Edge of the Universe , 2008, (TV)
, ," 		""Naked Science"" ", 2004, 
, ," 		""Seconds from Disaster"" ", 2004, 
, ," 		""Trains with Pete Waterman"" ", 2004, 
Abbasi," Abid Hassan	""Nail Polish"" (2011)"
Abbasi, Adeel		ForeverTogether (2012)

			M for Markus (2011)

			Dayveon (2017)
Abbasi, Anita (I)	Charity Ball (2010)
, , 		The Talent Scout , 2015, (co-director)
Abbasi, Asim, 	Anathema , 2012, (as M.A. Abbasi)
			Little Red Roses (2015)
, , 		Whore , 2013, (as M.A. Abbasi)
Abbasi, Bilawal Hussain, Ho Mann Jahaan , 2015, (assistent director)
Abbasi, Faraz, 	Emancipator: Ocelot , 2016, (V)
Abbasi, Hammad		Yeh Watan Amanat Hai (2017)
, ," 		""Puppa"" ", 2017, 
, ," 		""Puppa"" ", 2017, 







			The Saturday Post (2011)
Abbasian, Amir		Goriz (2012)
Abbasian, Kaveh, 	Last Summer in Europe , 2011, (V)
Abbasian, Mohammadreza	Dokhtaran (2011)




			Drama lyubvi (1972)
			Malenkiy chelovek v bolshoy voyne (1989)
			Tashkent - gorod khlebny (1968)
			Vasisualiy Lokhankin (1958)





, , 		Jerusalem, I Love You , ????, }
			Le Donne della Vucciria (2013)





