!Next?, 1994, , , , , 1994-1995
#1 Single, 2006, , Cats and Dogs , 1.4, , 2006
#1 Single, 2006, , Is the Grass Greener? , 1.1, , 2006
#1 Single, 2006, , The Rules of Dating , 1.3, , 2006
#1 Single, 2006, , Window Shopping , 1.2, , 2006
#15SecondScare, 2015, , , , , 2015-????
#15SecondScare, 2015, , Because We Don't Want You to Fall Asleep , 1.3, , ????
#15SecondScare, 2015, , Coming and Going , 1.11, , ????
#15SecondScare, 2015, , Don't Go Upstairs , 1.16, , 2016
#15SecondScare, 2015, , Don't Take the Picture , 1.9, , ????
#15SecondScare, 2015, , First Time , 1.15, , 2016
#15SecondScare, 2015, , , , Goober Lift, 2016
#15SecondScare, 2015, , It's Me Jessica , 1.5, , 2015
#15SecondScare, 2015, , , , Make OUt Point, 2016
#15SecondScare, 2015, , Shriek , 1.13, , ????
#15SecondScare, 2015, , Stay Dead , 1.7, , ????
#15SecondScare, 2015, , , , The Jogging Dead, 2016
#1MinuteNightmare, 2014, , , , , 2014-????
#1MinuteNightmare, 2014, , Get Wet , 1.3, , 2014
#1MinuteNightmare, 2014, , Meat Feast , 1.9, , 2015
#1MinuteNightmare, 2014, , My Sweet Valentine , 1.5, , 2015
#1MinuteNightmare, 2014, , Night Light , 1.1, , 2014
#1MinuteNightmare, 2014, , Size Matters , 1.8, , 2015
#1MinuteNightmare, 2014, , Want to See Something Cool , 1.4, , 2015
#2G1S, 2016, , Angelica , 1.1, , 2016
#2G1S, 2016, , James , 1.3, , 2016
#2WheelzNHeelz, 2017, , , , Pilot, 2017
#30Nods, 2016, , , , , 2016-2016
#4Hire, 2017, , , , , 2017-2017
#7DaysLater, 2013, , Apocalypse , 1.2, , 2013
#7DaysLater, 2013, , Drama Queen , 1.1, , 2013
#7DaysLater, 2013, , Portrait , 1.4, , 2013
#ActorsLife, 2016, , , , , 2016-????
#ActorsLife, 2016, , Director's Commentary , 1.11, , 2016
#ActorsLife, 2016, , Don't Judge a Book by It's Cover , 1.2, , 2016
#ActorsLife, 2016, , If at First You Don't Succeed... , 1.5, , 2016
#ActorsLife, 2016, , Managers and Agents , 1.13, , 2016
#ActorsLife, 2016, , Overnight Success Pt. 2 , 1.9, , 2016
#ActorsLife, 2016, , Season Review , 1.10, , 2016
#ActorsLife, 2016, , When Disaster Strikes , 1.7, , 2016
#Actress, 2014, , Tandy Vs Stone , 1.1, , 2014
#Adulting, 2016/I, , , , , 2016-????
#Adulting, 2016/I, , Getting Personal , 2.3, , 2017
#Adulting, 2016/I, , Insecure , 1.5, , 2016
#Adulting, 2016/I, , Pilot , 1.1, , 2016
#Adulting, 2016/I, , Read Between the Lines , 2.1, , 2017
#Adulting, 2016/I, , The Game , 1.3, , 2016
#Adulting, 2016/II, , Boyfriend Bathroom Bereavement , 1.6, , 2016
#Adulting, 2016/II, , Hipster Hell Hail Mary , 1.2, , 2016
#Adulting, 2016/II, , Meet Max and Faye , 1.1, , 2016
#atherapefti, 2014, , , , , 2014-????
#ATown, 2014, , A Call to Arms , 2.8, , 2015
#ATown, 2014, , Chicks in Pink, Vomit in a Sink , 1.6, , 2014
#ATown, 2014, , Girls Got Game , 2.7, , 2015
#ATown, 2014, , IMPROVments , 1.4, , 2014
#ATown, 2014, , Kayaking Adventure , 1.5, , 2014
#ATown, 2014, , Pilot , 1.1, , 2014
#ATown, 2014, , So Fucked Up , 1.7, , 2014
#ATown, 2014, , T-Time , 2.6, , 2015
#ATown, 2014, , The Breakup Party , 1.8, , 2014
#ATown, 2014, , The Last Supper , 2.5, , 2015
#AuVolant, 2016, , , , , 2016-2017
#Awkward Dates, 2016, , An Awkward Christmas , 1.5, , 2016
#Awkward Dates, 2016, , Just One Date , 1.8, , 2017
#Awkward Dates, 2016, , Pilot , 1.1, , 2016
#Awkward Dates, 2016, , The Prophet , 1.6, , 2017
#Awkward Dates, 2016, , You Like Rap , 1.7, , 2017
#AwkwardMornings, 2014, , Best Friends , 1.4, , 2014
#AwkwardMornings, 2014, , Rommates , 1.1, , 2014
#Bandcamp, 2014, , , , , 2014-????
#BedTimeBitchin, 2014, , Adventure Time vs Regular Show , 1.37, , 2016
#BedTimeBitchin, 2014, , Arthur , 1.41, , 2016
#BedTimeBitchin, 2014, , Avengers: Age of Ultron Rank of Sexy , 1.23, , 2015
#BedTimeBitchin, 2014, , Blue Ivy's Hair and Father's Day , 1.1, , 2014
#BedTimeBitchin, 2014, , Charlie & the Chocolate Factory , 1.44, , 2016
#BedTimeBitchin, 2014, , Curve Season , 1.9, , 2014
#BedTimeBitchin, 2014, , Dating, Let's Chill, Find-A-Dude , 1.10, , 2014
#BedTimeBitchin, 2014, , Deadpool , 1.39, , 2016
#BedTimeBitchin, 2014, , Family Matters , 1.43, , 2016
#BedTimeBitchin, 2014, , Halloween Pet Peeves + #ROXXYHAZE Winners , 1.32, , 2015
#BedTimeBitchin, 2014, , Hey Arnold, Rugrats and Others 90s Cartoons Examined , 1.13, , 2014
#BedTimeBitchin, 2014, , How I Got Curved by the Black Ranger , 1.34, , 2015
#BedTimeBitchin, 2014, , I'm Done with the Houston Texans , 1.46, , 2016
#BedTimeBitchin, 2014, , It's Christmas Time, Roxxy Haze , 1.17, , 2014
#BedTimeBitchin, 2014, , Jeepers Creepers 3 , 1.38, , 2016
#BedTimeBitchin, 2014, , Louisville Purge , 1.11, , 2014
#BedTimeBitchin, 2014, , Pok�mon, First Dates & Cartoon Porn? , 1.22, , 2015
#BedTimeBitchin, 2014, , Pyramid Schemes , 1.5, , 2014
#BedTimeBitchin, 2014, , Q&A Session: Mick Foley, Farts and Fellatio , 1.18, , 2015
#BedTimeBitchin, 2014, , Star Wars, Hunger Games, Concussion, Creed , 1.35, , 2015
#BedTimeBitchin, 2014, , The Good Dinosaur , 1.33, , 2015
#BedTimeBitchin, 2014, , The Splat Is Bringing '90s Nickelodeon Classics , 1.28, , 2015
#BedTimeBitchin, 2014, , Toy Story 4 Coming in 2017?! , 1.15, , 2017
#BedTimeBitchin, 2014, , Why the Gym Pisses Me Off , 1.12, , 2014
#BedTimeBitchin, 2014, , You Ain't Shit , 1.7, , 2014
#Besties, 2014, , #Besties Attempt to Parallel Park , 1.6, , 2014
#Besties, 2014, , #Besties get a DUI , 1.9, , 2014
#Besties, 2014, , #Besties Order Drinks , 1.1, , 2014
#Besties, 2014, , #Besties Selfie Parody , 1.7, , 2014
#Besties, 2014, , #Besties Use Tinder , 1.5, , 2014
#Besties, 2014, , Besties Go to Football Party , 1.3, , 2014
#Bikerlive, 2014, , Heart of Dixie , 1.1, , 2014
#Bikerlive, 2014, , Lonestar State , 1.3, , 2014
#Bikerlive, 2014, , Rust Belt , 1.4, , 2014
#Bikerlive, 2014, , Tarheel State , 1.2, , 2014
#BlackLove, 2015, , Bringing Sexy Back , 1.3, , 2015
#BlackLove, 2015, , Feeling Some Kinda Way , 1.7, , 2016
#BlackLove, 2015, , Making Lemonade Out of Lemons , 1.2, , 2015
#BlackLove, 2015, , Miss Independent , 1.5, , 2016
#BlackLove, 2015, , Sealing the Deal , 1.10, , 2016
#Blessed, 2015, , , , , 2015-????
#Blessed, 2015, , Body Fails , 1.10, , 2015
#Blessed, 2015, , College Fails , 1.4, , 2015
#Blessed, 2015, , Dating Fails , 1.13, , 2015
#Blessed, 2015, , Email Fails , 1.18, , 2015
#Blessed, 2015, , Full Frontal Fails , 1.8, , 2015
#Blessed, 2015, , , , Glam Fails, 2015
#Blessed, 2015, , Holiday Fails , 1.24, , 2015
#Blessed, 2015, , Money Fails , 1.21, , 2015
#Blessed, 2015, , Musi Festival Fails , 1.3, , 2015
#Blessed, 2015, , Our Worst Fashion Fails , 1.1, , 2015
#Blessed, 2015, , Throwback Fails , 1.14, , 2015
#Blessed, 2015, , Work Fails , 1.5, , 2015
#BreakfastClub, 2017, , , , , 2017-????
#ByMySide, 2012, , I Feel a Little Sick , 1.4, , 2012
#ByMySide, 2012, , No One Is Around , 1.3, , 2012
#ByMySide, 2012, , Still Stuck in My Hometown , 1.2, , 2012
#ByMySide, 2012, , The World Just Falls Apart , 1.7, , 2012
#ByMySide, 2012, , Until the World Dies , 1.9, , 2012
#Cake, 2015, , , , , 2015-????
#CandidlyNicole, 2013, , , , , 2013-????
#CandidlyNicole, 2013, , And We're Rolling , 2.18, , ????
#CandidlyNicole, 2013, , Born to Dance , 1.8, , ????
#CandidlyNicole, 2013, , Day with Dad (Special Guest: Lionel Richie) , 1.7, , ????
#CandidlyNicole, 2013, , Flower Game , 1.2, , 2013
#CandidlyNicole, 2013, , Hoop Dreams , 1.17, , ????
#CandidlyNicole, 2013, , Making Faces , 2.16, , ????
#CandidlyNicole, 2013, , Nicole Gives Her Famous Father an Unwanted Surprise , 2.10, , ????
#CandidlyNicole, 2013, , Nicole Richie and Her Sister Duke It Out , 2.14, , ????
#CandidlyNicole, 2013, , Nicole Richie Pulls Out All the Stops to Sell a $9M Home , 2.11, , ????
#CandidlyNicole, 2013, , Nicole Richie Tries to Break Her Famous Father's Bad Habits , 2.12, , ????
#CandidlyNicole, 2013, , Nicole's New Workout , 1.15, , ????
#CandidlyNicole, 2013, , Pageant Obsessed , 1.13, , ????
#CandidlyNicole, 2013, , Richie Gets a Crash Course in Roller Derby , 2.7, , ????
#CandidlyNicole, 2013, , Richie Gives Sign Spinning a Whirl , 2.4, , ????
#CandidlyNicole, 2013, , Richie Learns Synchronized Swimming from the Pros , 2.3, , ????
#CandidlyNicole, 2013, , Richie Learns What It Takes to Be a Secret Agent , 2.17, , ????
#CandidlyNicole, 2013, , Selfie How To , 1.10, , ????
#CandidlyNicole, 2013, , Style Signals , 1.3, , ????
#CandidlyNicole, 2013, , Tramp Stamp Removal , 1.1, , 2013
#CandidlyNicole, 2013, , World Record , 2.15, , ????
#CaptchaLA, 2017, , D Up , 1.2, , 2017
#cliche, 2015, , , , , 2015-????
#cliche, 2015, , Grew Up Together , 1.2, , 2015
#cliche, 2015, , Meet Cute , 1.3, , 2015
#CreativeLife, 2015, , , , , 2015-2016
#CreativeLife, 2015, , Alexia Anastasio Interviews Jamie Rautenberg , 1.3, , 2015
#CreativeLife, 2015, , Interview with Aasiyah Ghazi , 2.7, , 2015
#CreativeLife, 2015, , Interview with Alex Anders , 1.10, , 2015
#CreativeLife, 2015, , Interview with Alexus Rhone , 4.1, , 2015
#CreativeLife, 2015, , Interview with AmyJo Davies , 4.4, , 2015
#CreativeLife, 2015, , Interview with Caroline O'Neil , 3.13, , 2015
#CreativeLife, 2015, , Interview with Dean Francis , 1.9, , 2015
#CreativeLife, 2015, , Interview with Denise O'Brien , 4.7, , 2015
#CreativeLife, 2015, , Interview with Don Land , 1.5, , 2015
#CreativeLife, 2015, , Interview with Jayde Sunburst , 3.11, , 2015
#CreativeLife, 2015, , Interview with Jill Morley , 2.5, , 2015
#CreativeLife, 2015, , Interview with Joe Wilson , 4.6, , 2015
#CreativeLife, 2015, , Interview with Judy Leventhal , 3.12, , 2015
#CreativeLife, 2015, , Interview with Kerri Affronti , 2.12, , 2015
#CreativeLife, 2015, , Interview with Laura L. Fine , 2.9, , 2015
#CreativeLife, 2015, , Interview with Mandi Mellen & Dan Salem , 4.8, , 2015
#CreativeLife, 2015, , Interview with Melissa Balin , 1.6, , 2015
#CreativeLife, 2015, , Interview with Melissa Mendoza , 1.13, , 2015
#CreativeLife, 2015, , Interview with Mike Szymanski , 1.14, , 2015
#CreativeLife, 2015, , Interview with Prabhat Gautam , 1.7, , 2015
#CreativeLife, 2015, , Interview with Randall Kaplan , 3.6, , 2015
#CreativeLife, 2015, , Interview with Sarah Barrett , 1.12, , 2015
#CreativeLife, 2015, , Interview with Sasha Marie Stone , 2.6, , 2015
#CreativeLife, 2015, , Interview with Sheela Bhongir , 2.15, , 2015
#CreativeLife, 2015, , Interview with Tisha Marina , 4.3, , 2015
#CreativeLife, 2015, , Interview with Troy Devolld , 3.5, , 2015
#CreativeLife, 2015, , Interview with Wowza , 3.8, , 2015
#CreativeLife, 2015, , Live Streaming Rel/Event in Los Angeles , 3.1, , 2015
#Currently, 2016, , #CURRENTLY #atbrunch , 1.4, , 2016
#Currently, 2016, , #CURRENTLY #noreservation , 1.3, , 2016
#Currently, 2016, , #CURRENTLY #travelbragging , 1.1, , 2016
#Cybriety, 2015, , , , , 2015-????
#Cybriety, 2015, , Ally Has No Phone Numbers , 1.4, , 2015
#Cybriety, 2015, , Looking for Jobs , 1.3, , 2015
#Cybriety, 2015, , Pilot , 1.1, , 2015
#Cybriety, 2015, , Technoholics Meeting , 1.2, , 2015
#DailyPipTalk, 2016, , , , , 2016-????
#DayOff, 2013, , , , , 2013-2013
#DearGeorgette, 2015, , , , , 2015-????
#DearGeorgette, 2015, , Code Names for Your Crush , 1.11, , 2015
#DearGeorgette, 2015, , Don't Bullshit Me , 2.6, , 2016
#DearGeorgette, 2015, , He's Just Not That Into You , 1.3, , 2015
#DearGeorgette, 2015, , How to Rock a Side Boob , 1.6, , 2015
#DearGeorgette, 2015, , How to Text Someone You Like , 2.3, , 2016
#DearGeorgette, 2015, , Men and Women Think Differently , 2.7, , 2016
#DearGeorgette, 2015, , My Tinder Experience , 1.7, , 2015
#DearGeorgette, 2015, , Social Media Overload , 1.2, , 2015
#DearGeorgette, 2015, , What to Wear on a First Date , 1.10, , 2015
#DeathToSelfie with Steven Furtick, 2014, , , , , 2014-2014
#differentnotless, 2017, 1.2, , , , ????
#differentnotless, 2017, 1.4, , , , ????
#differentnotless, 2017, 1.6, , , , ????
#EinMomentDerBleibt, 2015, , , , , 2015-????
#FabiosSofa, 2014, , , , , 2014-????
#FabiosSofa, 2014, , Alan David Sangines , 1.4, , 2014
#FabiosSofa, 2014, , Christoph Matti , 1.2, , 2014
#FabiosSofa, 2014, , Lovis Cassaris , 2.3, , 2015
#FabiosSofa, 2014, , Mehdi K�nzle , 1.1, , 2014
#FabiosSofa, 2014, , Uwe Splittdorf , 1.3, , 2014
#Falltown, 2016, , , , Pilote, ????
#Final60, 2016, , 1st , 1.1, , 2016
#Final60, 2016, , 3rd , 1.3, , 2016
#Final60, 2016, , 5th , 1.5, , 2016
#Final60, 2016, , 7th , 1.7, , 2016
#Flygirl100 Children's Halloween Puppet Show, 2017, , , , , 2017-????
#Follow, 2011, , Pilot , 1.1, , 2011
#Fuga, 2016, , , , , 2016-????
#GameOn, 2014, , , , , 2014-2014
#GameOn, 2014, , Ringing Ryan , 1.2, , 2014
#GameOn, 2014, , Telling Dean , 1.4, , 2014
#GirlProblems, 2015, , , , {SUSPENDED, }			2015-????
#Goldfish, 2017, , #HowWeAre , 1.4, , ????
#Goldfish, 2017, , Fake , 1.2, , 2017
#GradGirls, 2017, , , , , 2017-????
#GradGirls, 2017, , New Roomie , 1.3, , 2017
#Hashtag Killer, ????, , , , , ????
#Hashtag Travel, 2017, , , , , 2017-????
#Hashtag: The Series, 2013, , , , , 2013-????
#Hashtag: The Series, 2013, , #FaceTime , 2.3, , 2015
#Hashtag: The Series, 2013, , #GottaEat , 2.5, , 2015
#Hashtag: The Series, 2013, , #SallyJune , 2.6, , 2015
#Hashtag: The Series, 2013, , #TokenStraight , 2.2, , 2015
#Hashtag: The Series, 2013, , Bachelorettes , 1.5, , 2014
#Hashtag: The Series, 2013, , Marlee's Mom , 1.1, , 2014
#Hashtag: The Series, 2013, , Sex or Beers , 1.3, , 2014
#hetisingewikkeld, 2017, , , , , 2017-????
#hetisingewikkeld, 2017, 1.2, , , , 2017
#hetisingewikkeld, 2017, 1.4, , , , 2017
#hetisingewikkeld, 2017, 1.6, , , , ????
#HighlandPark, 2016, 2.1, , , , ????
#HighlandPark, 2016, , Child Support , 1.2, , 2016
#HighlandPark, 2016, , Juanita & Diego , 1.4, , 2016
#HighlandPark, 2016, , Where Did All the Color Go? , 2.2, , ????
#HoodDocumentary, 2016, , , , Family Matters, 2016
#HoodDocumentary, 2016, , Launch Party - Part 2 , 1.6, , 2016
#iGOTSHAPES, 2012, , Asha Rae , 1.8, , 2013
#iGOTSHAPES, 2012, , , , Zander Hardy Feat. Asha Rae - Spending Time, 2013
#IMomSoHard, 2016, , #imomsohard , 1.1, , 2016
#IMomSoHard, 2016, , I 12 Days So Hard , 1.27, , 2016
#IMomSoHard, 2016, , I Back to School So Hard , 1.22, , 2016
#IMomSoHard, 2016, , I Beauty So Hard , 1.12, , 2016
#IMomSoHard, 2016, , I Body Hair So Hard (Cheers Part 2) , 1.13, , 2016
#IMomSoHard, 2016, , I Cheers So Hard , 1.11, , 2016
#IMomSoHard, 2016, , I Cold and Flu So Hard , 1.35, , 2017
#IMomSoHard, 2016, , I Diesel So Hard , 1.33, , 2017
#IMomSoHard, 2016, , I Fitness So Hard , 1.26, , 2016
#IMomSoHard, 2016, , I Friend So Hard , 1.24, , 2016
#IMomSoHard, 2016, , I Grandmom So Hard , 1.43, , 2017
#IMomSoHard, 2016, , I Halloween So Hard , 1.25, , 2016
#IMomSoHard, 2016, , I Lie So Hard , 1.20, , 2016
#IMomSoHard, 2016, , I Mom Friend So Hard , 1.41, , 2017
#IMomSoHard, 2016, , I Mother's Day So Hard , 1.2, , 2016
#IMomSoHard, 2016, , I Own My Truth So Hard , 1.21, , 2016
#IMomSoHard, 2016, , I PPD So Hard , 1.32, , 2017
#IMomSoHard, 2016, , I Robot So Hard , 1.28, , 2016
#IMomSoHard, 2016, , I Spanx So Hard , 1.15, , 2016
#IMomSoHard, 2016, , I Summer So Hard , 1.16, , 2016
#IMomSoHard, 2016, , I Swimsuit Season So Hard , 1.44, , 2017
#IMomSoHard, 2016, , We (Don't) Sleep So Hard , 1.3, , 2016
#InstaFamous: How to Become Famous on Instagram, 2013, , , , , 2013-????
#InstaFamous: How to Become Famous on Instagram, 2013, , Elf on the Shelf , 1.2, , 2013
#InstaFamous: How to Become Famous on Instagram, 2013, , How to Become Famous on Instagram , 1.1, , 2013
#InstaFamous: How to Become Famous on Instagram, 2013, , Shoefly , 1.3, , 2014
#InstaFamous: How to Become Famous on Instagram, 2013, , Twisted Sister-In-Law , 1.6, , 2015
#Interns, 2018, , , , , 2018-????
#iwokeupbadass, 2016, , Gabriel Barcenilla , 1.1, , 2016
#iwokeupbadass, 2016, , Mar D Caos , 1.4, , 2016
#JesusProblems, 2015, , , , , 2015-????
#JesusProblems, 2015, , Find a Boyfriend , 1.3, , 2015
#JesusProblems, 2015, , Go Shopping , 1.5, , 2015
#JustDating, 2014, , , , , 2014-????
#JustDating, 2014, , Dinner , 1.3, , 2014
#JustDating, 2014, , Pilot , 1.1, , 2014
#Kansloos, 2012, , , , , 2012-????
#KateConwayisaJerk, 2015, , Helpful Tips for Getting Over a Breakup , 1.2, , 2015
#KateConwayisaJerk, 2015, , Helping Friends , 1.1, , 2015
#KateConwayisaJerk, 2015, , Helping Keep Your Boyfriend Company , 1.3, , 2015
#killerpost, 2016, , , , , 2016-????
#killerpost, 2016, , Jackson/Bargo , 1.2, , 2016
#killerpost, 2016, , Kogut/Whittmore , 1.8, , ????
#killerpost, 2016, , Payne/Potter , 1.1, , 2016
#killerpost, 2016, , Rodriguez/Nieves , 1.10, , 2016
#killerpost, 2016, , Taylor/Mitchell , 1.5, , 2016
#KillTorrey, 2016, , , , , 2016-????
#KillTorrey, 2016, , Always Recycle , 1.4, , 2016
#KillTorrey, 2016, , For Losing the Bet , 1.7, , 2016
#KillTorrey, 2016, , For Underestimating Cherlyn , 1.6, , 2016
#KillTorrey, 2016, , In the Truck , 1.8, , 2016
#LakeShow, 2012, , , , , 2012-????
#LakeShow, 2012, 2014-02-21, , , , 2014
#LakeShow, 2012, 2014-02-28, , , , 2014
#LakeShow, 2012, 2014-03-04, , , , 2014
#LakeShow, 2012, 2014-03-06, , , , 2014
#LakeShow, 2012, 2014-03-09, , , , 2014
#LakeShow, 2012, 2014-03-30, , , , 2014
#LakeShow, 2012, 2014-04-08, , , , 2014
#LakeShow, 2012, 2014-04-14, , , , 2014
#LakeShow, 2012, 2014-10-03, , , , 2014
#LAProblems, 2013, , #CarEnvy , 1.2, , 2013
#LawstinWoods, 2013, , , , , 2013-????
#LawstinWoods, 2013, , The Backstories , 1.7, {SUSPENDED, }	2014
#LawstinWoods, 2013, , The Case of the Case , 1.5, , 2014
#LawstinWoods, 2013, , The Case of the Twins , 1.2, , 2014
#LawstinWoods, 2013, , , , The Flashbacks Begin, {{SUSPENDED}}	????
#LawstinWoods, 2013, , The Happening , 1.3, , 2014
#LawstinWoods, 2013, , The Loop & Rocks , 1.9, {SUSPENDED, }	2014
#LawstinWoods, 2013, , The Mystical Elements , 1.17, {SUSPENDED, }	2014
#LawstinWoods, 2013, , , , The Neverending Day, {{SUSPENDED}}	2014
#LawstinWoods, 2013, , , , The Outside, {{SUSPENDED}}	2014
#LawstinWoods, 2013, , The Perception Change , 1.14, , 2014
#LawstinWoods, 2013, , The Stabber , 1.16, {SUSPENDED, }	2014
#LawstinWoods, 2013, , The Vanishing , 1.10, {SUSPENDED, }	2014
#LdnOnt, 2012, , 2012 in Review with @AndrewSchiestel , 2.15, , 2012
#LdnOnt, 2012, , @AbeOudshoorn - Abe Oudshoorn , 2.3, , 2012
#LdnOnt, 2012, , @aroundforacure - A Round for a Cure , 1.10, , 2012
#LdnOnt, 2012, , @BrianGibson13 #2 , 2.10, , 2012
#LdnOnt, 2012, , @DavidWinterPW , 1.16, , 2012
#LdnOnt, 2012, , @HockeyLifeca , 2.7, , 2012
#LdnOnt, 2012, , @j0_mAmA - Jo-Anne B. , 1.9, , 2012
#LdnOnt, 2012, , @jesse_helmer - Jesse Helmer , 2.8, , 2012
#LdnOnt, 2012, , @JoniBaechler , 2.14, , 2012
#LdnOnt, 2012, , @KathyNavackas , 1.14, , 2012
#LdnOnt, 2012, , @LeGiff - Ian Gifford , 1.2, , 2012
#LdnOnt, 2012, , @NanBran - Nancy Branscombe , 2.1, , 2012
#LdnOnt, 2012, , @philipmcleod - Phil McLeod , 2.4, , 2012
#LdnOnt, 2012, , @Stew_Blair - Stewart Blair , 1.5, , 2012
#LdnOnt, 2012, , Ben Tsang from @ArmouriesGrille , 2.11, , 2012
#LdnOnt, 2012, , Panel Discussing @emlaughsallot88 , 2.6, , 2012
#LdnOnt, 2012, , Roundtable - The Politics of Engagement , 1.7, , 2012
#LdnOnt, 2012, , Where Did Lincoln Go? , 1.17, , 2012
#Like, 2016, , Best of 2016: Part 1 , 1.17, , 2016
#Like, 2016, , Birit bulilit , 1.5, , 2016
#Like, 2016, , Boses ng masa , 1.7, , 2016
#Like, 2016, , Kilabot , 1.9, , 2016
#Like, 2016, , Pak na pak , 1.10, , 2016
#Like, 2016, , Pinoy Disco , 1.22, , 2017
#Like, 2016, , Rakrakan , 1.4, , 2016
#Like, 2016, , Rap Battle , 1.14, , 2016
#Like, 2016, , Star ng pasko , 1.16, , 2016
#Like, 2016, , Suklay Diva vs Random Girl , 1.12, , 2016
#Like, 2016, , To the Highest Level , 1.6, , 2016
#Like, 2016, , Viral Baes , 1.19, , 2017
#lovemilla, 2013, , , , , 2013-????
#lovemilla, 2013, , Amputoitu tatska. , 2.20, , 2013
#lovemilla, 2013, , Anteeksipyynt� , 1.13, , 2013
#lovemilla, 2013, , Avain , 1.26, , 2013
#lovemilla, 2013, , Broke Back Grill , 3.6, , 2014
#lovemilla, 2013, , Cafe Robotin YT , 2.6, , 2013
#lovemilla, 2013, , En se min� ollut. , 2.22, , 2013
#lovemilla, 2013, , Gittan Enskari , 1.19, , 2013
#lovemilla, 2013, , Hinkki , 3.15, , 2014
#lovemilla, 2013, , Hullusukka , 3.16, , 2014
#lovemilla, 2013, , Internetin kasanovat , 2.5, , 2013
#lovemilla, 2013, , Karvainen skini , 1.9, , 2013
#lovemilla, 2013, , Kauniit ja rohkeat , 1.15, , 2013
#lovemilla, 2013, , Kokki kokeilee , 1.5, , 2013
#lovemilla, 2013, , Kolmen hengen joulu. , 2.17, , 2013
#lovemilla, 2013, , K�nnykk�ooppera , 1.6, , 2013
#lovemilla, 2013, , Lapsihelvetti , 1.22, , 2013
#lovemilla, 2013, , Love/Hate. , 2.9, , 2013
#lovemilla, 2013, , Munkki , 1.12, , 2013
#lovemilla, 2013, , Mykk�elokuva. , 2.12, , 2013
#lovemilla, 2013, , Paha saa palkkansa , 3.3, , 2014
#lovemilla, 2013, , Penisseikkailu , 1.3, , 2013
#lovemilla, 2013, , Pirjo ja Roope , 1.21, , 2013
#lovemilla, 2013, , Porr. , 2.10, , 2013
#lovemilla, 2013, , Puhelu tulevaisuuteen , 2.3, , 2013
#lovemilla, 2013, , Saaran sanelin , 1.4, , 2013
#lovemilla, 2013, , Siiri eroaa kirkosta. , 2.18, , 2013
#lovemilla, 2013, , Sosiaalinen meedio , 3.5, , 2014
#lovemilla, 2013, , Synnytys , 3.2, , 2014
#lovemilla, 2013, , S�hk�� ilmassa , 3.1, , 2014
#lovemilla, 2013, , Tapaninp�iv�n karaoke. , 2.19, , 2013
#lovemilla, 2013, , Tofuel�in , 3.9, , 2014
#lovemilla, 2013, , Ty�paikkahaastattelu , 1.1, , 2013
#lovemilla, 2013, , United Colours of Robot , 1.17, , 2013
#lovemilla, 2013, , �mp�rin faija. , 2.14, , 2013
#LoveMonkeyChocolate, 2014, , , , , 2014-????
#LoveMonkeyChocolate, 2014, , S2:03 , 2.3, , 2015
#LoveMonkeyChocolate, 2014, , S2:05 , 2.5, , 2016
#LoveMonkeyChocolateFlowers, 2014, , , , , 2014-????
#LoveMonkeyChocolateFlowers, 2014, , S1:01 , 1.1, , 2014
#LoveMonkeyChocolateFlowers, 2014, , S1:03 , 1.3, , 2014
#LoveMonkeyChocolateFlowers, 2014, , S1:06 , 1.6, , 2014
#LoveMonkeyChocolateFlowers, 2014, , S2:02 , 2.2, , 2015
#LoveMyRoomie, 2016, , , , #Love Confessionals I, 2017
#LoveMyRoomie, 2016, , , , #Love---, 2017
#LoveMyRoomie, 2016, , , , Confessional I, 2017
#LoveMyRoomie, 2016, , S2. E1 , 2.1, , 2018
#Millennials, 2015, , , , , 2015-????
#Millennials, 2015, , Desert , 3.5, , 2016
#Millennials, 2015, , Health Off , 3.8, , 2017
#Millennials, 2015, , Housewarming Part 2 , 3.2, , 2016
#Millennials, 2015, , Oldies , 3.3, , 2016
#Millennials, 2015, , Relatives , 3.6, , 2017
#Millennials, 2015, , Steve's Moving Out , 4.2, , 2017
#Mittelfingerspitzengef�hl, 2017, , , , , 2017-????
#MomTruth, 2016, , , , , 2016-2016
#MonologueWars, 2014, , Round 2 , 2.1, , 2015
#MovingOut, 2017, 1.1, , , , 2017
#mtvitgirls, 2015, , , , , 2015-????
#Murder, 2017, , #IvanRedding , 1.4, , 2017
#Murder, 2017, , #MikarahSanders , 1.2, , 2017
#Murder, 2017, , #ShanieshaForbes , 1.1, , 2017
#Murder, 2017, , #SiohbanLee , 1.8, , 2017
#MyCurrentSituation: Atlanta, 2016, , , , , 2016-????
#MyCurrentSituation: Atlanta, 2016, , Keeping Up Appearances , 1.1, , 2016
#MyCurrentSituation: Atlanta, 2016, , Stakes Is High , 1.6, , 2016
#MyCurrentSituation: Atlanta, 2016, , We Wear the Mask , 1.5, , 2016
#mykpop, 2013, 1.1, , , , 2013
#mykpop, 2013, 1.3, , , , 2013
#NerdNoise, 2012, , , , , 2012-????
#NerdNoise, 2012, , San Diego Comic Con, Dark Knight Rises, and Air Guitar , 1.1, , 2012
#News, 2014, , , , , 2014-????
#NextGreatMascot, 2015, , Campus Buzz , 1.1, , 2015
#nitTWITS, 2011, , , , , 2011-????
#nitTWITS, 2011, , Ashes to Ashes , 2.9, , 2012
#nitTWITS, 2011, , Chivalry Ain't Dead , 1.1, , 2011
#nitTWITS, 2011, , Force Quit , 1.5, , 2011
#nitTWITS, 2011, , Life Alarm , 1.8, , 2011
#nitTWITS, 2011, , Mute for Murder , 1.2, , 2011
#nitTWITS, 2011, , Nice Glades , 2.7, , 2012
#nitTWITS, 2011, , Pinky Swear , 2.4, , 2012
#nitTWITS, 2011, , Shit People Say on Facebook , 2.1, , 2012
#nitTWITS, 2011, , Slam , 2.2, , 2012
#nitTWITS, 2011, , The Close Talker , 2.5, , 2012
#nitTWITS, 2011, , The Gift Bag , 1.9, , 2011
#nitTWITS, 2011, , Walk of Shame , 2.3, , 2012
#NoFilter with Tarah and Charlotte, 2016, , , , , 2016-????
#Nofilter, 2014, , , , {SUSPENDED, }			2014-????
#NotMadMonday, 2015, , , , , 2015-????
#NotMadMonday, 2015, , Bye-Bye Jon Stewart , 1.3, , 2015
#NotMadMonday, 2015, , Online Dating? , 1.2, , 2015
#NotMadMonday, 2015, , Voldemort and Peeing in the Shower , 1.5, , 2015
#Nwn, 2013, , , , , 2013-????
#OuPas Videos, 2016, , , , , 2016-????
#OuPas Videos, 2016, , Quand ton ex te recontacte pendant les vacances.. , 1.1, , 2016
#ParangNormal Activity, 2015, , Annaboy , 2.7, , 2015
#ParangNormal Activity, 2015, , Baguio Trip , 1.7, , 2015
#ParangNormal Activity, 2015, , Date with Charlie , 1.9, , 2015
#ParangNormal Activity, 2015, , Frozen , 2.6, , 2015
#ParangNormal Activity, 2015, , Halo-haloween , 2.4, , 2015
#ParangNormal Activity, 2015, , Haunted Asylum , 2.9, , 2015
#ParangNormal Activity, 2015, , Haunted Pool , 1.10, , 2015
#ParangNormal Activity, 2015, , Kapre , 2.8, , 2015
#ParangNormal Activity, 2015, , Love and Zombies , 1.8, , 2015
#ParangNormal Activity, 2015, , Nuno sa puno , 2.11, , 2015
#ParangNormal Activity, 2015, , Parang panaginip , 3.2, , 2016
#ParangNormal Activity, 2015, , Tiktik , 2.3, , 2015
#ParangNormal Activity, 2015, , Yung may (ouija) board exams , 1.3, , 2015
#ParangNormal Activity, 2015, , Yung may ghost na extra , 1.5, , 2015
#ParangNormal Activity, 2015, , Yung may sinapian , 1.6, , 2015
#PrettyPeopleProblems, 2013, , , , , 2013-????
#PrettyPeopleProblems, 2013, , The Break-Up Blog (Part Two) , 1.2, , 2013
#PrettyPeopleProblems, 2013, , The Job Interview , 1.3, , 2013
#Pr�TVB, 2014, , , , , 2014-????
#rampage4real, 2013, , , , , 2013-????
#ReasonsWhyImSingle, 2014, , Caught , 1.8, , 2015
#ReasonsWhyImSingle, 2014, , Elevators , 1.4, , 2014
#ReasonsWhyImSingle, 2014, , Fool Me Twice , 2.5, , 2017
#ReasonsWhyImSingle, 2014, , Hot Body , 1.2, , 2014
#ReasonsWhyImSingle, 2014, , I Said G'Day! , 2.8, , 2017
#ReasonsWhyImSingle, 2014, , Productivity , 1.7, , 2015
#ReasonsWhyImSingle, 2014, , Saturday Nights , 1.5, , 2014
#ReasonsWhyImSingle, 2014, , Super Seriousness , 2.10, , 2017
#ReasonsWhyImSingle, 2014, , The Sombrero Effect , 1.6, , 2014
#ReasonsWhyImSingle, 2014, , Waterboarding , 1.3, , 2014
#Redemption, 2014, , , , , 2014-????
#Redemption, 2014, , Lies , 1.1, , 2014
#Redemption, 2014, , Stars Dance , 2.2, , 2015
#Redemption, 2014, , The Hurt Locker , 1.2, , 2015
#Redemption, 2014, , What Kind of Man , 2.4, , 2016
#RedFlag, 2015, , , , , 2015-????
#Rekt, 2014, , GTA 5 , 1.1, , 2014
#RIPSarahBarker, 2016, , , , , 2016-????
#roofies, 2016, , Borrowing , 1.2, , 2016
#roofies, 2016, , Hooking Up , 1.1, , 2016
#SayWhat?!, 2013, , , , , 2013-????
#SayWhat?!, 2013, , Amber Rose Twerks in Wedding Dress! , 1.3, , 2013
#SayWhat?!, 2013, , Charlie Sheen's Jury Duty! , 1.9, , 2013
#SayWhat?!, 2013, , Gaga & R. Kelly's Awkward SNL Performance! , 1.15, , 2013
#SayWhat?!, 2013, , Housewife Lydia the Virgin! , 1.6, , 2013
#SayWhat?!, 2013, , Jimmy Kimmel Twerking Fail , 1.7, , 2013
#SayWhat?!, 2013, , Kardashian Christmas Card #SayWhat?! Style , 1.16, , 2013
#SayWhat?!, 2013, , Kim Kardashian Fashion Fail , 1.8, , 2013
#SayWhat?!, 2013, , Lady Gaga's Wild SXSW Antics! , 2.8, , 2014
#SayWhat?!, 2013, , Madonna Causing Trouble on Instagram! , 2.2, , 2014
#SayWhat?!, 2013, , RHOA Reunion Battle , 2.11, , 2014
#SayWhat?!, 2013, , Top 10 List Tribute to Letterman! , 2.10, , 2014
#SayWhat?!, 2013, , Tori Spelling Sex Tape-Yuck! , 1.12, , 2013
#ScenesFromRussia, 2013, , , , , 2013-????
#ScenesFromRussia, 2013, , Brutality from Russia , 1.4, , 2013
#ScenesFromRussia, 2013, , Lies from Russia , 1.3, , 2013
#Showverwhelmed, 2014, , , , , 2014-2014
#Showverwhelmed, 2014, , DVR Depression , 1.5, , 2014
#Showverwhelmed, 2014, , Full DVR Tantrum , 1.2, , 2014
#SingleBecause, 2017, , , , , 2017-????
#Singles, 2014, , El Chico del Aire Acondicionado , 1.2, , 2014
#Singles, 2014, , , , Novio Imaginario, 2014
#SketchPack, 2015, , , , , 2015-????
#SmurTv, 2016, , Pilot , 1.1, , 2016
#somos, 2017, , , , , 2017-????
#SoySolo, 2016, , , , , 2016-2016
#SpongeyLeaks, 2016, , Leak 1.0: The House, His Aunt, Her Caregiver, the Abuse, the Gun, the Arrest , 1.1, , 2016
#SpongeyLeaks, 2016, , Leak 1.75: Smokes & Bailbondsmen, Expensive Lies & Jailtime , 1.3, , 2016
#SpongeyLeaks, 2016, , Leak 2.1: in medias res: Fraudulent Eviction Notices & Bulletproof Vests: Barb's 2nd Abuser , 1.4, , 2017
#StarShow!, 2015, , Alice Photography , 1.2, , 2015
#StarShow!, 2015, , Drew and the Camera , 1.10, , 2016
#StarShow!, 2015, , JJ and Comedy , 1.3, , 2016
#StarShow!, 2015, , LJ and Music , 2.4, , 2017
#StarShow!, 2015, , Mechelle and Bee! , 1.6, , 2016
#StarShow!, 2015, , Michele and Books , 1.9, , 2016
#StarShow!, 2015, , November and Legacy! , 1.5, , 2016
#StarShow!, 2015, , Tamara and Evelyn Variety Show , 1.1, , 2015
#Sti, 2016, , A Weekend to Remember , 1.5, , 2016
#Sti, 2016, , Gonorrhoea Go Round , 1.2, , 2016
#Sti, 2016, , No Thanks for Giving , 1.4, , 2016
#Still Got It, 2018, , , , , 2018-????
#Studenty, 2014, 1.1, , , , ????
#Studenty, 2014, 1.11, , , , ????
#Studenty, 2014, 1.2, , , , ????
#Studenty, 2014, 1.4, , , , ????
#Studenty, 2014, 1.6, , , , ????
#Studenty, 2014, 1.8, , , , ????
#TanCosmo, 2014, , , , , 2014-????
#Teens, 2014, , , , , 2014-????
#Tendencias, 2017, 1.1, , , , 2017
#Tendencias, 2017, 1.11, , , , 2017
#Tendencias, 2017, 1.2, , , , 2017
#Tendencias, 2017, 1.29, , , , 2017
#Tendencias, 2017, 1.4, , , , 2017
#Tendencias, 2017, 1.6, , , , 2017
#Tendencias, 2017, 1.8, , , , 2017
#ThatThingFromBefore, 2015, , , , , 2015-????
#ThatThingFromBefore, 2015, , Calls , 1.2, , ????
#ThatThingFromBefore, 2015, , Nietzsche , 1.1, , ????
#ThatThingFromBefore, 2015, , Peticide , 1.4, , ????
#ThatThingFromBefore, 2015, , The Beard , 1.7, , ????
#TheAssignment, 2013, , , , , 2013-????
#TheAssignment, 2013, , All Kys On Me , 3.16, , 2016
#TheAssignment, 2013, , Aria or Ain't Ya? , 3.23, , 2016
#TheAssignment, 2013, , Babysitter , 1.2, , 2013
#TheAssignment, 2013, , Barf Blow , 2.1, , 2015
#TheAssignment, 2013, , Bet You One Buck , 3.21, , 2016
#TheAssignment, 2013, , Bikeman , 2.13, , 2015
#TheAssignment, 2013, , Black Girls That Just Cannot , 2.27, , 2015
#TheAssignment, 2013, , Breakin' Away , 1.7, , 2013
#TheAssignment, 2013, , Bumpy Ride , 3.17, , 2016
#TheAssignment, 2013, , Chaney Kley , 1.8, , 2013
#TheAssignment, 2013, , Deez Nutz , 3.15, , 2016
#TheAssignment, 2013, , Doctor'n , 2.20, , 2015
#TheAssignment, 2013, , Fairy Tales Do Exist , 3.32, , 2016
#TheAssignment, 2013, , Freak a Sheikh , 3.27, , 2016
#TheAssignment, 2013, , Gettin' Real Up in Here , 3.30, , 2016
#TheAssignment, 2013, , Happy Endings , 3.43, , 2016
#TheAssignment, 2013, , Hitting a Homo Run , 3.34, , 2016
#TheAssignment, 2013, , Khaleesi , 2.14, , 2015
#TheAssignment, 2013, , Knockout Love , 3.39, , 2016
#TheAssignment, 2013, , Lone Horn , 2.18, , 2015
#TheAssignment, 2013, , LumBlairJack , 3.20, , 2016
#TheAssignment, 2013, , Matchmaker Makeover - Applicant Video #1 , 3.1, , 2016
#TheAssignment, 2013, , Matchmaker Makeover - Applicant Video #11 , 3.11, , 2016
#TheAssignment, 2013, , Matchmaker Makeover - Applicant Video #13 , 3.13, , 2016
#TheAssignment, 2013, , Matchmaker Makeover - Applicant Video #2 , 3.2, , 2016
#TheAssignment, 2013, , Matchmaker Makeover - Applicant Video #4 , 3.4, , 2016
#TheAssignment, 2013, , Matchmaker Makeover - Applicant Video #6 , 3.6, , 2016
#TheAssignment, 2013, , Matchmaker Makeover - Applicant Video #8 , 3.8, , 2016
#TheAssignment, 2013, , Millennial Match , 3.38, , 2016
#TheAssignment, 2013, , Mutha Teresa , 3.24, , 2016
#TheAssignment, 2013, , Piranha Tattoo , 1.18, , 2013
#TheAssignment, 2013, , Pound Town , 2.24, , 2015
#TheAssignment, 2013, , Quick Escalation , 2.8, , 2015
#TheAssignment, 2013, , Raw Cajun , 2.16, , 2015
#TheAssignment, 2013, , Sex Grounds , 2.30, , 2015
#TheAssignment, 2013, , Slack Jaw , 2.25, , 2015
#TheAssignment, 2013, , Solo Sheikh , 3.41, , 2016
#TheAssignment, 2013, , Starz Are Made , 3.19, , 2016
#TheAssignment, 2013, , Studio , 1.4, , 2013
#TheAssignment, 2013, , The Midgions Are Coming (Game of Thrones Parody) , 1.3, , 2013
#TheAssignment, 2013, , Thrill Kill , 2.4, , 2015
#TheAssignment, 2013, , Tough Guy Training , 2.19, , 2015
#TheAssignment, 2013, , Tuesday Mornings , 1.5, , 2013
#TheAssignment, 2013, , Whiskey Sour , 3.37, , 2016
#TheAssignment, 2013, , Without Benefits , 1.15, , 2013
#TheAssignment, 2013, , Yuri's Fury , 3.26, , 2016
#thebasic, 2016, , How to Breathe , 1.7, , 2017
#thebasic, 2016, , How to Clap , 1.5, , 2016
#thebasic, 2016, , How to Hold Something , 1.2, , 2016
#thebasic, 2016, , How to Make a Hand Turkey , 1.4, , 2016
#TheWestbrooks, 2015, , , , , 2015-????
#TheWestbrooks, 2015, , #Fractured Family , 1.6, , 2015
#TheWestbrooks, 2015, , #Love & Check Stubs , 1.5, , 2015
#TheWestbrooks, 2015, , #Sister Act , 1.4, , 2015
#TheWestbrooks, 2015, , #Together4Ever , 1.9, , 2015
#TheWestbrooks, 2015, , Making the Brand , 1.1, , 2015
#ThisIsCollege, 2016, , , , , 2016-????
#ThisIsCollege, 2016, , Big Day , 1.9, , 2016
#ThisIsCollege, 2016, , Relationship Status , 1.8, , 2016
#ThisIsCollege, 2016, , Separation Anxiety , 1.5, , 2016
#ThisIsCollege, 2016, , The Hot Professor , 1.1, , 2016
#ThisIsCollege, 2016, , Writing the Essay , 1.3, , 2016
#TMF, 2017, , , , , 2017-2017
#TMF, 2017, , Scrabble , 1.2, , 2017
#Tris, 2012, , , , , 2012-2012
#Troublemakers, 2013, , Battling Chains: The More You Know PSA & RKVC! , 1.8, , 2013
#Troublemakers, 2013, , Coming to an End: Charley & the Band Manager! , 1.15, , 2013
#Troublemakers, 2013, , Extreme Pizza! RKVC Meets DreaMedia Productions , 1.1, , 2013
#Troublemakers, 2013, , Gangnam Style Dialing Wolverine and the Hulk! , 1.5, , 2013
#Troublemakers, 2013, , Holiday Special Episode w/ the Ghosts of X-Mas , 1.16, , 2013
#Troublemakers, 2013, , Killer French Toast: Is It Cereal or Syria? , 1.4, , 2013
#Troublemakers, 2013, , Snake Ambush: An RKVC Spooky Halloween Special! , 1.9, , 2013
#Troublemakers, 2013, , Stuck Buffering-Traveling by Map When GPS Sucks , 1.3, , 2013
#twentyfiveish, 2017, , , , , 2017-2017
#twentyfiveish, 2017, , One-Two Punch , 1.5, , 2017
#twentyfiveish, 2017, , Slippery When Wet , 1.3, , 2017
#twentyfiveish, 2017, , The End , 1.6, , 2017
#Untitled: The Webseries, 2017, , , , , 2017-????
#Untitled: The Webseries, 2017, , I Had That Dream Again , 1.1, , 2017
#Untitled: The Webseries, 2017, , What Are You Worried About? , 1.2, , 2017
#VanLifeAttila, 2016, ," ""Over"" a Film by Attila ", 3.31, , 2017
#VanLifeAttila, 2016, , #VanLife , 4.1, , 2017
#VanLifeAttila, 2016, , 1 Year After Starting Meds for Depression , 3.15, , 2017
#VanLifeAttila, 2016, , @DearestDayna: Signing Up , 2.11, , 2016
#VanLifeAttila, 2016, , A Waste of Money , 4.7, , 2017
#VanLifeAttila, 2016, , An Ideal Life , 3.5, , 2017
#VanLifeAttila, 2016, , Back in the 1800s , 3.20, , 2017
#VanLifeAttila, 2016, , Becky Oben: Part 2 , 1.6, , 2016
#VanLifeAttila, 2016, , Becky Oben: Part 4 , 1.8, , 2016
#VanLifeAttila, 2016, , Car Accessories , 4.6, , 2017
#VanLifeAttila, 2016, , Car Sick , 4.19, , 2017
#VanLifeAttila, 2016, , Child Abuse , 4.24, , 2017
#VanLifeAttila, 2016, , Constructively Ill , 3.3, , 2017
#VanLifeAttila, 2016, , DearestDayna: Working for Free in Banff , 2.7, , 2016
#VanLifeAttila, 2016, , Diminished Mental Capacity: Part 2 , 3.25, , 2017
#VanLifeAttila, 2016, , Driving Tips/Palettes , 4.16, , 2017
#VanLifeAttila, 2016, , Flashback , 2.9, , 2016
#VanLifeAttila, 2016, , Forget the Middle Man , 3.19, , 2017
#VanLifeAttila, 2016, , Getting Ready for Winter , 4.13, , 2017
#VanLifeAttila, 2016, , God Is a Copout , 2.3, , 2016
#VanLifeAttila, 2016, , Grouse Grindr , 1.4, , 2016
#VanLifeAttila, 2016, , Hit 'n' Run , 2.2, , 2016
#VanLifeAttila, 2016, , Horrible People , 4.3, , 2017
#VanLifeAttila, 2016, , Introduction , 1.1, , 2016
#VanLifeAttila, 2016, , Job 6 , 4.14, , 2017
#VanLifeAttila, 2016, , Live Finale , 4.28, , 2017
#VanLifeAttila, 2016, , More Jobs , 4.17, , 2017
#VanLifeAttila, 2016, , My Experiment: #VanLifeAttila(Pilot) , 1.0, , 2016
#VanLifeAttila, 2016, , New Career , 4.27, , 2017
#VanLifeAttila, 2016, , Novel Reading: My Memoirs , 2.14, , 2016
#VanLifeAttila, 2016, , Painful Arrival: PART 2 , 2.13, , 2016
#VanLifeAttila, 2016, , Pussy vs Problems , 2.6, , 2016
#VanLifeAttila, 2016, , Ranting: The Frustrated Me , 4.11, , 2017
#VanLifeAttila, 2016, , Shots for the Queen(Victoria) , 3.26, , 2017
#VanLifeAttila, 2016, , Stanley , 3.21, , 2017
#VanLifeAttila, 2016, , That Moment When You Know , 3.16, , 2017
#VanLifeAttila, 2016, , The Butler Didn't Do It , 3.29, , 2017
#VanLifeAttila, 2016, , The Full Tour , 3.32, , 2017
#VanLifeAttila, 2016, , Therapy Tools. Butler Tools. , 3.13, , 2017
#VanLifeAttila, 2016, , VANdalized. AGAIN! , 4.23, , 2017
#VanLifeAttila, 2016, , Welcome to the Caribou , 2.4, , 2016
#VanLifeAttila, 2016, , What Is Reality , 2.5, , 2016
#VanLifeAttila, 2016, , Winter in Vancouver?! , 4.25, , 2017
#VanLifeAttila, 2016, , WWJD? Part 1: Free Legal Advice , 3.18, , 2017
#VanLifeAttila, 2016, , You Brought 'Er You Lick 'Er , 4.9, , 2017
#Viral, 2016, , , , , 2016-????
#Viral, 2016, , #Balls4Dolls , 1.3, , ????
#Viral, 2016, , #FFU , 1.8, , ????
#Viral, 2016, , #PushPop , 1.6, , ????
#Viral, 2016, , #WorldStar , 1.4, , ????
#VitalSignz, 2017, , The Adventures of Geriatric Man! , 1.1, , 2017
#waszurwahl, 2013, , , , , 2013-????
#WineLine, 2016, 1.1, , , , 2016
#WineLine, 2016, , , , Meeting Your Significant Other's Parents, 2016
#WomanProblems, 2014, , Crushing on Another Gal's Guy , 1.2, , 2014
#Yaprava, 2013, , , , , 2013-????
#Yaprava, 2013, , Khudet ili NE khudet radi parnya , 1.7, , 2013
#Yaprava, 2013, , Ya ochen krasivaya - preimushchestvo ili nedostatok? , 1.22, , 2013
#Youngadult, 2017, , Chapter 1 , 1.1, , 2017
#Youngadult, 2017, , Chapter 2 , 1.2, , 2017
#Youngadult, 2017, , Chapter 4 , 1.4, , 2017
#Youngadult, 2017, , Chapter 6 , 1.6, , 2017
#Youngadult, 2017, , Chapter 8 , 1.8, , 2017
#�quit�, 2016, , , , , 2016-????
$#*! My Dad Says, 2010, , Code Ed , 1.4, , 2010
$#*! My Dad Says, 2010, , Dog Ed Pursuit , 1.7, , 2010
$#*! My Dad Says, 2010, , Ed Goes to Court , 1.15, , 2011
$#*! My Dad Says, 2010, , Goodson Goes Deep , 1.12, , 2011
$#*! My Dad Says, 2010, , Make a Wish , 1.9, , 2010
$#*! My Dad Says, 2010, , Pilot , 1.1, , 2010
$#*! My Dad Says, 2010, , The Manly Thing to Do , 1.8, , 2010
$#*! My Dad Says, 2010, , Well Suitored , 1.16, , 2011
$#*! My Dad Says, 2010, , Wi-Fight , 1.2, , 2010
$1, ????, , , , , ????
$1, ????, 1.10, , , , ????
$1, ????, 1.3, , , , ????
$1, ????, 1.5, , , , ????
$1, ????, 1.7, , , , ????
$1, ????, 1.9, , , , ????
$100 Makeover, 2010, , , , , 2010-????
$100 Makeover, 2010, , Elise & Bobby (Austin, TX) , 1.1, , 2010
$100 Makeover, 2010, , Jenn & Anthony (Commack, NY) , 1.7, , 2010
$100 Makeover, 2010, , John & Amy (Seattle, WA) , 1.5, , 2010
$100 Makeover, 2010, , Michael & Sharon (Seattle, WA) , 1.9, , 2010
$100 Makeover, 2010, , Pamela & Cary (Austin, TX) , 1.2, , 2010
$100 Pet Challenge, 2015, , , , , 2015-????
$100 Taxi Ride, 2001, , , , , 2001-2002
$100 Taxi Ride, 2001, , Amman/Prague , 1.5, , 2001
$100 Taxi Ride, 2001, , Buenos Aires/Calgary , 1.7, , 2001
$100 Taxi Ride, 2001, , Dublin/Johannesburg , 1.8, , 2001
$100 Taxi Ride, 2001, , Havana/Salt Lake City , 1.2, , 2001
$100 Taxi Ride, 2001, , Hollywood/Bombay , 1.4, , 2001
$100 Taxi Ride, 2001, , Istanbul/Panama , 1.3, , 2001
$100 Taxi Ride, 2001, , Tijuana/Gibraltar , 1.1, , 2001
$100,000 Fortune Hunt, 1989, 1989-09-16, , , , 1989
$100,000 Fortune Hunt, 1989, 1989-09-30, , , , 1989
$100,000 Fortune Hunt, 1989, 1989-10-14, , , , 1989
$100,000 Fortune Hunt, 1989, 1989-10-28, , , , 1989
$100,000 Fortune Hunt, 1989, 1989-11-11, , , , 1989
$100,000 Fortune Hunt, 1989, 1989-11-25, , , , 1989
$100,000 Fortune Hunt, 1989, 1989-12-09, , , , 1989
$100,000 Fortune Hunt, 1989, 1989-12-23, , , , 1989
$100,000 Fortune Hunt, 1989, 1990-01-06, , , , 1990
$100,000 Fortune Hunt, 1989, 1990-01-20, , , , 1990
$100,000 Fortune Hunt, 1989, 1990-02-03, , , , 1990
$100,000 Fortune Hunt, 1989, 1990-02-17, , , , 1990
$100,000 Fortune Hunt, 1989, 1990-03-03, , , , 1990
$100,000 Fortune Hunt, 1989, 1990-03-17, , , , 1990
$100,000 Fortune Hunt, 1989, 1990-03-31, , , , 1990
$100,000 Fortune Hunt, 1989, 1990-04-14, , , , 1990
$100,000 Fortune Hunt, 1989, 1990-04-28, , , , 1990
$100,000 Fortune Hunt, 1989, 1990-05-12, , , , 1990
$100,000 Fortune Hunt, 1989, 1990-05-26, , , , 1990
$100,000 Fortune Hunt, 1989, 1990-06-09, , , , 1990
$100,000 Fortune Hunt, 1989, 1990-06-23, , , , 1990
$100,000 Fortune Hunt, 1989, 1990-07-07, , , , 1990
$100,000 Fortune Hunt, 1989, 1990-07-21, , , , 1990
$100,000 Fortune Hunt, 1989, 1990-08-04, , , , 1990
$100,000 Fortune Hunt, 1989, 1990-08-18, , , , 1990
$100,000 Name That Tune, 1984, , , , , 1984-1985
$2 Bill, 2002, 3.1, , , , ????
$2 Bill, 2002, , , , Coldplay, 2002
$2 Bill, 2002, , DMX, Method Man and Ludacris , 2.3, , 2003
$2 Bill, 2002, , , , Fat Joe, Juvenile & T.I., 2005
$2 Bill, 2002, , , , Kanye West, 2005
$2 Bill, 2002, , , , Linkin Park, 2003
$2 Bill, 2002, , , , My Chemical Romance, 2006
$2 Bill, 2002, , Secret Machines and The Killers , 3.3, , 2004
$2 Bill, 2002, , , , The Game, 2006
$2 Bill, 2002, , The Strokes , 1.1, , 2002
$2 Bill, 2002, , , , Yellowcard, 2006
$2 Donuts, 2017, , Pilot , 1.1, , ????
$24 in 24, 2012, , Boston , 1.5, , 2012
$24 in 24, 2012, , Cleveland , 1.2, , 2012
$24 in 24, 2012, , Minneapolis , 1.4, , 2012
$24 in 24, 2012, , Philadelphia , 1.7, , 2012
$25 Million Dollar Hoax, 2004, 1.1, , , , 2004
$25 Million Dollar Hoax, 2004, 1.3, , , , 2004
$40 a Day, 2002, , Adirondacks , 2.24, , 2004
$40 a Day, 2002, , Antigua , 3.24, , 2005
$40 a Day, 2002, , Ashland, OR , 3.18, , 2005
$40 a Day, 2002, , Atlanta, GA , 1.22, , 2002
$40 a Day, 2002, , Bermuda , 3.5, , 2004
$40 a Day, 2002, , Boston , 2.6, , 2003
$40 a Day, 2002, , Cape Cod , 2.4, , 2003
$40 a Day, 2002, , Chattanooga, Tennessee , 3.7, , 2004
$40 a Day, 2002, , Cleveland , 2.25, , 2004
$40 a Day, 2002, , Coos Bay , 3.20, , 2005
$40 a Day, 2002, , Dallas, Texas , 2.3, , 2003
$40 a Day, 2002, , Durham and Chapel Hill, North Carolina , 3.3, , 2004
$40 a Day, 2002, , Ft. Lauderdale, FL , 3.22, , 2005
$40 a Day, 2002, , Hamptons, NY , 3.19, , 2005
$40 a Day, 2002, , Jackson Hole, WY , 3.16, , 2005
$40 a Day, 2002, , Las Vegas, Nevada , 3.4, , 2004
$40 a Day, 2002, , Los Angeles , 1.3, , 2002
$40 a Day, 2002, , Maui, Hawaii , 2.9, , 2003
$40 a Day, 2002, , Miami, Florida , 1.8, , 2002
$40 a Day, 2002, , Monterey , 1.9, , 2002
$40 a Day, 2002, , Mount Rushmore, SD , 3.17, , 2005
$40 a Day, 2002, , Nantucket , 3.14, , 2005
$40 a Day, 2002, , Nashville , 2.12, , 2003
$40 a Day, 2002, , New York City , 1.23, , 2003
$40 a Day, 2002, , Newport, RI , 3.11, , 2004
$40 a Day, 2002, , Orlando , 1.6, , 2002
$40 a Day, 2002, , Paris, France , 1.15, , 2002
$40 a Day, 2002, , Philadelphia , 1.24, , 2003
$40 a Day, 2002, , Portland, Oregon , 1.10, , 2002
$40 a Day, 2002, , Salem , 3.15, , 2005
$40 a Day, 2002, , San Francisco , 1.5, , 2002
$40 a Day, 2002, , Santa Barbara, CA , 1.13, , 2002
$40 a Day, 2002, , Saratoga, NY , 2.26, , 2004
$40 a Day, 2002, , Seattle, Washington , 1.7, , 2002
$40 a Day, 2002, , South Beach , 3.21, , 2005
$40 a Day, 2002, , Telluride, Colorado , 3.10, , 2004
$40 a Day, 2002, , Tucson, AZ , 2.17, , 2003
$40 a Day, 2002, , Vancouver Canada , 1.4, , 2002
$40 a Day, 2002, , Washington, DC , 1.25, , 2003
$5 Cover, 2009, , A New Drummer , 1.1, , 2009
$5 Cover, 2009, , Head Change , 1.2, , 2009
$5 Cover, 2009, , I Know What Girls Like , 1.10, , 2009
$5 Cover, 2009, , Jesse Mae , 1.13, , 2009
$5 Cover, 2009, , Memphis Drama , 1.3, , 2009
$5 Cover, 2009, , Oh Mamma , 1.11, , 2009
$5 Cover, 2009, , The Multi-Instrumentalist , 1.7, , 2009
$5 Cover, 2009, , Up and Rolling , 1.14, , 2009
$5 Cover: Seattle, 2009, , After After Hours , 1.11, , 2010
$5 Cover: Seattle, 2009, , , , B-Side: Eric Goetz - Film Composer, 2010
$5 Cover: Seattle, 2009, , , , B-Side: Tube Addiction, 2010
$5 Cover: Seattle, 2009, , Don't Be a Stranger , 1.12, , 2010
$5 Cover: Seattle, 2009, , House of God , 1.6, , 2010
$5 Cover: Seattle, 2009, , Spits O'Clock , 1.5, , 2010
$5 Cover: Seattle, 2009, , The Morning After , 1.7, , 2010
$5 Cover: Seattle, 2009, , Thee Day Job , 1.9, , 2010
$50,000 Letterbox, 1980, , , , , 1980-1981
$9.99 with Dave Evans, 2014, , A Day in the Park , 10.2, , 2015
$9.99 with Dave Evans, 2014, , Astoria , 9.4, , 2014
$9.99 with Dave Evans, 2014, , Great Outdoors , 10.7, , 2015
$9.99 with Dave Evans, 2014, , Have a Bite , 9.5, , 2014
$9.99 with Dave Evans, 2014, , Loose Change , 9.6, , 2014
$9.99 with Dave Evans, 2014, , Stay Fit , 10.1, , 2015
$9.99 with Dave Evans, 2014, , The Real South Brooklyn , 9.3, , 2014
$9.99 with Dave Evans, 2014, , Tour the World , 10.3, , 2015
$9.99, 2003, , , , , 2003-????
$9.99, 2003, 5.5, , , , ????
$9.99, 2003, , All Around Town , 1.5, , ????
$9.99, 2003, , Astoria , 1.1, , ????
$9.99, 2003, , Best of Manhattan , 5.1, , 2006
$9.99, 2003, , Chelsea , 2.2, , ????
$9.99, 2003, , Cobble Hill/Park Slope , 2.6, , 2004
$9.99, 2003, , Coney Island Avenue: Brooklyn's 'Boulevard of Babel' , 6.3, , 2010
$9.99, 2003, , Culture Around the City , 4.9, , 2006
$9.99, 2003, , Downtown Brooklyn , 4.6, , 2006
$9.99, 2003, , East Harlem: Mangos Grande , 6.4, , 2010
$9.99, 2003, , Flatbush Avenue , 4.8, , 2006
$9.99, 2003, , Get Fit NY , 4.4, , 2005
$9.99, 2003, , Greenpoint: Little Poland , 6.6, , 2010
$9.99, 2003, , Haunted , 4.10, , 2006
$9.99, 2003, , Historic Brooklyn , 7.5, , 2011
$9.99, 2003, , Keep Your Kids Busy , 8.5, , 2013
$9.99, 2003, , Let's Get Crafty , 8.3, , 2013
$9.99, 2003, , Madison Avenue , 1.6, , ????
$9.99, 2003, , Midtown Manhattan , 2.1, , ????
$9.99, 2003, , Northern Bronx , 2.5, , ????
$9.99, 2003, , South Brooklyn , 7.7, , 2011
$9.99, 2003, , St. George: Staten Island's Cultural Hub , 6.5, , 2010
$9.99, 2003, , Staten Island Road Trip , 7.1, , 2011
$9.99, 2003, , The Brooklyn Waterfront , 2.3, , ????
$9.99, 2003, , The Music Lovers Episode , 3.5, , 2005
$9.99, 2003, , Tribeca , 4.7, , 2006
$9.99, 2003, , , , Williamsburg, 2014
$9.99, 2003, , Woodlawn: Little Ireland , 6.2, , 2010
$tripped, 2015, , , , , 2015-????
$tripped, 2015, , Befriended , 1.10, , ????
$tripped, 2015, , Corrupted , 2.2, , ????
$tripped, 2015, , Desired , 1.6, , ????
$tripped, 2015, , Entertained , 1.3, , ????
$tripped, 2015, , Imitated , 2.3, , ????
$tripped, 2015, , Partied , 1.7, , ????
$tripped, 2015, , Seduced , 2.1, , ????
$tripped, 2015, , Tinderized , 1.1, , 2015
$weepstake$, 1979, 1.1, , , , 1979
$weepstake$, 1979, 1.3, , , , 1979
$weepstake$, 1979, 1.5, , , , 1979
$weepstake$, 1979, 1.7, , , , 1979
$weepstake$, 1979, 1.9, , , , 1979
$Zillionaire$ Reality TV, 2017, , , , , 2017-????
$Zillionaire$ Reality TV, 2017, , Epic Power Moves , 1.1, , 2017
$Zillionaire$ Reality TV, 2017, , Hollywood Life Pt2 , 1.5, , 2017
&@, 2010, , , , , 2010-????
&@, 2010, , , , An and at Cat, 2011
&@, 2010, , , , Coffee Table Short, 2011
&@, 2010, , , , Have a Wet Christmas, 2010
&@, 2010, , , , The 2nd Most Dangerous Game, 2010
&@, 2010, , , , The Couch Continuum, 2013
&@, 2010, , , , The Mayor: Lord High Everything Else, 2015
&@, 2010, , , , World Famous Cat Burglar: Gerard Gerou, 2011
&Bish�jo, 2017, , , , , 2017-2017
&Bish�jo, 2017, 1.10, , , , 2017
&Bish�jo, 2017, 1.12, , , , 2017
&Bish�jo, 2017, 1.3, , , , 2017
&Bish�jo, 2017, 1.5, , , , 2017
&Bish�jo, 2017, 1.7, , , , 2017
&Bish�jo, 2017, 1.9, , , , 2017
'80s Videos: A to Z, 2009, , , , , 2009-????
'Allo 'Allo!, 1982, , , , , 1982-1992
'Allo 'Allo!, 1982, , A Duck for Launch , 5.15, , 1988
'Allo 'Allo!, 1982, , A Fistful of Francs , 8.6, , 1992
'Allo 'Allo!, 1982, , A Quiet Honeymoon , 7.1, , 1991
'Allo 'Allo!, 1982, , A Woman Never Lies , 8.2, , 1992
'Allo 'Allo!, 1982, , An Almighty Bang , 7.2, , 1991
'Allo 'Allo!, 1982, , Arousing Suspicions , 8.1, , 1992
'Allo 'Allo!, 1982, , Camp Dance , 4.2, , 1987
'Allo 'Allo!, 1982, , Desperate Doings in the Dungeon , 5.1, , 1988
'Allo 'Allo!, 1982, , Dinner with the General , 5.3, , 1988
'Allo 'Allo!, 1982, , Fighting with Windmills , 9.1, , 1992
'Allo 'Allo!, 1982, , Fleeing Monks , 7.3, , 1991
'Allo 'Allo!, 1982, , Flight to Geneva , 5.21, , 1989
'Allo 'Allo!, 1982, , Good Staff Are Hard to Find , 4.3, , 1987
'Allo 'Allo!, 1982, , Herr Flick's Revenge , 2.6, , 1985
'Allo 'Allo!, 1982, , Land Mines for London , 5.20, , 1989
'Allo 'Allo!, 1982, , Missing and Presumed Dead , 9.2, , 1992
'Allo 'Allo!, 1982, , No Hiding Place , 5.7, , 1988
'Allo 'Allo!, 1982, , Pigeon Post , 1.2, , 1984
'Allo 'Allo!, 1982, , Prior Engagements , 7.8, , 1991
'Allo 'Allo!, 1982, , Puddings Can Go Off , 5.19, , 1989
'Allo 'Allo!, 1982, , Ren� - Under an Assumed Nose , 5.10, , 1988
'Allo 'Allo!, 1982, , Ren� of the Gypsies , 7.10, , 1991
'Allo 'Allo!, 1982, , Rising to the Occasion , 6.8, , 1989
'Allo 'Allo!, 1982, , Six Big Boobies , 2.1, , 1985
'Allo 'Allo!, 1982, , Swan Song , 8.7, , 1992
'Allo 'Allo!, 1982, , The Airmen De-Nicked , 6.5, , 1989
'Allo 'Allo!, 1982, , The British 'ave Come , 1.1, , 1984
'Allo 'Allo!, 1982, , The Camera in the Potato , 5.2, , 1988
'Allo 'Allo!, 1982, , The Crooked Fences , 6.6, , 1989
'Allo 'Allo!, 1982, , The Dreaded Circular Saw , 5.4, , 1988
'Allo 'Allo!, 1982, , The Execution , 1.4, , 1984
'Allo 'Allo!, 1982, , The Fishmonger Float , 9.4, , 1992
'Allo 'Allo!, 1982, , The Funeral , 1.5, , 1984
'Allo 'Allo!, 1982, , The Gestapo for the High Jump , 6.2, , 1989
'Allo 'Allo!, 1982, , The Great Un-Escape , 3.6, , 1987
'Allo 'Allo!, 1982, , The Nicked Airmen , 6.4, , 1989
'Allo 'Allo!, 1982, , The Nouvion Oars , 6.3, , 1989
'Allo 'Allo!, 1982, , The Reluctant Millionaires , 5.14, , 1988
'Allo 'Allo!, 1982, , The Sausage in the Wardrobe , 3.3, , 1986
'Allo 'Allo!, 1982, , The Wooing of Widow Artois , 2.2, , 1985
'Allo 'Allo!, 1982, , Up the Crick Without a Piddle , 7.4, , 1991
'Allo 'Allo!, 1982, , Wedding Bloss , 5.24, , 1989
'Conversations with My Wife', 2010, , , , , 2010-????
'Da Kink in My Hair, 2007, , A Mother of a Day , 1.10, , 2008
'Da Kink in My Hair, 2007, , Black Cake, White Cake , 2.10, , 2009
'Da Kink in My Hair, 2007, , Coming Out of the Closet , 2.11, , 2009
'Da Kink in My Hair, 2007, , Di Heart of Di Matter , 1.13, , 2008
'Da Kink in My Hair, 2007, , Empty Bag Can't Stand Up , 1.4, , 2007
'Da Kink in My Hair, 2007, , Everything in Its Right Place , 2.1, , 2009
'Da Kink in My Hair, 2007, , Forced Ripe Mango , 2.5, , 2009
'Da Kink in My Hair, 2007, , Licks! , 2.6, , 2009
'Da Kink in My Hair, 2007, , Love Can't Wrap Up in a Paper , 1.5, , 2007
'Da Kink in My Hair, 2007, , Mouth Open Story Jump Out , 1.8, , 2007
'Da Kink in My Hair, 2007, , Oil's Well That Ends Well , 2.13, , 2009
'Da Kink in My Hair, 2007, , Playing Social , 2.4, , 2009
'Da Kink in My Hair, 2007, , Speaky Spokey , 1.12, , 2008
'Dancing's' Ashley and Edyta Do Detox, 2009, , , , , 2009-2009
'E.R', 2002, , , , {SUSPENDED, }				2002-2005
'Heisse' am Samstag, 1961, , , , , 1961-????
'Kedr' pronzaet nebo, 2011, 1.1, , , , ????
'Kedr' pronzaet nebo, 2011, 1.3, , , , ????
'Kedr' pronzaet nebo, 2011, 1.5, , , , ????
'Kedr' pronzaet nebo, 2011, 1.7, , , , ????
'More strasti', 2000, , , , , 2000-????
'n Shrink, 2009, , , , , 2009-????
'n Shrink, 2009, , Who's Got the Pills? , 1.1, , 2010
'N Sync TV, 1998, , , , , 1998-????
'Orrible, 2001, , , , , 2001-????
'Orrible, 2001, , Dog Locked , 1.5, , 2001
'Orrible, 2001, , May the Best Man Win , 1.4, , 2001
'Orrible, 2001, , No Sleep 'Til Wembley , 1.3, , 2001
'Orrible, 2001, , Two Men and a Bastard , 1.6, , 2001
'Ruhr-Revier '65 - Portrait einer Industrielandschaft', 1965, , , , , 1965-????
'Ruhr-Revier '65 - Portrait einer Industrielandschaft', 1965, , Die Zukunft begann gestern , 1.3, , 1965
'S ann an Ile, 2009, , , , , 2009-????
'Sang linggo nAPO sila, 1995, , Flintstones Promo , 1.36, , 1995
'Sang linggo nAPO sila, 1995, , , , Jack and Jill Promo, 1998
'Sang linggo nAPO sila, 1995, , Promotional segment , 3.20, , 1998
't is gebeurd, 2016, , , , , 2016-????
't is gebeurd, 2016, , Ben Segers , 3.6, , 2017
't is gebeurd, 2016, , , , Gert Verhulst, 2017
't is gebeurd, 2016, , Martin Heylen , 3.2, , 2017
't is gebeurd, 2016, , Rob Vanoudenhoven , 3.7, , 2017
't is hier Fantasties, 2014, , , , , 2014-????
't Is maar een spel, 2002, , , , , 2002-????
't Schaep Met De 5 Pooten, 1969, , , , , 1969-1970
't Schaep Met De 5 Pooten, 1969, , Blijf uit onze buurt , 1.8, , 1970
't Schaep Met De 5 Pooten, 1969, , Een kastelein is ook maar een mens , 1.5, , 1970
't Schaep Met De 5 Pooten, 1969, , Je gaat te ver, Door! , 1.4, , 1970
't Schaep Met De 5 Pooten, 1969, , , , Liedjes uit 't Schaep Met 5 Pooten, 1970
'T Wilhelmina, 1975, , , , , 1975-????
't Zal je gebeuren..., 1998, , Blind vertrouwen , 1.8, , 1998
't Zal je gebeuren..., 1998, , Een redelijke prijs , 1.3, , 1998
't Zal je gebeuren..., 1998, , Schuld! , 1.1, , 1998
't Zonnetje in huis, 1993, , 't Is niks tussen hemel en aarde , 7.5, , 2000
't Zonnetje in huis, 1993, , ...Nooit gedacht , 7.8, , 2000
't Zonnetje in huis, 1993, , Alleen thuis , 9.2, , 2003
't Zonnetje in huis, 1993, , Alles in de familie , 9.7, , 2003
't Zonnetje in huis, 1993, , Baas in eigen kantoor , 3.2, , 1995
't Zonnetje in huis, 1993, , Bandenpech , 3.6, , 1996
't Zonnetje in huis, 1993, , Bescherming voor de zon. , 8.9, , 2001
't Zonnetje in huis, 1993, , Blijf uit de buurt , 5.3, , 1998
't Zonnetje in huis, 1993, , Blut en gewetenloos , 7.2, , 2000
't Zonnetje in huis, 1993, , Crisis , 1.6, , 1994
't Zonnetje in huis, 1993, , De beste onder de zon. , 8.10, , 2001
't Zonnetje in huis, 1993, , De haastklus , 2.8, , 1995
't Zonnetje in huis, 1993, , De langste adem , 4.13, , 1997
't Zonnetje in huis, 1993, , De seance , 2.11, , 1995
't Zonnetje in huis, 1993, , De verkeerde familie , 5.12, , 1998
't Zonnetje in huis, 1993, , De wortel van het kwaad , 6.6, , 1999
't Zonnetje in huis, 1993, , De zon in ons bestaan , 9.10, , 2003
't Zonnetje in huis, 1993, , De zonnigste dag van je leven , 8.12, , 2001
't Zonnetje in huis, 1993, , Doorgestoken kaart , 3.9, , 1996
't Zonnetje in huis, 1993, , Een buurman mag niet huilen , 6.2, , 1999
't Zonnetje in huis, 1993, , Een dagje erger , 6.3, , 1999
't Zonnetje in huis, 1993, , Een moment voor jezelf , 3.3, , 1995
't Zonnetje in huis, 1993, , Er is er een zielig , 9.3, , 2003
't Zonnetje in huis, 1993, , Geef je over , 3.4, , 1995
't Zonnetje in huis, 1993, , Gezinstherapie , 2.6, , 1995
't Zonnetje in huis, 1993, , Goede wijn behoeft geen krans , 1.13, , ????
't Zonnetje in huis, 1993, , Hebbedingen , 4.8, , 1997
't Zonnetje in huis, 1993, , Het gras kan altijd groener , 6.14, , 1999
't Zonnetje in huis, 1993, , Het hondje , 1.5, , 1994
't Zonnetje in huis, 1993, , Het konijn , 2.5, , 1995
't Zonnetje in huis, 1993, , Het land van de reizende zon , 8.3, , 2001
't Zonnetje in huis, 1993, , Het testament , 1.2, , 1994
't Zonnetje in huis, 1993, , Hoofdpijn en bijzaken , 5.7, , 1998
't Zonnetje in huis, 1993, , Kaatje , 3.8, , 1996
't Zonnetje in huis, 1993, , Kleren maken de man , 3.10, , 1996
't Zonnetje in huis, 1993, , Laatste kans , 3.13, , 1996
't Zonnetje in huis, 1993, , Mag ik even afrekenen? , 6.13, , 1999
't Zonnetje in huis, 1993, , Naar de kelder , 4.9, , 1997
't Zonnetje in huis, 1993, , Nooit meer winkelen , 6.7, , 1999
't Zonnetje in huis, 1993, , Ouderdom komt met pillen , 9.9, , 2003
't Zonnetje in huis, 1993, , Regen als drijfveer , 5.6, , 1998
't Zonnetje in huis, 1993, , Rennen voor Connie , 6.11, , 1999
't Zonnetje in huis, 1993, , Rust niet voor de gruweldaad , 5.8, , 1998
't Zonnetje in huis, 1993, , Stil gezwegen... , 7.7, , 2000
't Zonnetje in huis, 1993, , Terug naar huis , 3.11, , 1996
't Zonnetje in huis, 1993, , Toen was geluk nog ver te zoeken , 5.13, , 1998
't Zonnetje in huis, 1993, , Veel ouds onder de zon. , 8.11, , 2001
't Zonnetje in huis, 1993, , Verkoudheid kent geen tijd , 5.4, , 1998
't Zonnetje in huis, 1993, , Verstand op nul , 6.4, , 1999
't Zonnetje in huis, 1993, , Vol op de rem , 7.1, , 2000
't Zonnetje in huis, 1993, , Vriendschap is een conclusie , 9.4, , 2003
't Zonnetje in huis, 1993, , We bellen nog wel , 6.9, , 1999
't Zonnetje in huis, 1993, , Winst en verlies , 3.1, , 1995
't Zonnetje in huis, 1993, , Zo vader, zo niet , 5.10, , 1998
't Zonnetje in huis, 1993, , Zonneklaar , 8.13, , 2001
'The Making Of...', 2014, , A 200 Crore Film (Bhai Ho!) , 1.1, , 2014
'The Making Of...', 2014, , A Breaking News Report (Maanglik Hui Mangla) , 1.5, , 2014
'The Making Of...', 2014, , A Star Son , 2.1, , 2016
'The Prince' by Niccol� Machiavelli, 2012, , , , {SUSPENDED, }	2012-2013
'Til Death Do Us Part, 2006, , A Christmas Murder , 1.13, , 2007
'Til Death Do Us Part, 2006, , Funeral Parlor Murder , 1.1, , 2007
'Til Death Do Us Part, 2006, , Pilot , 1.0, , 2006
'Til Death Do Us Part, 2006, , The Airplane Murder , 1.3, , 2007
'Til Death Do Us Part, 2006, , The Bog Murder , 1.9, , 2007
'Til Death Do Us Part, 2006, , The In-Law Murders , 1.11, , 2007
'Til Death Do Us Part, 2006, , The Strip Club Murder , 1.6, , 2007
'Til Death, 2006, , , , , 2006-2010
'Til Death, 2006, 2.17, , , {SUSPENDED, }		????
'Til Death, 2006, 2.19, , , {SUSPENDED, }		????
'Til Death, 2006, 2.21, , , {SUSPENDED, }		????
'Til Death, 2006, 3.12, , , {SUSPENDED, }		????
'Til Death, 2006, 3.15, , , {SUSPENDED, }		????
'Til Death, 2006, 3.17, , , {SUSPENDED, }		????
'Til Death, 2006, 3.19, , , {SUSPENDED, }		????
'Til Death, 2006, 3.21, , , {SUSPENDED, }		????
'Til Death, 2006, , Ally Abroad , 3.11, {SUSPENDED, }	????
'Til Death, 2006, , Ally's Pregnant , 4.27, , 2010
'Til Death, 2006, , Bedtime Stories , 2.7, , 2007
'Til Death, 2006, , Brother's Keeper , 4.30, , 2010
'Til Death, 2006, , Check Mate , 4.17, , 2010
'Til Death, 2006, , Clay Date , 1.17, , 2007
'Til Death, 2006, , Come Out and Play , 2.3, , 2007
'Til Death, 2006, , Daddy's Girl , 1.10, , 2006
'Til Death, 2006, , Dog Fight , 4.24, , 2010
'Til Death, 2006, , Dream Weaver , 1.7, , 2006
'Til Death, 2006, , Eddie's Book , 4.3, , 2009
'Til Death, 2006, , Family Vacation , 3.10, {SUSPENDED, }	????
'Til Death, 2006, , Fight Friend , 1.13, , 2007
'Til Death, 2006, , Hi Def TV , 4.9, , 2010
'Til Death, 2006, , Independent Action , 4.11, , 2010
'Til Death, 2006, , Joy's Mom , 4.23, , 2010
'Til Death, 2006, , Let's Go , 4.33, , 2010
'Til Death, 2006, , Mixed Doubles , 2.5, , 2007
'Til Death, 2006, , No Complaints , 4.4, , 2009
'Til Death, 2006, , Perfect Couple , 4.14, , 2010
'Til Death, 2006, , Philadelphia Freedom , 3.5, , 2008
'Til Death, 2006, , Raisinette in the Sun , 2.11, , 2008
'Til Death, 2006, , Second Marriage Guy , 2.14, , 2008
'Til Death, 2006, , Sell the House , 4.25, , 2010
'Til Death, 2006, , Sex for Furniture , 1.2, , 2006
'Til Death, 2006, , Snip/Duck , 2.12, , 2008
'Til Death, 2006, , Snore Loser , 4.12, , 2010
'Til Death, 2006, , Speed Bumps , 3.1, , 2008
'Til Death, 2006, , Summer of Love , 1.22, , 2007
'Til Death, 2006, , That's Ridiculous , 1.20, , 2007
'Til Death, 2006, , The Baby , 4.34, , 2010
'Til Death, 2006, , The Break-Up , 4.13, , 2010
'Til Death, 2006, , The Check-Up , 4.15, , 2010
'Til Death, 2006, , The Colleague , 1.14, , 2007
'Til Death, 2006, , The Courtship of Eddie's Parents , 3.8, , 2009
'Til Death, 2006, , The Ex-Factor , 4.6, , 2009
'Til Death, 2006, , The Hockey Lie , 1.12, , 2007
'Til Death, 2006, , The Joy of Learning , 4.35, , 2010
'Til Death, 2006, , The Not-So-Perfect Couple , 4.10, , 2010
'Til Death, 2006, , The Ring , 1.3, , 2006
'Til Death, 2006, , The Toaster , 1.9, , 2006
'Til Death, 2006, , The Wood Pile , 1.4, , 2006
'Til Death, 2006, , Webby's Not Happy , 1.21, , 2007
'Til Death, 2006, , Your Mother or Your Wife , 1.6, , 2006
'Wag kukurap, 2004, , , , , 2004-????
'Way Out, 1961, , , , , 1961-1961
'Way Out, 1961, , Button, Button , 1.4, , 1961
'Way Out, 1961, , Dissolve to Black , 1.8, , 1961
'Way Out, 1961, , Hush-Hush , 1.11, , 1961
'Way Out, 1961, , Side Show , 1.12, , 1961
'Way Out, 1961, , The Croaker , 1.6, , 1961
'Way Out, 1961, , The Overnight Case , 1.10, , 1961
'Way Out, 1961, , William and Mary , 1.1, , 1961
(D)evil's Throat: Djavolskoto Garlo, 2018, , , , , 2018-????
(D)evil's Throat: Djavolskoto Garlo, 2018, 1.11, , , , 2018
(D)evil's Throat: Djavolskoto Garlo, 2018, 1.2, , , , 2018
(D)evil's Throat: Djavolskoto Garlo, 2018, 1.4, , , , 2018
(D)evil's Throat: Djavolskoto Garlo, 2018, 1.6, , , , 2018
(D)evil's Throat: Djavolskoto Garlo, 2018, 1.8, , , , 2018
(D)evil's Throat: Djavolskoto Garlo, 2018, , Pilot , 1.1, , 2018
(Des)Encontros, 2014, 2.1, , , , 2016
(Des)Encontros, 2014, 2.3, , , , ????
(Des)Encontros, 2014, 2.5, , , , ????
(Des)Encontros, 2014, 2.7, , , , ????
(Des)Encontros, 2014, , Andr� e J�lia , 1.3, , 2014
(Des)Encontros, 2014, , Elisa e Godofredo , 1.5, , 2014
(Des)Encontros, 2014, , Patr�cia e Lu�s , 1.4, , 2014
(fdp), 2012, , A Bandeirinha Gostosa , 1.5, , 2012
(fdp), 2012, , Afinal, a Final , 1.13, , 2012
(fdp), 2012, , Cart�o Amarelo , 1.9, , 2012
(fdp), 2012, , Entre a Chuteira e a Sapatilha , 1.3, , 2012
(fdp), 2012, , Juiz vs. Juiz , 1.1, , 2012
(fdp), 2012, , Nu com a M�e no Bolso , 1.7, , 2012
(fdp), 2012, , O Videotape � Burro. O Ponto � uma Besta , 1.8, , 2012
(gli) Imperatori, 2014, il) Biondino caruccetto dell'Angelo Mai (#1.1, , , , 2014
(Mis)Adventures in Hollywood, 2015, , , , , 2015-????
(Mis)Adventures in Hollywood, 2015, , Reese Witherspoon , 1.1, , 2016
(My) Immortal: The Web Series, 2013, , Dumbledore Dies , 1.5, , 2013
(My) Immortal: The Web Series, 2013, , Gothic Bloody Rose 666 , 2.1, , 2014
(My) Immortal: The Web Series, 2013, , Snap and Loopin , 1.3, , 2013
(My) Immortal: The Web Series, 2013, , The Yule Ball , 1.4, , 2013
(Not) Brothers, 2015, , , , , 2015-????
(Not) Superficial, 2017, 1.10, , , , ????
(Not) Superficial, 2017, 1.12, , , , ????
(Not) Superficial, 2017, 1.2, , , , ????
(Not) Superficial, 2017, 1.4, , , , ????
(Not) Superficial, 2017, 1.6, , , , ????
(Not) Superficial, 2017, 1.8, , , , ????
(Not) Superficial, 2017, , Pilot , 1.1, , 2017
(Re)volt, 2013, , , , , 2013-2013
(Re)volt, 2013, , Dr�mmar, hinder och nybakta kakor , 1.7, , 2013
(Re)volt, 2013, , Life's a bitch och sen d�r du. Eller? , 1.10, , 2013
(Re)volt, 2013, , R�ddare i n�den , 1.6, , 2013
(Re)volt, 2013, , Totalt j�vla m�rker , 1.4, , 2013
(Re)volt, 2013, , �lder SHM�lder , 1.2, , 2013
(S)avis, 2008, 1.1, , , , 2008
(S)avis, 2008, 1.11, , , , 2008
(S)avis, 2008, 1.13, , , , 2008
(S)avis, 2008, 1.3, , , , 2008
(S)avis, 2008, 1.5, , , , 2008
(S)avis, 2008, 1.7, , , , 2008
(S)avis, 2008, 1.9, , , , 2008
(S)avis, 2008, 2.10, , , , 2009
(S)avis, 2008, 2.12, , , , 2009
(S)avis, 2008, 2.2, , , , 2009
(S)avis, 2008, 2.4, , , , 2009
(S)avis, 2008, 2.6, , , , 2009
(S)avis, 2008, 2.8, , , , 2009
(S)avis, 2008, 3.1, , , , 2013
(S)avis, 2008, 3.11, , , , 2013
(S)avis, 2008, 3.13, , , , 2014
(S)avis, 2008, 3.2, , , , 2013
(S)avis, 2008, 3.4, , , , 2013
(S)avis, 2008, 3.6, , , , 2013
(S)avis, 2008, 3.9, , , , 2013
(S)avis, 2008, 4.10, , , , 2014
(S)avis, 2008, 4.12, , , , 2014
(S)avis, 2008, 4.2, , , , 2014
(S)avis, 2008, 4.4, , , , 2014
(S)avis, 2008, 4.6, , , , 2014
(S)avis, 2008, 4.8, , , , 2014
(S)avis, 2008, 5.1, , , , 2014
(S)avis, 2008, 5.11, , , , 2015
(S)avis, 2008, 5.3, , , , 2014
(S)avis, 2008, 5.5, , , , 2015
(S)avis, 2008, 5.7, , , , 2015
(S)avis, 2008, 5.9, , , , 2015
(S)avis, 2008, 6.10, , , , 2015
(S)avis, 2008, 6.12, , , , 2015
(S)avis, 2008, 6.14, , , , 2015
(S)avis, 2008, 6.3, , , , 2015
(S)avis, 2008, 6.5, , , , 2015
(S)avis, 2008, 6.7, , , , 2015
(S)avis, 2008, 6.9, , , , 2015
(S)avis, 2008, 7.10, , , , 2016
(S)avis, 2008, 7.12, , , , 2016
(S)avis, 2008, 7.3, , , , 2016
(S)avis, 2008, 7.5, , , , 2016
(S)avis, 2008, 7.7, , , , 2016
(S)avis, 2008, 7.9, , , , 2016
(S)truth, 2003, , , , A Good Death, 2003
(Tnpesa), 2013, , , , , 2013-2015
(Un)Balanced: A Web Series, 2017, , Doctor's Orders , 1.2, , 2017
(Un)Balanced: A Web Series, 2017, , Go-Go Guru , 1.1, , 2017
(Un)Balanced: A Web Series, 2017, , Unleash the Cleanse , 1.3, , 2017
*Loosely Exactly Nicole, 2016, , Babysitting , 1.1, , 2016
*Loosely Exactly Nicole, 2016, , Big Break , 1.10, , 2016
*Loosely Exactly Nicole, 2016, , Brother Visits , 1.7, , 2016
*Loosely Exactly Nicole, 2016, , Dead Mom Chicken Day , 2.3, , ????
*Loosely Exactly Nicole, 2016, , Mistress , 1.4, , 2016
*Loosely Exactly Nicole, 2016, , Six Hour Braid , 1.3, , 2016
*Loosely Exactly Nicole, 2016, , The Key Holder , 2.6, , ????
+ Brasileiros, 2014, , , , , 2014-2014
+ Clair, 2001, 2004-09-04, , , , 2004
+ Clair, 2001, 2004-09-18, , , , 2004
+ Clair, 2001, 2004-10-16, , , , 2004
+ Clair, 2001, 2004-11-20, , , , 2004
+ Clair, 2001, 2004-12-18, , , , 2004
+ Clair, 2001, 2005-04-23, , , , 2005
+ Clair, 2001, 2005-05-14, , , , 2005
+ Clair, 2001, 2005-10-01, , , , 2005
+ Clair, 2001, 2005-12-17, , , , 2005
+ Clair, 2001, 2006-05-20, , , , 2006
+ Clair, 2001, 2006-06-03, , , , 2006
+ Clair, 2001, 2007-03-10, , , , 2007
+ Clair, 2001, 2007-03-24, , , , 2007
+ Clair, 2001, 2008-02-16, , , , 2008
+ Clair, 2001, 2008-03-01, , , , 2008
+ Clair, 2001, 2008-03-15, , , , 2008
+ Clair, 2001, 2008-03-29, , , , 2008
+ Clair, 2001, 2008-04-19, , , , 2008
+ Clair, 2001, 2008-05-03, , , , 2008
+ Clair, 2001, 2008-05-17, , , , 2008
+ Clair, 2001, 2008-05-31, , , , 2008
+ Clair, 2001, 2008-06-14, , , , 2008
+ Clair, 2001, 2008-09-06, , , , 2008
+ Clair, 2001, 2008-09-20, , , , 2008
+ Clair, 2001, 2008-10-04, , , , 2008
+ Clair, 2001, 2008-10-18, , , , 2008
+ Clair, 2001, 2008-11-01, , , , 2008
+ Clair, 2001, 2008-11-22, , , , 2008
+ Clair, 2001, 2008-12-06, , , , 2008
+ Clair, 2001, 2009-01-10, , , , 2009
+ de cin�ma, 2001, , , , , 2001-????
+ de cin�ma, 2001, 2001-05-16, , , , 2001
+ de cin�ma, 2001, 2001-08-28, , , , 2001
+ de cin�ma, 2001, 2001-08-30, , , , 2001
+ de cin�ma, 2001, 2001-09-03, , , , 2001
+ de cin�ma, 2001, 2001-09-05, , , , 2001
+ de cin�ma, 2001, 2001-09-07, , , , 2001
+ de cin�ma, 2001, 2001-09-12, , , , 2001
+ de cin�ma, 2001, 2001-09-14, , , , 2001
+ de cin�ma, 2001, 2001-09-18, , , , 2001
+ de cin�ma, 2001, 2001-09-20, , , , 2001
+ de cin�ma, 2001, 2001-09-24, , , , 2001
+ de cin�ma, 2001, 2001-09-27, , , , 2001
+ de cin�ma, 2001, 2001-10-01, , , , 2001
+ de cin�ma, 2001, 2001-10-05, , , , 2001
+ de cin�ma, 2001, 2001-10-10, , , , 2001
+ de cin�ma, 2001, 2001-10-12, , , , 2001
+ de cin�ma, 2001, 2001-10-16, , , , 2001
+ de cin�ma, 2001, 2001-10-18, , , , 2001
+ de cin�ma, 2001, 2001-10-22, , , , 2001
+ de cin�ma, 2001, 2001-10-24, , , , 2001
+ de cin�ma, 2001, 2001-10-26, , , , 2001
+ de cin�ma, 2001, 2001-10-31, , , , 2001
+ de cin�ma, 2001, 2001-11-06, , , , 2001
+ de cin�ma, 2001, 2001-11-08, , , , 2001
+ de cin�ma, 2001, 2001-11-12, , , , 2001
+ de cin�ma, 2001, 2001-11-15, , , , 2001
+ de cin�ma, 2001, 2001-11-19, , , , 2001
+ de cin�ma, 2001, 2001-11-22, , , , 2001
+ de cin�ma, 2001, 2001-11-26, , , , 2001
+ Emprendedores mi+d, 2010, , , , , 2010-????
+ Emprendedores mi+d, 2010, , Agnitio , 1.2, , 2010
+ Emprendedores mi+d, 2010, , Ariema , 1.4, , 2010
+ Emprendedores mi+d, 2010, , Inbea Biosensores , 1.6, , 2010
+ Emprendedores mi+d, 2010, , Kybele Consulting , 1.8, , 2010
+ Emprendedores mi+d, 2010, , Vazquez y Torres , 1.12, , 2010
+ Investigadores, 2008, , , , , 2008-????
+100500, 2011, , , , , 2011-????
+27: Social Innovators of South Africa, 2014, , Hoops 4 Hope , 1.1, , 2014
+27: Social Innovators of South Africa, 2014, , Ilizwi Photo Club , 1.5, , 2014
+27: Social Innovators of South Africa, 2014, , Live Magazine , 1.2, , 2014
+Utilities, 2012, , , , , 2012-????
+Utilities, 2012, , Adrien Moves In , 1.7, , 2013
-Americans, ????, , , , {SUSPENDED, }			????
... kurze Pause, 1955, , , , , 1955-1956
... und die Tuba bl�st der Huber, 1981, , , , , 1981-????
... With Micah Luke and Robert Kitchen, 2012, , , , , 2012-????
... With Micah Luke and Robert Kitchen, 2012, , Night Shoot , 1.1, , 2012
...18 - 20 nur nicht passen, 1965, 2.1, , , , 1966
...18 - 20 nur nicht passen, 1965, 2.3, , , , 1966
...18 - 20 nur nicht passen, 1965, 1965-12-04, , , , 1965
...18 - 20 nur nicht passen, 1965, 1966-03-26, , , , 1966
...18 - 20 nur nicht passen, 1965, 1966-04-23, , , , 1966
...18 - 20 nur nicht passen, 1965, 1966-05-21, , , , 1966
...18 - 20 nur nicht passen, 1965, 1966-07-02, , , , 1966
...18 - 20 nur nicht passen, 1965, 1966-07-30, , , , 1966
...18 - 20 nur nicht passen, 1965, 1966-08-27, , , , 1966
...18 - 20 nur nicht passen, 1965, 1966-09-24, , , , 1966
...18 - 20 nur nicht passen, 1965, 1966-10-22, , , , 1966
...18 - 20 nur nicht passen, 1965, 1966-11-19, , , , 1966
...18 - 20 nur nicht passen, 1965, 1966-12-17, , , , 1966
...18 - 20 nur nicht passen, 1965, 1967-01-28, , , , 1967
...18 - 20 nur nicht passen, 1965, 1967-07-15, , , , 1967
...18 - 20 nur nicht passen, 1965, 1967-08-26, , , , 1967
...18 - 20 nur nicht passen, 1965, 1967-10-21, , , , 1967
...18 - 20 nur nicht passen, 1965, 1968-01-13, , , , 1968
...18 - 20 nur nicht passen, 1965, 1969-04-17, , , , 1969
...18 - 20 nur nicht passen, 1965, 1969-10-16, , , , 1969
...18 - 20 nur nicht passen, 1965, 1970-02-05, , , , 1970
...18 - 20 nur nicht passen, 1965, 1970-10-29, , , , 1970
...18 - 20 nur nicht passen, 1965, 1971-02-04, , , , 1971
...18 - 20 nur nicht passen, 1965, 1971-05-27, , , , 1971
...18 - 20 nur nicht passen, 1965, 1971-08-19, , , , 1971
...18 - 20 nur nicht passen, 1965, 1971-11-11, , , , 1971
...@ Nelson's, 2013, , , , , 2013-????
...Amb Manel Fuentes, 2004, 2004-07-05, , , , 2004
...Amb Manel Fuentes, 2004, 2004-07-10, , , , 2004
...Amb Manel Fuentes, 2004, 2004-07-13, , , , 2004
...Amb Manel Fuentes, 2004, 2004-07-20, , , , 2004
...Amb Manel Fuentes, 2004, 2004-07-27, , , , 2004
...Amb Manel Fuentes, 2004, 2004-08-02, , , , 2004
...Amb Manel Fuentes, 2004, 2004-08-10, , , , 2004
...Amb Manel Fuentes, 2004, 2004-08-25, , , , 2004
...Amb Manel Fuentes, 2004, 2004-09-01, , , , 2004
...Amb Manel Fuentes, 2004, 2004-09-07, , , , 2004
...Amb Manel Fuentes, 2004, 2004-09-15, , , , 2004
...Amb Manel Fuentes, 2004, 2004-09-22, , , , 2004
...Amb Manel Fuentes, 2004, 2004-11-11, , , , 2004
...bitte mit Sahner, 2007, , , , , 2007-????
...bitte mit Sahner, 2007, 1.2, , , , 2007
...bitte mit Sahner, 2007, 1.4, , , , 2007
...De ra�z luna, 2008, , , , , 2008-????
...e la vita continua, 1984, , , , , 1984-1984
...e la vita continua, 1984, 1.2, , , , 1984
...e la vita continua, 1984, 1.4, , , , 1984
...e la vita continua, 1984, 1.6, , , , 1984
...e la vita continua, 1984, 1.8, , , , 1984
...e le stelle stanno a guardare, 1971, 1.1, , , , 1971
...e le stelle stanno a guardare, 1971, 1.3, , , , 1971
...e le stelle stanno a guardare, 1971, 1.5, , , , 1971
...e le stelle stanno a guardare, 1971, 1.7, , , , 1971
...e le stelle stanno a guardare, 1971, 1.9, , , , 1971
...Erbin sein - dagegen sehr, 1985, , Arglistige T�uschung , 1.5, , 1985
...Erbin sein - dagegen sehr, 1985, , Die Ente , 1.9, , 1985
...Erbin sein - dagegen sehr, 1985, , Geldgesch�fte , 1.8, , 1985
...Erbin sein - dagegen sehr, 1985, , Immobilienhandel , 1.3, , 1985
...Erbin sein - dagegen sehr, 1985, , Mieterversammlung , 1.7, , 1985
...Erbin sein - dagegen sehr, 1985, , Wer anderen eine Grube gr�bt , 1.6, , 1985
...ganz pers�nlich, 1974, , , , , 1974-1988
...ganz pers�nlich, 1974, , , , Lilli Palmer, 1974
...i Hetluften, 1994, , , , , 1994-1995
...i Hetluften, 1994, , Bohusl�n i Hetluften , 2.3, , 1995
...i Hetluften, 1994, , Dalsland i Hetluften , 2.6, , 1995
...i Hetluften, 1994, , G�strikland i Hetluften , 2.9, , 1995
...i Hetluften, 1994, , Halland i Hetluften , 1.2, , 1994
...i Hetluften, 1994, , J�mtland/H�rjedalen i Hetluften , 1.8, , 1994
...i Hetluften, 1994, , Medelpad i Hetluften , 1.14, , 1994
...i Hetluften, 1994, , N�rke i Hetluften , 1.7, , 1994
...i Hetluften, 1994, , Sm�land i Hetluften , 2.4, , 1995
...i Hetluften, 1994, , Uppland i Hetluften , 2.8, , 1995
...i Hetluften, 1994, , V�sterbotten i Hetluften , 1.13, , 1994
...i Hetluften, 1994, , �ngermanland/Medelpad i Hetluften , 1.5, , 1994
...i Hetluften, 1994, , �sterg�tland i Hetluften , 2.10, , 1995
...mal ehrlich, 1993, 2000-03-03, , , , 2000
...mal ehrlich, 1993, , , , Friedrich Schoenfelder, 1996
...The Making of, 1993, , , , , 1993-????
...und im Keller g�rt es, 1995, , Alimente , 1.3, , 1995
...und im Keller g�rt es, 1995, , Die Weink�nigin , 1.7, , 1999
...und im Keller g�rt es, 1995, , Hexenschu� , 1.1, , 1995
...und im Keller g�rt es, 1995, , Prinz , 1.6, , 1998
...und im Keller g�rt es, 1995, , Umbau , 1.4, , 1998
...Ystera, irthan oi melisses, 2000, , , , , 2000-????
.Cat, 2014, , , , , 2014-2016
.Cat, 2014, 1.10, , , , 2014
.Cat, 2014, 1.12, , , , 2014
.Cat, 2014, 1.3, , , , 2014
.Cat, 2014, 1.5, , , , 2014
.Cat, 2014, 1.7, , , , 2014
.Cat, 2014, 1.9, , , , 2014
.Cat, 2014, 2.10, , , , 2014
.Cat, 2014, 2.12, , , , 2014
.Cat, 2014, 2.15, , , , 2014
.Cat, 2014, 2.17, , , , 2015
.Cat, 2014, 2.19, , , , 2015
.Cat, 2014, 2.20, , , , 2015
.Cat, 2014, 2.22, , , , 2015
.Cat, 2014, 2.24, , , , 2015
.Cat, 2014, 2.26, , , , 2015
.Cat, 2014, 2.28, , , , 2015
.Cat, 2014, 2.3, , , , 2014
.Cat, 2014, 2.31, , , , 2015
.Cat, 2014, 2.33, , , , 2015
.Cat, 2014, 2.35, , , , 2015
.Cat, 2014, 2.37, , , , 2015
.Cat, 2014, 2.39, , , , 2015
.Cat, 2014, 2.40, , , , 2015
.Cat, 2014, 2.6, , , , 2014
.Cat, 2014, 2.8, , , , 2014
.Cat, 2014, 3.1, , , , 2015
.Cat, 2014, 3.11, , , , 2015
.Cat, 2014, 3.13, , , , 2016
.Cat, 2014, 3.15, , , , 2016
.Cat, 2014, 3.17, , , , 2016
.Cat, 2014, 3.19, , , , 2016
.Cat, 2014, 3.20, , , , 2016
.Cat, 2014, 3.22, , , , 2016
.Cat, 2014, 3.24, , , , 2016
.Cat, 2014, 3.26, , , , 2016
.Cat, 2014, 3.28, , , , 2016
.Cat, 2014, 3.3, , , , 2015
.Cat, 2014, 3.4, , , , 2015
.Cat, 2014, 3.6, , , , 2015
.Cat, 2014, 3.8, , , , 2015
.COM, 1999, , , , , 1999-2000
.COM, 1999, , My Kids , 4.15, , 1999
.hack//Roots, 2006, , , , , 2006-????
.hack//Roots, 2006, , Break Up , 1.12, , 2006
.hack//Roots, 2006, , Confront , 1.24, , 2006
.hack//Roots, 2006, , Determination , 1.26, , 2006
.hack//Roots, 2006, , Distrust , 1.5, , 2006
.hack//Roots, 2006, , Intrigue , 1.7, , 2006
.hack//Roots, 2006, , Limit , 1.18, , 2006
.hack//Roots, 2006, , Missing , 1.10, , 2006
.hack//Roots, 2006, , Painful Forest , 1.17, , 2006
.hack//Roots, 2006, , Resolution , 1.16, , 2006
.hack//Roots, 2006, , Tragedy , 1.13, , 2006
.hack//Roots, 2006, , Truth , 1.25, , 2006
.hack//Roots, 2006, , Unreturner , 1.14, , 2006
.hack//Roots, 2006, , Welcome to 'The World' , 1.1, , 2006
.hack//SIGN, 2002, , Captured , 1.5, , 2002
.hack//SIGN, 2002, , Catastrophe , 1.25, , 2002
.hack//SIGN, 2002, , Conflict , 1.17, , 2002
.hack//SIGN, 2002, , Depth , 1.16, , 2002
.hack//SIGN, 2002, , Encounter , 1.6, , 2002
.hack//SIGN, 2002, , Epitaph , 1.9, , 2002
.hack//SIGN, 2002, , Folklore , 1.3, , 2002
.hack//SIGN, 2002, , Intermezzo , 1.27, , 2002
.hack//SIGN, 2002, , Party , 1.11, , 2002
.hack//SIGN, 2002, , Promise , 1.8, , 2002
.hack//SIGN, 2002, , Recollection , 1.19, , 2002
.hack//SIGN, 2002, , Role Play , 1.1, , 2002
.hack//SIGN, 2002, , The Eve , 1.23, , 2002
.hack//SIGN, 2002, , Unison , 1.28, , 2003
.hack//Tasogare no udewa densetsu, 2003, , , , , 2003-????
.hack//Tasogare no udewa densetsu, 2003, , Densetsu no yusha , 1.1, , 2003
.hack//Tasogare no udewa densetsu, 2003, , Hokai no ashioto , 1.9, , 2003
.hack//Tasogare no udewa densetsu, 2003, , Koko no kishi , 1.8, , 2003
.hack//Tasogare no udewa densetsu, 2003, , Maboroshi no Miyako , 1.10, , 2003
.hack//Tasogare no udewa densetsu, 2003, , Tanabata no yoru , 1.4, , 2003
.hack//Tasogare no udewa densetsu, 2003, , Yukemuri no wana , 1.6, , 2003
/Drive on NBCSN, 2014, , , , , 2014-????
/Drive on NBCSN, 2014, , American Road Trip , 2.4, , 2015
/Drive on NBCSN, 2014, , BMW M , 3.2, , 2016
/Drive on NBCSN, 2014, , Colorado Special , 3.5, , 2016
/Drive on NBCSN, 2014, , Ferrari, Ferrari, Ferrari , 1.5, , 2014
/Drive on NBCSN, 2014, , Iceland Adventure , 4.7, , 2017
/Drive on NBCSN, 2014, , Japan Special , 2.5, , 2015
/Drive on NBCSN, 2014, , Miami Vices , 4.2, , 2017
/Drive on NBCSN, 2014, , Monaco , 1.1, , 2014
/Drive on NBCSN, 2014, , Questionable Road Usage , 1.4, , 2014
/Drive on NBCSN, 2014, , The Autonomous Car , 3.4, , 2016
/Drive on NBCSN, 2014, , The Turbocharged Future , 3.1, , 2016
/r/NoSleep, 2016, , , , , 2016-2017
0 Shieuigeunyuh, 2015, 1.1, , , , 2015
0 Shieuigeunyuh, 2015, 1.3, , , , 2015
0 Shieuigeunyuh, 2015, 1.5, , , , 2015
0 Shieuigeunyuh, 2015, 1.7, , , , 2015
00 Heaven, 2001, , , , , 2001-2002
003 y medio, 1979, , , , , 1979-1980
007: Gourmet Food, 2016, , Bamboo , 1.2, , 2016
007: Gourmet Food, 2016, , JJ2 Bakery , 1.7, , 2016
007: Gourmet Food, 2016, , The 8th Wine Festival and Chocolate Decadence 2 , 1.5, , 2016
007: Gourmet Food, 2016, , Umi Sushi & Oyster Bar , 1.3, , 2016
009-1, 2006, , Dasshutsu , 1.11, , 2006
009-1, 2006, , Gyaku bakuhatsu , 1.10, , 2006
009-1, 2006, , Kin� no koyomi , 1.8, , 2006
009-1, 2006, , Minato , 1.7, , 2006
009-1, 2006, , , , R&B, 2007
009-1, 2006, , Sen'ny�sha tachi , 1.1, , 2006
009-1, 2006, , �gon no onna , 1.5, , 2006
00Angels, 2014, , , , , 2014-????
