#1 Single, 2006 ,Cats and Dogs , 1.4, 20
#1 Single, 2006 ,Is the Grass Greener? , 1.1, 21
#1 Single, 2006 ,The Rules of Dating , 1.3, 20
#1 Single, 2006 ,Window Shopping , 1.2, 20
#15SecondScare, 2015 ,, , 1
#15SecondScare, 2015 ,Coming and Going , 1.11, 1
#15SecondScare, 2015 ,Don't Look , 1.6, 1
#15SecondScare, 2015 ,Fly , 1.8, 1
#15SecondScare, 2015 ,Lord Binah , 1.1, 1
#15SecondScare, 2015 ,Shriek , 1.13, 1
#15SecondScare, 2015 ,Stay Dead , 1.7, 1
#1MinuteNightmare, 2014 ,, , 1
#7DaysLater, 2013 ,Apocalypse , 1.2, 7
#ATown, 2014 ,, , 10	(10 webisodes)
#ATown, 2014 ,Chicks in Pink, Vomit in a Sink , 1.6, 11	(approx.)
#ATown, 2014 ,Jobs & Juice , 1.2, 8
#ATown, 2014 ,PDX --> ATX , 2.1, 11
#ATown, 2014 ,So Fucked Up , 1.7, 7	(approx.)
#ATown, 2014 ,The Blacklist , 2.2, 10
#ATown, 2014 ,The Greenbelt , 1.3, 10
#Adulting, 2016/I ,, , 6
#BlackLove, 2015 ,Crash the Party , 1.9, 42
#BlackLove, 2015 ,Like a Virgin , 1.4, 42
#BlackLove, 2015 ,Maybe Baby , 1.8, 42
#BlackLove, 2015 ,Pack Your Bags , 1.6, 42
#BlackLove, 2015 ,Sexy in the City , 1.1, 42
#DearGeorgette, 2015 ,, , 5
#Elmira, 2014 ,, , 30
#GameOn, 2014 ,Ringing Ryan , 1.2, 6
#GameOn, 2014 ,Telling Dean , 1.4, 6
#Hashtag Travel, 2017 ,, , 60	(with commercials)
#LakeShow, 2012 ,, , 30
#LawstinWoods, 2013 ,The Happening , 1.3, USA:6
#LawstinWoods, 2013 ,The Loop & Rocks , 1.9, {{SUSPENDED}}	USA:20
#Mittelfingerspitzengef�hl, 2017 ,, , Germany:7
#MyCurrentSituation: Atlanta, 2016 ,, , USA:40
#Pr�TVB, 2014 ,, , 30	(approx.)
#SmurTv, 2016 ,Stinky Coworker Top Ramen , 1.2, 10
#SpongeyLeaks, 2016 ,Leak 1.5: Epic Laundry, Family Politics, Sponge's Agenda , 1.2, 7	(approx.)
#SpongeyLeaks, 2016 ,Leak 2.1: in medias res: Fraudulent Eviction Notices & Bulletproof Vests: Barb's 2nd Abuser , 1.4, 10
#TheWestbrooks, 2015 ,#Engaged or Enraged , 1.7, 41
#TheWestbrooks, 2015 ,#GrowingPains , 1.8, 41
#TheWestbrooks, 2015 ,#Manager Meltdown , 1.2, 42
#TheWestbrooks, 2015 ,#Sister Synergy , 1.3, 41
#TheWestbrooks, 2015 ,#Westfest , 1.10, 40
#VitalSignz, 2017 ,, , Canada:10
#Youngadult, 2017 ,, , 10
#differentnotless, 2017 ,, , USA:30
#iGOTSHAPES, 2012 ,, , {Zander Hardy Feat. Asha Rae - Spending Time}	7
#killerpost, 2016 ,Jackson/Bargo , 1.2, 43
#killerpost, 2016 ,Ludemann/Wade , 1.3, 43
#killerpost, 2016 ,Richardson , 1.6, 43
#killerpost, 2016 ,Sacco/Puccio , 1.9, 43
#lovemilla, 2013 ,, , 6	(approx.)
#waszurwahl, 2013 ,, , 25
$#*! My Dad Says, 2010 ,Code Ed , 1.4, 30
$#*! My Dad Says, 2010 ,Make a Wish , 1.9, 30
$#*! My Dad Says, 2010 ,Wi-Fight , 1.2, 30
$100 Taxi Ride, 2001 ,, , Canada:30	(including commercials)
$100 Taxi Ride, 2001 ,Amman/Prague , 1.5, 23
$100 Taxi Ride, 2001 ,Cape Town/London , 1.6, 23
$100 Taxi Ride, 2001 ,Halifax/Auckland , 1.10, 23
$100 Taxi Ride, 2001 ,Hawaii/Brisbane , 1.12, 23
$100 Taxi Ride, 2001 ,Istanbul/Panama , 1.3, 23
$100 Taxi Ride, 2001 ,Tijuana/Gibraltar , 1.1, 23
$2 Bill, 2002 ,The Strokes , 1.1, 22
$25 Million Dollar Hoax, 2004 ,, , 60
$40 a Day, 2002 ,, , 30	(including commercials)
$5,000 Video, 2013 ,, , 4
$9.99 with Dave Evans, 2014 ,, , 26
$Zillionaire$ Entertainment, 2017 ,, , USA:45
$weepstake$, 1979 ,, 1.1, 60
&Bish�jo, 2017 ,, , Japan:30
&Bish�jo, 2017 ,, 1.10, Japan:30
&Bish�jo, 2017 ,, 1.12, Japan:30
&Bish�jo, 2017 ,, 1.3, Japan:30
&Bish�jo, 2017 ,, 1.5, Japan:30
&Bish�jo, 2017 ,, 1.7, Japan:30
&Bish�jo, 2017 ,, 1.9, Japan:30
'Allo 'Allo!, 1982 ,, , UK:30	(44 episodes)
'Allo 'Allo!, 1982 ,, , UK:25	(32 episodes)
'Allo 'Allo!, 1982 ,A Bun in the Oven , 8.0, USA:44
'Allo 'Allo!, 1982 ,A Winkle in Time , 9.6, USA:29
'Allo 'Allo!, 1982 ,Arousing Suspicions , 8.1, USA:29
'Allo 'Allo!, 1982 ,Fighting with Windmills , 9.1, USA:30
'Allo 'Allo!, 1982 ,Herr Flick's Revenge , 2.6, 32
'Allo 'Allo!, 1982 ,Pigeon Post , 1.2, 32
'Allo 'Allo!, 1982 ,Savile Row to the Rescue , 1.3, 28
'Allo 'Allo!, 1982 ,Swiftly and with Style , 2.4, 32
'Allo 'Allo!, 1982 ,The British Are Coming , 1.0, 35
'Allo 'Allo!, 1982 ,The Duel , 2.5, 32
'Allo 'Allo!, 1982 ,The Fishmonger Float , 9.4, USA:29
'Allo 'Allo!, 1982 ,The Gateau from the Chateau , 2.7, UK:45
'Allo 'Allo!, 1982 ,The Nouvion Oars , 6.3, USA:28
'Allo 'Allo!, 1982 ,The Spirit of Nouvion , 7.6, USA:29
'Allo 'Allo!, 1982 ,Wedding Bloss , 5.24, USA:25
'More strasti', 2000 ,, , Federal Republic of Yugoslavia:60	(per episode)
'Orrible, 2001 ,, , 30	(8 episodes)
'T Wilhelmina, 1975 ,, , 25	(12 episodes)
'Til Death Do Us Part, 2006 ,, , USA:22	(excluding commercials)
'Til Death, 2006 ,Ally Abroad , 4.22, 30
'Til Death, 2006 ,Baby Steps , 4.32, 22
'Til Death, 2006 ,Big Man, Little Man , 4.29, 30
'Til Death, 2006 ,Can't Elope , 4.16, 22
'Til Death, 2006 ,Circumdecision , 3.6, 22
'Til Death, 2006 ,Cold Case , 4.37, 30
'Til Death, 2006 ,Coupon Bob , 4.36, 30
'Til Death, 2006 ,Death Sex , 1.8, 22
'Til Death, 2006 ,Doug and Ally Return , 4.1, 22
'Til Death, 2006 ,Dreamguys , 3.3, 22
'Til Death, 2006 ,Everybody Digs Doug , 2.9, 22
'Til Death, 2006 ,Fight Friend , 1.13, Germany:21
'Til Death, 2006 ,Hi Def TV , 4.9, 22
'Til Death, 2006 ,Independent Action , 4.11, 22
'Til Death, 2006 ,Joy's Mom , 4.23, 22
'Til Death, 2006 ,Let's Go , 4.33, 22
'Til Death, 2006 ,Mixed Doubles , 2.5, 22
'Til Death, 2006 ,No More Mr. Vice Guy , 2.8, 22
'Til Death, 2006 ,Performance Anxiety , 2.1, 21
'Til Death, 2006 ,Pilot , 1.1, Germany:22
'Til Death, 2006 ,Really Big Brother , 2.10, 21
'Til Death, 2006 ,Secret Meatball , 3.7, 22
'Til Death, 2006 ,Separate Beds , 4.2, 22
'Til Death, 2006 ,Smart Phone , 4.28, 22
'Til Death, 2006 ,Snore Loser , 4.12, 22
'Til Death, 2006 ,Speed Bumps , 3.1, 22
'Til Death, 2006 ,Summer of Love , 1.22, 22
'Til Death, 2006 ,That's Ridiculous , 1.20, 21
'Til Death, 2006 ,The Baby , 4.34, 22
'Til Death, 2006 ,The Break-Up , 4.13, 22
'Til Death, 2006 ,The Check-Up , 4.15, 22
'Til Death, 2006 ,The Colleague , 1.14, Germany:21
'Til Death, 2006 ,The Courtship of Eddie's Parents , 4.5, 22
'Til Death, 2006 ,The Garage Band , 1.5, 21
'Til Death, 2006 ,The Italian Affair , 1.16, 21
'Til Death, 2006 ,The New Neighbors , 4.20, 30
'Til Death, 2006 ,The Ring , 1.3, 22
'Til Death, 2006 ,The Toaster , 1.9, 22
'Til Death, 2006 ,The Wood Pile , 1.4, 22
'Til Death, 2006 ,Webby's Not Happy , 1.21, 21
'Til Death, 2006 ,Your Mother or Your Wife , 1.6, 21
'Way Out, 1961 ,20/20 , 1.14, 30
'Way Out, 1961 ,Death Wish , 1.9, 30
'Way Out, 1961 ,False Face , 1.7, 30
'Way Out, 1961 ,I Heard You Calling Me , 1.5, 30
'Way Out, 1961 ,Soft Focus , 1.13, 30
'Way Out, 1961 ,The Down Car , 1.2, 30
'Way Out, 1961 ,The Sisters , 1.3, 30
'n Shrink, 2009 ,, , USA:5
't Zonnetje in huis, 1993 ,Stil gezwegen... , 7.7, Netherlands:30	(including commercials)
(My) Immortal: The Web Series, 2013 ,Dumbledore Dies , 1.5, 10	(approx.)
(My) Immortal: The Web Series, 2013 ,Gothic Bloody Rose 666 , 2.1, 9	(approx.)
(My) Immortal: The Web Series, 2013 ,Snap and Loopin , 1.3, 11	(approx.)
(My) Immortal: The Web Series, 2013 ,The Yule Ball , 1.4, 10	(approx.)
(Not) Brothers, 2015 ,, , USA:8
(S)truth, 2003 ,, , Australia:11 x 15 mins
*Loosely Exactly Nicole, 2016 ,, , 22
*Loosely Exactly Nicole, 2016 ,Big Break , 1.10, 20
*Loosely Exactly Nicole, 2016 ,Danny Boom , 1.5, 20
*Loosely Exactly Nicole, 2016 ,Mistress , 1.4, 19
*Loosely Exactly Nicole, 2016 ,Quitting , 1.8, 19
*Loosely Exactly Nicole, 2016 ,Stripper , 1.6, 20
+ de cin�ma, 2001 ,, , 30
+27: Social Innovators of South Africa, 2014 ,, , 26
...18 - 20 nur nicht passen, 1965 ,, , West Germany:30
...Erbin sein - dagegen sehr, 1985 ,, , West Germany:25	(12 episodes)
...Ystera, irthan oi melisses, 2000 ,, , Greece:45	(18 episodes)
...e la vita continua, 1984 ,, , Argentina:99
...und im Keller g�rt es, 1995 ,, , Germany:40	(9 episodes)
.hack//Roots, 2006 ,Bonds , 1.22, 25
.hack//Roots, 2006 ,Conflict , 1.6, 25
.hack//Roots, 2006 ,Defeat , 1.21, 25
.hack//Roots, 2006 ,Discord , 1.11, 25
.hack//Roots, 2006 ,Forefeel , 1.4, 25
.hack//Roots, 2006 ,Join , 1.3, 25
.hack//Roots, 2006 ,Melle , 1.9, 25
.hack//Roots, 2006 ,Pad , 1.15, 25
.hack//Roots, 2006 ,Pursuit , 1.20, 25
.hack//Roots, 2006 ,Starting , 1.8, 25
.hack//Roots, 2006 ,Trial , 1.23, 25
.hack//Roots, 2006 ,Twilight Brigade , 1.2, 25
.hack//Roots, 2006 ,Violation , 1.19, 25
.hack//SIGN, 2002 ,, , USA:25	(25 episodes and 3 bonus episodes)
/Drive on NBCSN, 2014 ,Ferrari, Ferrari, Ferrari , 1.5, 22
01-For London, 1987 ,, , {(1988-09-22)}			UK:30
07 zglos sie, 1976 ,, , 60	(21 episodes)
07 zglos sie, 1976 ,300 tysiecy w nowych banknotach , 1.4, 49
07 zglos sie, 1976 ,Major op�znia akcje , 1.1, 53
07 zglos sie, 1976 ,Zamknac za soba drzwi , 5.1, 85
099 Central, 2002 ,, , 60	(including commercials) (146 episodes)
1 Equipo, 2005 ,, , Spain:60
1 Erkek 1 Kadin, 2012 ,, , Turkey:45
1 Gay 5 Queens, 2013 ,, , 30
1 Kadin 1 Erkek, 2008 ,, , Turkey:25	(original version)
1 Minute Gamer, 2015 ,, , 5	(approx.)
1 Minute Horror, 2015 ,Click Bait , 1.7, 1
1 Minute Horror, 2015 ,Hidden , 1.2, 1
1 Minute Horror, 2015 ,Smashing Pumpkins , 1.6, 2
1 Minute Horror, 2015 ,Stormy Night , 1.5, 1
1 Minute Horror, 2015 ,, , {The VISITors}			2
1 Minute Manias!, 2017 ,Knock, Knock, Knock , 1.1, 1
1 Minute Rewatch, 2015 ,, , 5
1 chan KNB, 2007 ,, , Japan:152
1 contro 100, 2007 ,, , 75
1 miljoen wat?, 2006 ,, , Netherlands:60	(including commercials)
1 nen B gumi Shinpachi Sensei, 1980 ,, , Japan:54
1 ret og 2 vrang, 1969 ,, , 30	(23 episodes)
1 vs. 100, 2010 ,, , USA:30	(including commercials)
1, 2 oder 3, 1977 ,Frauen am Ball , 35.35, Germany:25
1, 2, 3, 1984 ,, , Portugal:140
1,000 Places to See Before You Die, 2007 ,, , 60	(with commercials)
1,000,000 yen no Onnatachi, 2017 ,, , Japan:30
1,000,000 yen no Onnatachi, 2017 ,Affection , 1.7, Japan:30
1,000,000 yen no Onnatachi, 2017 ,Choices , 1.4, Japan:30
1,000,000 yen no Onnatachi, 2017 ,Disbanded , 1.10, Japan:30
1,000,000 yen no Onnatachi, 2017 ,Exposure , 1.3, Japan:30
1,000,000 yen no Onnatachi, 2017 ,Reason , 1.8, Japan:30
1,000,000 yen no Onnatachi, 2017 ,Values , 1.2, Japan:30
1-2-3 Istanbul!, 2009 ,, , Germany:180
1-800-Missing, 2003 ,, , USA:60
1-800-Missing, 2003 ,A Death in the Family , 3.13, Germany:41
1-800-Missing, 2003 ,And the Walls Come Tumbling Down , 3.5, Germany:42
1-800-Missing, 2003 ,Anything for the Baby: Part 2 , 3.2, Germany:42
1-800-Missing, 2003 ,Cop Out , 2.8, Germany:42
1-800-Missing, 2003 ,Deep Cover , 2.14, Germany:42
1-800-Missing, 2003 ,Delusional , 1.17, Germany:43
1-800-Missing, 2003 ,Double Take , 3.17, Germany:41
1-800-Missing, 2003 ,Father Figure , 1.15, Germany:43
1-800-Missing, 2003 ,Have You Seen This Man? , 3.14, Germany:42
1-800-Missing, 2003 ,In the Midnight Hour , 2.6, Germany:42
1-800-Missing, 2003 ,Insomnia , 1.3, Germany:43
1-800-Missing, 2003 ,John Doe , 2.15, Germany:42
1-800-Missing, 2003 ,Last Night , 3.7, Germany:42
1-800-Missing, 2003 ,Looking for Mr. Wright , 3.6, Germany:42
1-800-Missing, 2003 ,M.I.A. , 1.9, Germany:42
1-800-Missing, 2003 ,Never Go Against the Family , 1.6, Germany:43
1-800-Missing, 2003 ,One Night Stand , 2.2, Germany:41
1-800-Missing, 2003 ,Patient X , 3.11, Germany:42
1-800-Missing, 2003 ,Pilot , 1.1, Germany:43
1-800-Missing, 2003 ,Puzzle Box , 2.9, Germany:42
1-800-Missing, 2003 ,Sea of Love , 2.1, Germany:41
1-800-Missing, 2003 ,So Shall Ye Reap , 3.19, Germany:42
1-800-Missing, 2003 ,These Dreams Before Me , 1.18, Germany:43
1-800-Missing, 2003 ,Thin Air , 1.5, Germany:43
1-800-Missing, 2003 ,Ties That Bind , 1.8, 42
1-800-Missing, 2003 ,Truth or Dare: Part 2 , 2.13, Germany:42
1-800-Missing, 2003 ,Unnatural Disaster , 3.3, France:42
1-800-Missing, 2003 ,We Are Coming Home , 2.18, Germany:42
1/2 Hour Comedy Hour, 1990 ,, , 30
10 + 2, 1994 ,, , 11	(52 episodes)
10 Films, 1 Box, 2014 ,, , USA:3
10 Great Reasons, 2008 ,, , USA:30
10 Items or Less, 2006 ,Dances with Groceries , 3.7, 20
10 Items or Less, 2006 ,First Time , 2.4, 21
10 Items or Less, 2006 ,One Day at a Time , 3.4, 21
10 Items or Less, 2006 ,Star Trok , 3.3, 20
10 Items or Less, 2006 ,The Whistler , 3.5, 20
10 Items or Less, 2006 ,Turkey Bowling , 3.1, 26
10 Jahre j�nger, 2009 ,, , 30	(including commercials)
10 Million Dollar Bigfoot Bounty, 2014 ,, , 60
10 Million Dollar Bigfoot Bounty, 2014 ,Big Footage , 1.2, 42
10 Million Dollar Bigfoot Bounty, 2014 ,Bigfoot Ground Zero , 1.7, 42
10 Million Dollar Bigfoot Bounty, 2014 ,Bugging Bigfoot , 1.4, 42
10 Million Dollar Bigfoot Bounty, 2014 ,Trapping Bigfoot , 1.3, 42
10 Minute Tales, 2009 ,Statuesque , 1.5, 9
10 Minute Tales, 2009 ,Through the Window , 1.8, UK:10
10 Minutes Presure, 2020 ,, , {{SUSPENDED}}		USA:49	(original version)
10 O'Clock Live, 2011 ,, 2.8, 42
10 Reviews in 10 Minutes, 2012 ,, , 15
10 Secret Stories, 2017 ,, , 30	(including commercials)
10 Things I Hate About You, 2009 ,Ain't No Mountain High Enough , 1.19, USA:22
10 Things I Hate About You, 2009 ,Da Repercussions , 1.11, USA:23
10 Things I Hate About You, 2009 ,Don't Give Up , 1.5, 21
10 Things I Hate About You, 2009 ,Don't Leave Me This Way , 1.10, 21
10 Things I Hate About You, 2009 ,Fight for Your Right , 1.9, 22
10 Things I Hate About You, 2009 ,I Want You to Want Me , 1.2, 21
10 Things I Hate About You, 2009 ,Light My Fire , 1.7, 22
10 Things I Hate About You, 2009 ,Pilot , 1.1, 27
10 Things I Hate About You, 2009 ,The Winner Takes It All , 1.15, USA:23
10 Things I Hate About You, 2009 ,Won't Get Fooled Again , 1.3, 21
10 Things I Hate About..., 2012 ,, , UK:60
10 Things You Didn't Know About ..., 2002 ,Life and Death , 1.5, 22
10 Things You Don't Know About, 2012 ,Abraham Lincoln , 1.2, 22
10 Things You Don't Know About, 2012 ,Benjamin Franklin , 1.1, 22	(excluding commercials)
10 Things You Don't Know About, 2012 ,Civil Rights , 3.3, 42
10 Things You Don't Know About, 2012 ,General George Patton , 1.9, 22	(excluding commercials)
10 Things You Don't Know About, 2012 ,John F Kennedy , 1.3, 22
10 Things You Don't Know About, 2012 ,Marijuana , 3.7, 42
10 Things You Don't Know About, 2012 ,Pablo Escobar , 1.8, 22
10 Things You Don't Know About, 2012 ,Prohibition , 2.4, 44
10 Things You Don't Know About, 2012 ,The American Revolution , 3.5, 43
10 Things You Don't Know About, 2012 ,The Founding Fathers , 2.3, 44
10 Things You Don't Know About, 2012 ,The Hoover Dam , 3.6, 42
10 Things You Don't Know About, 2012 ,The OK Corral , 1.5, 22
10 Things You Don't Know About, 2012 ,The Roosevelts , 1.6, 22
10 Things, 2016 ,10 Things You Shouldn't Do on the Internet , 1.4, 21
10 Things, 2016 ,Things You Didn't Know Were Banned , 1.8, 21
10 Years Younger, 2005 ,, , 30	(including commercials)
10 cites, 2008 ,, , Spain:16
10 kirjaa jotka muuttivat maailmaa, 2007 ,, , 30	(10 episodes)
10 kirjaa rahasta, 2011 ,, , 30	(10 episodes)
10 kirjaa rikoksesta, 2013 ,, , 30
10 me 2, 2002 ,, , 240
10 secondes et des poussi�res, 1997 ,, , 1
10 uutta k�sky�, 2009 ,, , 30	(10 episodes)
10 vor 11, 1988 ,, , {Auf des Messers Schneide/Christoph Schlingensief �ber Real-Theatralik}	23
10 vor 11, 1988 ,, , {Der Mond ist aufgegangen}		15
10 vor 11, 1988 ,, , {Mein Idealzuschauer ist jung und weiblich - Christoph Schlingensief zu Besuch bei Helge Schneider}	24
10, 2010 ,, , 26	(10 episodes)
10,000 BC, 2015 ,, 2.1, 60	(including commercials)
10,000 BC, 2015 ,, 2.3, 60	(including commercials)
10,000 BC, 2015 ,, 2.5, 60	(including commercials)
10,000 Hours, 2017 ,, , 22	(online release)
10-8: Officers on Duty, 2003 ,Gypsy Road , 1.13, Germany:42
10-8: Officers on Duty, 2003 ,Wild and the Innocent , 1.15, Germany:40
10.5, 2004 ,, , USA:165
100 Best Videos Ever, 2007 ,, , Canada:60
100 Centre Street, 2001 ,, , 60
100 Days of Summer, 2013 ,, , 60
100 Days of Summer, 2013 ,Devil in the Blue Dress , 1.2, 44
100 Days of Summer, 2013 ,Out of the Loop , 1.5, 44
100 Days of Summer, 2013 ,Secrets Revealed , 1.8, 44
100 Days of Summer, 2013 ,The Deep Dish , 1.3, 44
100 Days+, 2017 ,, , UK:30
100 Greatest Artists of All Time, 2010 ,, , USA:300	(5 parts)
100 Greatest Discoveries, 2004 ,, , USA:60	(per episode)
100 Greatest Teen Stars, 2006 ,, , USA:300	(5 parts)
100 Jahre - Der Countdown, 1999 ,, , 10	(99 episodes)
100 Man Yen Quiz Hunter, 1981 ,, , Japan:30
100 Miles from Nowhere, 2015 ,100 Miles from Nowhere , 1.1, 43
100 Miles from Nowhere, 2015 ,Escape From La Venta , 1.5, 43
100 Miles from Nowhere, 2015 ,No Mercy , 1.6, 43
100 Miles from Nowhere, 2015 ,River of No Return , 1.2, 42
100 Moments That Changed TV, 2011 ,, , USA:60
100 Nen Interview, 2007 ,, , {Kaneto Shind�}		Japan:90
100 Prozent, 2004 ,, , 60	(including commercials)
100 Questions, 2010 ,Are You Romantic? , 1.3, 20
100 Questions, 2010 ,Have You Ever Had a One-Night Stand? , 1.6, 22
100 Questions, 2010 ,What Brought You Here? , 1.1, 22
100 Things to Do Before High School, 2014 ,100 Things to Do Before High School , 1.1, 60
100 Things to Do Before High School, 2014 ,Always Tell the Truth (But Not Always) Thing! , 1.20, 22
100 Things to Do Before High School, 2014 ,Be a Mad Scientist Thing! , 1.13, 23
100 Things to Do Before High School, 2014 ,Change Your Look and See What Happens Thing! , 1.8, 23
100 Things to Do Before High School, 2014 ,Get Your Heart Pre-Broken Thing! , 1.26, 22
100 Things to Do Before High School, 2014 ,Have the Best Halloween School Day Ever Thing! , 1.15, 22
100 Things to Do Before High School, 2014 ,Leave Your Mark Thing! , 1.22, 22
100 Things to Do Before High School, 2014 ,Master a Thing Thing! , 1.24, 22
100 Things to Do Before High School, 2014 ,Raise Your Hand Thing! , 1.25, 22
100 Things to Do Before High School, 2014 ,Run with the Bears Thing , 1.3, 22
100 Things to Do Before High School, 2014 ,Scavenger Hunt Thing! , 1.11, 23
100 Things to Do Before High School, 2014 ,Start a Garage Band Thing , 1.2, 22
100 Things to Do Before High School, 2014 ,Survive the Virus Attack Trapped in Your Home Base Station Thing! , 1.18, 22
100 Years of Horror, 1996 ,, , 343
100 Years of Horror, 1996 ,Aliens , 1.20, 25
100 Years of Horror, 1996 ,Bela Lugosi , 1.7, 25
100 Years of Horror, 1996 ,Demons , 1.12, 24
100 Years of Horror, 1996 ,Dr. Jekyll and Mr. Hyde , 1.5, 25
100 Years of Horror, 1996 ,Frankenstein's Friends , 1.3, 25
100 Years of Horror, 1996 ,Ghosts , 1.9, 24
100 Years of Horror, 1996 ,Girl Ghouls , 1.16, 24
100 Years of Horror, 1996 ,Man-Made Monsters , 1.24, 25
100 Years of Horror, 1996 ,Mummies , 1.21, 25
100 Years of Horror, 1996 ,Scream Queens , 1.15, 24
100 Years of Horror, 1996 ,Werewolves , 1.6, 24
100 Years of Horror, 1996 ,Zombies , 1.22, 25
100 a�os de M�sica, 2000 ,, , 40
100 deutsche Jahre, 1998 ,, , 30	(52 episodes)
100 h�jdare, 2004 ,, , Sweden:30	(first season) (including commercials)
100 h�jdare, 2004 ,Sveriges sk�naste m�nniskor: Norrland , 4.4, Sweden:46
100 minutes pour convaincre, 2002 ,, , France:100
100 �rs indvandring, 2003 ,, , Denmark:38	(6 episodes)
100% Hotter, 2016 ,, 1.1, 45
100% Hotter, 2016 ,, 1.2, 45
100% Hotter, 2016 ,, 1.4, 45
100% Hotter, 2016 ,, 1.6, UK:45	(excluding commercials)
100% Hotter, 2016 ,, 1.8, UK:45	(excluding commercials)
100% Hotter, 2016 ,, 2.1, UK:45	(excluding commercials)
100% Urlaub, 2002 ,, , 30
100% mujer, 2003 ,, , 120
1000 Heartbeats, 2015 ,, , 60	(including commercials)
1000 Ways to Die, 2008 ,, , 23
1000 Ways to Die, 2008 ,, , {A Tore Is Born}		22
1000 Ways to Die, 2008 ,Bringing in the Dead , 2.5, 22
1000 Ways to Die, 2008 ,Crying Over Spilled Blood , 6.6, 21
1000 Ways to Die, 2008 ,Cure for the Common Death, Part II , 3.11, 22
1000 Ways to Die, 2008 ,Dead Wrongs , 3.4, 22
1000 Ways to Die, 2008 ,Dead on Dead , 2.12, 22
1000 Ways to Die, 2008 ,Deadliest Kitsch , 5.1, 21
1000 Ways to Die, 2008 ,Death Be a Lady Tonight , 4.11, 21
1000 Ways to Die, 2008 ,Death Certificates , 6.5, 21
1000 Ways to Die, 2008 ,Death Over Easy , 1.3, 22
1000 Ways to Die, 2008 ,Death Puts on a Dunce Cap , 3.8, 22
1000 Ways to Die, 2008 ,Death Watch , 2.8, 22
1000 Ways to Die, 2008 ,Death on a Stick , 3.1, 22
1000 Ways to Die, 2008 ,Death, the New Black , 4.10, 21
1000 Ways to Die, 2008 ,Death: One Size Fits All , 4.16, 21
1000 Ways to Die, 2008 ,Death: The Gift That Lasts Forever , 4.15, 21
1000 Ways to Die, 2008 ,Dirt Nap , 5.3, 21
1000 Ways to Die, 2008 ,Eat, Pray Die , 4.13, 21
1000 Ways to Die, 2008 ,Fatal Distractions , 3.5, 22
1000 Ways to Die, 2008 ,Gratefully Dead , 2.6, 22
1000 Ways to Die, 2008 ,Grave Errors , 4.4, 21
1000 Ways to Die, 2008 ,Hurry Up and Die , 3.7, 22
1000 Ways to Die, 2008 ,If You're Dead, Leave a Message and We'll Get Back to You , 3.14, 22
1000 Ways to Die, 2008 ,Killing Them Softly , 4.5, 21
1000 Ways to Die, 2008 ,Locked and Low Dead , 5.10, 21
1000 Ways to Die, 2008 ,Putting a Smiley Face on Death , 3.2, 22
1000 Ways to Die, 2008 ,Sor-Dead Affair , 5.11, 21
1000 Ways to Die, 2008 ,Stupid Is as Death Does , 4.8, 21
1000 Ways to Die, 2008 ,Sudden Death , 3.12, 22
1000 Ways to Die, 2008 ,The End Is Weird , 3.6, 22
1000 Ways to Die, 2008 ,The Lighter Side of Death , 1.7, 22
1000 Ways to Die, 2008 ,Think Globally, Die Locally , 6.2, 21
1000 Ways to Die, 2008 ,Today's Special: Death , 4.12, 21
1000 Ways to Die, 2008 ,Unforced Errors , 1.4, 22
1000 Ways to Die, 2008 ,Wait, Don't Tell Me - You're Dead! , 4.14, 21
1000 Ways to Die, 2008 ,Wild Wild Death , 5.5, 21
1000 Ways to Die, 2008 ,Young, Dumb and Full of Death , 3.9, 22
1000 millones, 2002 ,, , 45	(149 episodes)
1000 zlych uczynk�w, 2009 ,, , 22
1000 �r - En svensk historia, 1980 ,D� som hundar sin kos - 1600-talet , 1.3, 45
1000 �r - En svensk historia, 1980 ,L�ter dem se med klara �gon - 1700-talet , 1.4, 45
1000 �r - En svensk historia, 1980 ,Och hans namn var d�den - Medeltiden , 1.1, 45
1000cc Raw Thrill, 2009 ,, , USA:22
1001 Things You Should Know, 2012 ,, , 30
101 Cars You Must Drive, 2008 ,, , {Bond, Blowers, Buicks, Etc.}	23
101 Cars You Must Drive, 2008 ,, , {Keeping It in the Family}	22
101 Cars You Must Drive, 2008 ,, , {Playin' in the Dirt}	21
101 Cars You Must Drive, 2008 ,, , {The Bird Is the Word}	22
101 Cool Facts You Didn't Know, 2016 ,101 Cool Christmas Facts You Didn't Know , 1.2, 3
101 Dalmatians: The Series, 1997 ,, , 30
101 Dalmatians: The Series, 1997 ,Beauty Pageant Pandemonium/Hog-Tied , 2.40, 22
101 Dalmatians: The Series, 1997 ,Double Dog Dare/Mooove It on Over , 2.20, 22
101 Dalmatians: The Series, 1997 ,Good Neighbor Cruella/Animal House Party , 2.50, 22
101 Dalmatians: The Series, 1997 ,Horace and Jasper's Big Career Move , 2.46, 22
101 Dalmatians: The Series, 1997 ,It's a Swamp Thing/Roll Out the Pork Barrel , 2.10, 22
101 Dalmatians: The Series, 1997 ,Shipwrecked , 2.21, 22
101 Dalmatians: The Series, 1997 ,Spots and Shots/On the Lamb , 2.24, 22
101 Dalmatians: The Series, 1997 ,The Making of... , 2.44, 22
101 Dalmatians: The Series, 1997 ,Valentine Daze , 2.17, 22
101 East, 2006 ,, , 25
101 Guiltiest Guilty Pleasures, 2006 ,, , 60
101 More Amazing Places to Chowdown, 2014 ,, , 60
101 Ways to Get Rejected, 2013 ,, , 5
101 Ways to Leave a Game Show, 2011 ,Drop Me, Man! Just Drop Me, DROP ME!! , 1.6, 43
101 Ways to Leave a Game Show, 2011 ,I'm Not Liking This at All , 1.4, 43
101 Ways to Leave a Game Show, 2011 ,This is the Scariest Thing I've Ever Done , 1.3, 43
101 ting jeg ville �nske jeg havde vidst da jeg var teenager, 2014 ,, , Denmark:20	(10 episodes)
101%, 2007 ,, , 25	(approx.)
10454, 2017/II ,, , 7
106 & Park Top 10 Live, 2000 ,, , {The Notorious B.I.G. Ten Years Later}	USA:30
1066, 2009 ,, , 150
1066, 2009 ,The Last Battle , 1.2, 75
1066: A Year to Conquer England, 2017 ,, 1.1, 59
1066: A Year to Conquer England, 2017 ,, 1.3, 59
10i entoli, 2004 ,, , Greece:45
10x10, 1989 ,, , UK:10
11 Eyes, 2009 ,, , 25
11 nin mo iru!, 2011 ,, 1.1, Japan:54
11.22.63, 2016 ,, , 60
11.22.63, 2016 ,Happy Birthday, Lee Harvey Oswald , 1.6, 46
11.22.63, 2016 ,Other Voices, Other Rooms , 1.3, 47
11.22.63, 2016 ,Soldier Boy , 1.7, 48
11.22.63, 2016 ,The Day in Question , 1.8, 57
11.22.63, 2016 ,The Eyes of Texas , 1.4, 51
11.22.63, 2016 ,The Kill Floor , 1.2, 54
11.22.63, 2016 ,The Rabbit Hole , 1.1, 81
11.22.63, 2016 ,The Truth , 1.5, 42
110% Tony Squires, 2004 ,, , 60
112 - Sie retten dein Leben, 2008 ,, 1.1, 23
112 - Sie retten dein Leben, 2008 ,, 1.11, 23
112 - Sie retten dein Leben, 2008 ,, 1.13, 23
112 - Sie retten dein Leben, 2008 ,, 1.15, 23
112 - Sie retten dein Leben, 2008 ,, 1.17, 23
112 - Sie retten dein Leben, 2008 ,, 1.19, 23
112 - Sie retten dein Leben, 2008 ,, 1.20, 23
112 - Sie retten dein Leben, 2008 ,, 1.24, 23
112 - Sie retten dein Leben, 2008 ,, 1.27, 23
112 - Sie retten dein Leben, 2008 ,, 1.29, 23
112 - Sie retten dein Leben, 2008 ,, 1.30, 23
112 - Sie retten dein Leben, 2008 ,, 1.32, 24
112 - Sie retten dein Leben, 2008 ,, 1.35, 24
112 - Sie retten dein Leben, 2008 ,, 1.37, 24
112 - Sie retten dein Leben, 2008 ,, 1.4, 23
112 - Sie retten dein Leben, 2008 ,, 1.6, 23
112 - Sie retten dein Leben, 2008 ,, 1.8, 23
112 - Sie retten dein Leben, 2008 ,Ein Ungl�ck jagt das n�chste , 1.43, 23
112 - Sie retten dein Leben, 2008 ,Flo und Steffi werden in flagranti erwischt , 1.55, 23
112 - Sie retten dein Leben, 2008 ,Heikos Romantik wird gef�hrlich , 1.39, 23
117 ting du absolut b�r vide, 2010 ,, , 48
11pm, 1965 ,, , 60	(including commercials)
12 Again, 2012 ,Doctor Who Special , 3.10, UK:30
12 Books That Changed the World, 2006 ,, , 60
12 Minutes, 2016 ,, , 12
12 Monkeys, 2015 ,, , 42
12 Monkeys, 2015 ,Arms of Mine , 1.13, 43
12 Monkeys, 2015 ,Blood Washed Away , 2.12, 43
12 Monkeys, 2015 ,Brothers , 3.4, 43
12 Monkeys, 2015 ,Cassandra Complex , 1.3, 43
12 Monkeys, 2015 ,Divine Move , 1.10, 43
12 Monkeys, 2015 ,Emergence , 2.4, 42
12 Monkeys, 2015 ,Fatherland , 2.10, 43
12 Monkeys, 2015 ,Hyena , 2.9, 43
12 Monkeys, 2015 ,Lullaby , 2.8, 43
12 Monkeys, 2015 ,Meltdown , 2.7, 43
12 Monkeys, 2015 ,Mentally Divergent , 1.2, 43
12 Monkeys, 2015 ,Mother , 3.1, 43
12 Monkeys, 2015 ,One Hundred Years , 2.3, 43
12 Monkeys, 2015 ,Paradox , 1.12, 43
12 Monkeys, 2015 ,Pilot , 1.1, 47
12 Monkeys, 2015 ,Resurrection , 2.11, 43
12 Monkeys, 2015 ,Shonin , 1.11, 43
12 Monkeys, 2015 ,The Keys , 1.7, 44
12 Monkeys, 2015 ,The Night Room , 1.5, 43
12 Monkeys, 2015 ,The Red Forest , 1.6, 60
12 Monkeys, 2015 ,Tomorrow , 1.9, 43
12 Monkeys, 2015 ,Witness , 3.10, 45
12 Monkeys, 2015 ,Yesterday , 1.8, 42
12 O'Clock High, 1964 ,, , 60	(78 episodes)
12 O'Clock High, 1964 ,A Long Time Dead , 3.16, 60
12 O'Clock High, 1964 ,Angel Babe , 2.24, 60
12 O'Clock High, 1964 ,Back to the Drawing Board , 2.21, 60
12 O'Clock High, 1964 ,Big Brother , 2.5, 60
12 O'Clock High, 1964 ,Cross-Hairs on Death , 2.27, 60
12 O'Clock High, 1964 ,Decision , 1.7, 60
12 O'Clock High, 1964 ,End of the Line , 1.24, 60
12 O'Clock High, 1964 ,Faith, Hope and Sergeant Aronson , 1.19, 60
12 O'Clock High, 1964 ,Follow the Leader , 1.2, 60
12 O'Clock High, 1964 ,Gauntlet of Fire , 3.1, 60
12 O'Clock High, 1964 ,Grant Me No Favor , 2.10, 48
12 O'Clock High, 1964 ,Here's to Courageous Cowards , 1.11, 60
12 O'Clock High, 1964 ,In Search of My Enemy , 1.16, 60
12 O'Clock High, 1964 ,Massacre , 3.2, 60
12 O'Clock High, 1964 ,P.O.W.: Part One , 1.30, 60
12 O'Clock High, 1964 ,Practice to Deceive , 3.6, 60
12 O'Clock High, 1964 ,R/X for a Sick Bird , 2.2, 60
12 O'Clock High, 1964 ,Show Me a Hero, I'll Show You a Bum , 2.7, 60
12 O'Clock High, 1964 ,Six Feet Under , 3.13, 60
12 O'Clock High, 1964 ,Storm at Twilight , 2.11, 60
12 O'Clock High, 1964 ,The Ace , 3.12, 60
12 O'Clock High, 1964 ,The All-American , 3.7, 60
12 O'Clock High, 1964 ,The Climate of Doubt , 1.5, 60
12 O'Clock High, 1964 ,The Duel at Mont Sainte Marie , 3.14, 60
12 O'Clock High, 1964 ,The Hero , 1.32, 60
12 O'Clock High, 1964 ,The Hotshot , 2.6, USA:49
12 O'Clock High, 1964 ,The Hunters and the Killers , 3.17, 60
12 O'Clock High, 1964 ,The Jones Boys , 2.13, 60
12 O'Clock High, 1964 ,The Lorelei , 1.18, 60
12 O'Clock High, 1964 ,The Mission , 1.27, 60
12 O'Clock High, 1964 ,The Pariah , 3.8, 60
12 O'Clock High, 1964 ,The Sound of Distant Thunder , 1.4, 60
12 O'Clock High, 1964 ,The Suspected , 1.13, 60
12 O'Clock High, 1964 ,The Ticket , 1.22, 60
12 O'Clock High, 1964 ,Then Came the Mighty Hunter , 2.3, 60
12 O'Clock High, 1964 ,To Heinie, with Love , 1.20, 60
12 O'Clock High, 1964 ,Twenty Fifth Mission , 2.22, 60
12 O'Clock High, 1964 ,V for Vendetta , 1.29, 60
12 O'Clock High, 1964 ,Which Way the Wind Blows , 2.19, 60
12 corazones, 2003 ,, , Argentina:60
12 corazones: Rumbo al altar, 2006 ,, , Mexico:90	(including commercials)
12 steden, 13 ongelukken, 1990 ,, , {Asfalt trocker (Zaandam)}	24
12 steden, 13 ongelukken, 1990 ,, , {Oud zeer (Bergen)}	24
12 stulyev, 1977 ,, , 305
120 Minutes, 1991 ,, , 120
120 a�os de BANAMEX, 2004 ,, , 44
125 milioni di caz..te, 2001 ,, , 165	(4 episodes)
13 Demon Street, 1959 ,, , 30	(13 episodes)
13 Demon Street, 1959 ,, , {The Black Hand}		USA:23	(excluding commercials)
13 East, 1989 ,, , 30
13 Nights of Elvira, 2014 ,Cannibal Women in the Avocado Jungle of Death , 1.1, 96
13 Reasons Why, 2017 ,, , 60
13 Reasons Why, 2017 ,Tape 1, Side B , 1.2, 51
13 Reasons Why, 2017 ,Tape 2, Side B , 1.4, 57
13 Reasons Why, 2017 ,Tape 3, Side B , 1.6, 52
13 Reasons Why, 2017 ,Tape 4, Side B , 1.8, 54
13 Reasons Why, 2017 ,Tape 5, Side B , 1.10, 49
13 Reasons Why, 2017 ,Tape 6, Side B , 1.12, 61
13 Steps Down, 2012 ,, , 45	(2 episodes) (excluding commercials)
13 Steps Down, 2012 ,, 1.2, 46
13 heures le journal, 1981 ,, , {Midi 3}			France:24
13 maravillas, 2007 ,, , 30
13 x 13, 1987 ,El mateix paisatge , 1.4, 52
13-sai no Har�w�ku, 2012 ,, 1.1, Japan:60
13-sai no Har�w�ku, 2012 ,, 1.3, Japan:60
13-sai no Har�w�ku, 2012 ,, 1.5, Japan:60
13-sai no Har�w�ku, 2012 ,, 1.7, Japan:60
13-sai no Har�w�ku, 2012 ,, 1.9, Japan:60
138 Escape, 2017 ,, , UK:10
13WHAM News This Morning, 2006 ,, , 120
13mil, 2015 ,Deborah , 1.5, Spain:6	(approx.)
13mil, 2015 ,Jessica , 1.7, Spain:6
13mil, 2015 ,Silvia , 1.6, Spain:6	(approx.)
13mil, 2015 ,�lex , 1.3, Spain:6	(approx.)
13th Darkness, 2017 ,, , 120
14 Tageb�cher des Ersten Weltkriegs, 2014 ,, , Finland:414	(total run time)
14 Tageb�cher des Ersten Weltkriegs, 2014 ,Der Abgrund , 1.1, 45
14 Tageb�cher des Ersten Weltkriegs, 2014 ,Der Angriff , 1.2, 60
14 Tageb�cher des Ersten Weltkriegs, 2014 ,Der Aufstand , 1.7, 55
14 Tageb�cher des Ersten Weltkriegs, 2014 ,Die Entscheidung , 1.8, 65
14 Tageb�cher des Ersten Weltkriegs, 2014 ,Die Entscheidung , 1.8, Finland:53
14 Tageb�cher des Ersten Weltkriegs, 2014 ,Die Heimat , 1.6, 45
14 Tageb�cher des Ersten Weltkriegs, 2014 ,Die Sehnsucht , 1.4, 50
14 Tageb�cher des Ersten Weltkriegs, 2014 ,Die Vernichtung , 1.5, 55
14 Tageb�cher des Ersten Weltkriegs, 2014 ,Die Verwundung , 1.3, 55
14 Tageb�cher des Ersten Weltkriegs, 2014 ,Die Verwundung , 1.3, Finland:52
14.000.000.000$!!!, 2013 ,, 1.1, 3
14.000.000.000$!!!, 2013 ,, 1.3, 9
14.000.000.000$!!!, 2013 ,, 1.5, 12
14.000.000.000$!!!, 2013 ,, 1.7, 7
14.000.000.000$!!!, 2013 ,, 2.2, 6
14.000.000.000$!!!, 2013 ,, 2.4, 10
14.000.000.000$!!!, 2013 ,, 2.6, 5
15 Kids and Counting, 2012 ,, 1.1, 47
15 Kids and Counting, 2012 ,, 1.3, 47
15 Minutos MTV, 2008 ,, , Brazil:15
15 Storeys High, 2002 ,, , 30	(6 episodes)
15 minutter, 2004 ,, , Denmark:10	(per episode)
150 a�os del Ateneo Fuente, 2017 ,, , 45
16 and Awesome, 2016 ,, , USA:30	(approx.)
16 and Pregnant, 2009 ,'Life After Labor' Finale Special , 2.21, 64
16 and Pregnant, 2009 ,Alex , 4.5, 62
16 and Pregnant, 2009 ,Amber , 1.3, 46
16 and Pregnant, 2009 ,Ashley , 2.19, 44
16 and Pregnant, 2009 ,Autumn , 5.2, 42
16 and Pregnant, 2009 ,Brooke , 2.11, 42
16 and Pregnant, 2009 ,Chelsea , 2.4, 43
16 and Pregnant, 2009 ,Cleondra , 3.5, 43
16 and Pregnant, 2009 ,Danielle , 3.4, 42
16 and Pregnant, 2009 ,Ebony , 1.4, 46
16 and Pregnant, 2009 ,Farrah , 1.2, 47
16 and Pregnant, 2009 ,Hope , 4.8, 42
16 and Pregnant, 2009 ,Jamie , 3.3, 43
16 and Pregnant, 2009 ,Jenelle , 2.1, 43
16 and Pregnant, 2009 ,Jordan , 4.6, 42
16 and Pregnant, 2009 ,Jordan 2011 , 3.1, 43
16 and Pregnant, 2009 ,Karley , 5.6, 41
16 and Pregnant, 2009 ,Kayla , 2.17, 43
16 and Pregnant, 2009 ,Kristina , 4.12, 42
16 and Pregnant, 2009 ,Life After Labor 4 , 4.13, 42
16 and Pregnant, 2009 ,Lizzie , 2.9, 43
16 and Pregnant, 2009 ,MacKenzie , 4.1, 41
16 and Pregnant, 2009 ,Maddy , 5.1, 42
16 and Pregnant, 2009 ,Megan , 2.18, 43
16 and Pregnant, 2009 ,Myranda , 4.7, 42
16 and Pregnant, 2009 ,Nikkole , 2.2, 43
16 and Pregnant, 2009 ,Sabrina , 4.9, 41
16 and Pregnant, 2009 ,Sarah , 4.10, 42
16 and Pregnant, 2009 ,Savon , 5.10, 42
16 and Pregnant, 2009 ,Taylor 2011 , 3.9, 42
16 and Pregnant, 2009 ,Valerie , 2.3, 43
16 and Pregnant, 2009 ,Whitney , 1.5, 45
16 x Deutschland - Menschen - Orte - Geschichten, 2013 ,, , {Bayern}	15
16 x Deutschland - Menschen - Orte - Geschichten, 2013 ,, , {Brandenburg}	15
16 x Deutschland - Menschen - Orte - Geschichten, 2013 ,, , {Hamburg}	Germany:15
16 x Deutschland - Menschen - Orte - Geschichten, 2013 ,, , {Mecklenburg-Vorpommern}	15
16 x Deutschland - Menschen - Orte - Geschichten, 2013 ,, , {Nordrhein-Westfalen}	15
16 x Deutschland - Menschen - Orte - Geschichten, 2013 ,, , {Saarland}	15
16 x Deutschland - Menschen - Orte - Geschichten, 2013 ,, , {Sachsen}	15
16 x Deutschland - Menschen - Orte - Geschichten, 2013 ,, , {Th�ringen}	15
16, 2003 ,, , 60	(including commercials)
1600 Penn, 2012 ,, , 22
1600 Penn, 2012 ,Dinner, Bath, Puzzle , 1.11, 22
1600 Penn, 2012 ,Game Theory , 1.9, 22
1600 Penn, 2012 ,Marry Me, Baby , 1.13, 22
1600 Penn, 2012 ,Putting Out Fires , 1.1, 23
1600 Penn, 2012 ,So You Don't Want to Dance , 1.3, 22
1600 Penn, 2012 ,The Skiplantic Ocean , 1.2, 22
1628 eller Regalskeppet Wasans uppbyggnad och underg�ng, 1991 ,, , 30	(3 Episodes)
16� - mere af livet, 2004 ,, , Denmark:40	(10 episodes)
17 Kids and Counting, 2008 ,, , 30
17 Kids and Counting, 2008 ,40 Kids, Oh My! , 9.3, 22
17 Kids and Counting, 2008 ,A Big Announcement , 13.13, 43
17 Kids and Counting, 2008 ,A Duggar Loss , 9.9, 43
17 Kids and Counting, 2008 ,A Duggar on Her Own , 10.9, 22
17 Kids and Counting, 2008 ,A Reveal to Remember , 14.17, 42
17 Kids and Counting, 2008 ,A Tale of Two Duggars , 5.10, 22
17 Kids and Counting, 2008 ,A Very Duggar Wedding , 2.2, 60
17 Kids and Counting, 2008 ,All About Jill , 14.12, 43
17 Kids and Counting, 2008 ,Anniversaries to Remember! , 12.6, 43
17 Kids and Counting, 2008 ,Baby on the Way , 11.4, 42
17 Kids and Counting, 2008 ,Behind the Scenes , 15.21, 43
17 Kids and Counting, 2008 ,Big Changes , 12.1, 43
17 Kids and Counting, 2008 ,Big Family Reunion , 1.9, 21
17 Kids and Counting, 2008 ,Bridesmaids and Babies , 15.3, 22
17 Kids and Counting, 2008 ,Busy Duggars , 10.8, 22
17 Kids and Counting, 2008 ,Coffee & Caricatures , 11.8, 22
17 Kids and Counting, 2008 ,DC Duggars Hit the Road , 14.16, 42
17 Kids and Counting, 2008 ,Deep Dish Duggars , 5.12, 22
17 Kids and Counting, 2008 ,Digesting Duggars , 5.2, 22
17 Kids and Counting, 2008 ,Digging in with the Duggars , 15.23, 48
17 Kids and Counting, 2008 ,Do Good Duggars , 8.9, 22
17 Kids and Counting, 2008 ,Donating Duggars , 6.3, 22
17 Kids and Counting, 2008 ,Driving Miss Duggars , 4.8, 22
17 Kids and Counting, 2008 ,Duggar Campout , 8.3, 22
17 Kids and Counting, 2008 ,Duggar Daddy on Duty , 5.17, 22
17 Kids and Counting, 2008 ,Duggar Day Out , 5.14, 22
17 Kids and Counting, 2008 ,Duggar Derby , 14.10, 22
17 Kids and Counting, 2008 ,Duggar Dilemmas , 5.1, 22
17 Kids and Counting, 2008 ,Duggar Growing Pains , 10.2, 22
17 Kids and Counting, 2008 ,Duggar Home Alone , 4.19, 22
17 Kids and Counting, 2008 ,Duggar School Daze , 2.18, 22
17 Kids and Counting, 2008 ,Duggar Wants a Cracker , 5.4, 22
17 Kids and Counting, 2008 ,Duggar in Danger , 8.5, 22
17 Kids and Counting, 2008 ,Duggar on a Diet , 3.13, 22
17 Kids and Counting, 2008 ,Duggars & Bates: 37 & Counting , 6.12, 22
17 Kids and Counting, 2008 ,Duggars Act Out , 6.5, 22
17 Kids and Counting, 2008 ,Duggars Bowled Over , 3.11, 22
17 Kids and Counting, 2008 ,Duggars Deliver , 6.10, 22
17 Kids and Counting, 2008 ,Duggars Do Dinner , 5.8, 22
17 Kids and Counting, 2008 ,Duggars Down the Aisle , 10.1, 43
17 Kids and Counting, 2008 ,Duggars Fly South , 4.3, 22
17 Kids and Counting, 2008 ,Duggars Focus on Family , 7.3, 22
17 Kids and Counting, 2008 ,Duggars Go Hollywood , 5.3, 22
17 Kids and Counting, 2008 ,Duggars Hit the Slopes , 7.1, 43
17 Kids and Counting, 2008 ,Duggars Learn to Drive , 1.10, 21
17 Kids and Counting, 2008 ,Duggars Meet Dolly , 3.4, 22
17 Kids and Counting, 2008 ,Duggars Over the Edge , 8.2, 22
17 Kids and Counting, 2008 ,Duggars Reunited , 13.6, 22
17 Kids and Counting, 2008 ,Duggars Rock the Vote , 6.2, 22
17 Kids and Counting, 2008 ,Duggars Say Goodbye , 2.14, 21
17 Kids and Counting, 2008 ,Duggars Say Yes to the Dress , 3.14, 43
17 Kids and Counting, 2008 ,Duggars Snowed In , 7.6, 22
17 Kids and Counting, 2008 ,Duggars Take Flight , 11.9, 22
17 Kids and Counting, 2008 ,Duggars Under Water , 4.6, 22
17 Kids and Counting, 2008 ,Duggars Under the Sea , 8.6, 22
17 Kids and Counting, 2008 ,Duggars and Bates Reunion , 3.26, 22
17 Kids and Counting, 2008 ,Duggars and Daughters , 3.2, 22
17 Kids and Counting, 2008 ,Duggars and Dugouts , 3.8, 22
17 Kids and Counting, 2008 ,Duggars at the Doctor , 3.16, 22
17 Kids and Counting, 2008 ,Duggars in Cuffs , 14.9, 22
17 Kids and Counting, 2008 ,Duggars in Dixie , 3.3, 22
17 Kids and Counting, 2008 ,Duggars in Space , 9.6, 22
17 Kids and Counting, 2008 ,Duggars in the Sky , 3.28, 22
17 Kids and Counting, 2008 ,Duggars on Fire , 5.15, 22
17 Kids and Counting, 2008 ,Duggars on Safari , 2.4, 21
17 Kids and Counting, 2008 ,Duggars on Wheels , 2.21, 22
17 Kids and Counting, 2008 ,Duggars on a Double Date , 2.16, 22
17 Kids and Counting, 2008 ,Duggars' Big Thaw , 2.13, 22
17 Kids and Counting, 2008 ,Duggars' Room with a View , 2.11, 20
17 Kids and Counting, 2008 ,Duggars, Doctors, Discipline , 7.8, 22
17 Kids and Counting, 2008 ,Engaging Announcement! , 12.7, 22
17 Kids and Counting, 2008 ,Family Dinner , 15.16, 22
17 Kids and Counting, 2008 ,First GrandDuggar , 3.17, 43
17 Kids and Counting, 2008 ,First Grandson Turns 1 , 10.14, 22
17 Kids and Counting, 2008 ,Graduation & a Surprise , 13.5, 22
17 Kids and Counting, 2008 ,GrandDuggar First Birthday , 5.20, 41
17 Kids and Counting, 2008 ,GrandDuggar: First Month , 3.24, 22
17 Kids and Counting, 2008 ,I Left My Duggar in San Francisco , 2.3, 21
17 Kids and Counting, 2008 ,Jessa's Engagement , 14.14, 43
17 Kids and Counting, 2008 ,Jessa's Wedding , 15.11, 86
17 Kids and Counting, 2008 ,Jill Says Yes to the Dress , 14.6, 43
17 Kids and Counting, 2008 ,Jill's Secret , 15.1, 43
17 Kids and Counting, 2008 ,Josh & Anna: Our Story , 12.10, 42
17 Kids and Counting, 2008 ,Josie Comes Home , 4.16, 43
17 Kids and Counting, 2008 ,Josie Duggar Meets the Bates , 4.12, 22
17 Kids and Counting, 2008 ,Josie Duggar's First Christmas , 4.2, 22
17 Kids and Counting, 2008 ,Josie's First Birthday , 6.9, 22
17 Kids and Counting, 2008 ,Kittens and Konstruction , 10.13, 22
17 Kids and Counting, 2008 ,Lights, Camera, Duggars , 2.10, 22
17 Kids and Counting, 2008 ,Manhattan Duggars , 7.12, 22
17 Kids and Counting, 2008 ,Michelle's High School Reunion , 15.6, 22
17 Kids and Counting, 2008 ,New Duggars on the Block , 2.15, 22
17 Kids and Counting, 2008 ,Oh Duggar Baby! It's a... , 3.1, 22
17 Kids and Counting, 2008 ,Once a Bride, Always a Duggar , 2.1, 21
17 Kids and Counting, 2008 ,Puppies, Properties & Patients , 10.5, 22
17 Kids and Counting, 2008 ,Run Duggars, Run , 3.20, 22
17 Kids and Counting, 2008 ,Special Duggar Delivery , 4.1, 86
17 Kids and Counting, 2008 ,Swerve & Serve , 9.7, 22
17 Kids and Counting, 2008 ,The Big Question , 13.8, 43
17 Kids and Counting, 2008 ,The Proposal , 13.12, 43
17 Kids and Counting, 2008 ,Thrill Seeking Duggars , 10.15, 22
17 Kids and Counting, 2008 ,Trading Places, Duggar Style , 1.8, 21
17 Kids and Counting, 2008 ,When Big Families Collide , 1.5, 21
17 Kids and Counting, 2008 ,World Tour: Royal Duggars , 8.12, 42
17, 2005/I ,, , Chile:60	(including commercials)
1788... et demi, 2010 ,, , France:52
17e sans ascenseur, 2012 ,, , {D�ner sp�cial Paris}	52
18 - Allein unter M�dchen, 2004 ,, , Germany:23
18 - Die beste Zeit meines Lebens, 2010 ,, , 120	(including commercials)
18 Years Old, 2006 ,Blowjob Hungry Brunette , 1.3, 39
18 Years Old, 2006 ,Cute Cheerleader , 1.10, 37
18 Years Old, 2006 ,Le Petits Teenie , 1.6, 37
18 Years Old, 2006 ,Ohi-ho Teen Juggs , 1.4, 43
18 Years Old, 2006 ,Redhead Nympho , 1.8, 40
18 Years Old, 2006 ,Snatching Ava , 9.3, 24
18 i +, 2006 ,, , Spain:25
18 to Life, 2010 ,15 Minutes of Shame , 2.2, 23
18 to Life, 2010 ,Baby Got Bank , 1.5, 23
18 to Life, 2010 ,Family Portrait , 2.6, 23
18 to Life, 2010 ,Guess Who's Coming to Dinner , 1.10, 23
18 to Life, 2010 ,House of Cards , 2.13, 23
18 to Life, 2010 ,If a Bellow Falls in the Forest , 2.10, 23
18 to Life, 2010 ,It's My Party , 1.3, 23
18 to Life, 2010 ,Miss Conceived , 2.9, 23
18 to Life, 2010 ,One Is the Loneliest Number , 2.1, 23
18 to Life, 2010 ,Part Time Lovers , 2.3, 22
18 to Life, 2010 ,Sleepless in the Attic , 2.7, 23
18 to Life, 2010 ,The Gate , 2.12, 23
18 to Life, 2010 ,Working Noon to Five , 1.9, 23
180 Days: Hartsville, 2015 ,, , 116
1800 Success, 2017 ,Ep 1 , 1.1, 8
1800 Success, 2017 ,Ep 3 , 1.3, 9
1809, 2009 ,Att utpl�na en kung , 1.12, Sweden:10
1809, 2009 ,Den andra revolutionen , 1.8, Sweden:10
1809, 2009 ,Den sista uppg�relsen , 1.11, Sweden:10
1809, 2009 ,Hotet mot kungarna , 1.1, Sweden:10
1809, 2009 ,I fiendens h�nder , 1.4, Sweden:10
1809, 2009 ,N�r segrarna skriver historien , 1.13, Sweden:10
1809, 2009 ,Om tingen kunde tala , 1.9, Sweden:10
1810, 2009 ,, , 90
1812: El mar de la libertad, 2006 ,, , Spain:40
1814, 1989 ,, , 70	(1 Episode)
1814, 1989 ,Diktat fra Kiel , 1.1, 55
1814, 1989 ,Kamp mot eneveldet , 1.2, 70
1821, 2011 ,, , 50
1864, 2014 ,, , 57	(8 episodes)
1864, 2014 ,, 1.2, Denmark:59
1864, 2014 ,, 1.4, Denmark:59
1864, 2014 ,, 1.6, Denmark:57
1864, 2014 ,, 1.8, Denmark:59
19 Keys, 2003 ,, , UK:30
19-2, 2011 ,, 1.1, 42
19-2, 2011 ,, 1.2, 42
19-2, 2011 ,, 1.4, 42
19-2, 2011 ,, 1.6, 42
19-2, 2011 ,, 1.8, 42
19-2, 2014 ,, , 60
19-2, 2014 ,Bitch , 3.4, 44
19-2, 2014 ,Bridges , 2.10, 44
19-2, 2014 ,Chicken , 3.3, 44
19-2, 2014 ,Deer , 1.2, 44
19-2, 2014 ,Fall , 3.8, 44
19-2, 2014 ,Gone , 3.9, 44
19-2, 2014 ,Honeymoon , 3.7, 44
19-2, 2014 ,Lovers , 1.7, 44
19-2, 2014 ,Orphans , 2.9, 44
19-2, 2014 ,Property Line , 2.7, 42
19-2, 2014 ,Rescue , 3.2, 44
19-2, 2014 ,School , 2.1, 42
19-2, 2014 ,Tables , 2.6, 44
19-2, 2014 ,Tribes , 2.4, 44
19-2, 2014 ,Water , 3.10, 44
19-2, 2014 ,Winter , 1.10, 45
19/20, 1986 ,, , {Soir 3}					France:2
1915, 1982 ,, , 50	(7 episodes)
1916: The Irish Rebellion, 2016 ,Awakening , 1.1, 52
1916: The Irish Rebellion, 2016 ,When Myth and History Rhyme , 1.3, 52
1924, 2010 ,, , Japan:30
1929, 2009 ,, , USA:53
1929, 2009 ,The Great Depression , 1.2, 53
1937 Coronation, 1937 ,, , UK:5
1945 - Schlachtfeld Deutschland, 2005 ,, , 45	(3 episodes)
1945: 12 St�dte, 12 Schicksale, 2015 ,Amsterdam - DerV�lkermord , 1.11, 60
1945: 12 St�dte, 12 Schicksale, 2015 ,Bad Hersfeld - Die wei�en Fahnen , 1.3, 60
1945: 12 St�dte, 12 Schicksale, 2015 ,Braunschweig - Die Ruinen , 1.7, 60
1945: 12 St�dte, 12 Schicksale, 2015 ,Linz, Wien, M�nchen - Der Verf�hrer , 1.8, 60
1945: 12 St�dte, 12 Schicksale, 2015 ,Pilsen - Die Flucht , 1.10, 60
1945: 12 St�dte, 12 Schicksale, 2015 ,Wiesbaden - Die Kriegsgefangenen , 1.2, 60
1960 Presidential Debates, 1960 ,, , 240
1960 Presidential Debates, 1960 ,, 1.2, 60
1960 Presidential Debates, 1960 ,, 1.4, 60
1976 Presidential Debates, 1976 ,, 1.3, USA:90
1980 Presidential Debates, 1980 ,, 1.1, 60
1984 Presidential Debates, 1984 ,, , 180
1984 Presidential Debates, 1984 ,, 1.2, USA:90
1988 Presidential Debates, 1988 ,, 1.1, 90
199 Park Lane, 1965 ,, , 30	(8 episodes)
1990, 1977 ,, , 55	(16 episodes)
1992 Presidential Debates, 1992 ,, 1.1, 90
1992 Presidential Debates, 1992 ,, 1.3, 90
1992, 2015 ,, 1.2, 49
1996 Presidential Debates, 1996 ,, , 180
19direkte, 1999 ,, , 28
1:0 f�r Sie, 1954 ,, , West Germany:120
1LIVE Talk mit Frau Heinrich, 2011 ,, 1.1, 30
1LIVE Talk mit Frau Heinrich, 2011 ,, 1.2, 30
1LIVE Talk mit Frau Heinrich, 2011 ,, 1.4, 30
1LIVE Talk mit Frau Heinrich, 2011 ,Boss Porno , 3.12, 45
1LIVE Talk mit Frau Heinrich, 2011 ,Brennpunkt G�tersloh , 2.13, 45
1LIVE Talk mit Frau Heinrich, 2011 ,Der Lutz hinter Jimmy , 1.9, 30
1LIVE Talk mit Frau Heinrich, 2011 ,Ein Herz aus Hack , 2.15, 45
1LIVE Talk mit Frau Heinrich, 2011 ,Fetter Fisch , 3.6, 45
1LIVE Talk mit Frau Heinrich, 2011 ,Geschlechtertausch , 1.11, 30
1LIVE Talk mit Frau Heinrich, 2011 ,Guckt ihr! , 2.1, 45
1LIVE Talk mit Frau Heinrich, 2011 ,Humor und Tabus , 2.14, 45
1LIVE Talk mit Frau Heinrich, 2011 ,Kampfsport vs. Bauchtanz , 2.9, 45
1LIVE Talk mit Frau Heinrich, 2011 ,Love Is Everywhere , 3.2, 45
1LIVE Talk mit Frau Heinrich, 2011 ,Nach dem Trip , 3.1, 45
1LIVE Talk mit Frau Heinrich, 2011 ,Nase auf und rein damit , 3.15, 45
1LIVE Talk mit Frau Heinrich, 2011 ,Noch 94 Tage? , 3.3, 45
1LIVE Talk mit Frau Heinrich, 2011 ,Original-Ossi-Orgel , 1.6, 30
1LIVE Talk mit Frau Heinrich, 2011 ,Sch�ner Wohnen , 3.8, 45
1LIVE Talk mit Frau Heinrich, 2011 ,Talk's Out for Summer , 2.16, 45
1LIVE Talk mit Frau Heinrich, 2011 ,Testosteron-Abend , 1.7, 30
1LIVE Talk mit Frau Heinrich, 2011 ,T�rkisch f�r Anf�nger , 2.8, 45
1LIVE Talk mit Frau Heinrich, 2011 ,Weihnachtscheck Deluxe , 3.16, 45
1LIVE Talk mit Frau Heinrich, 2011 ,Wigge im Tauschrausch , 1.8, 30
1Life, 2016 ,Data Protection , 1.2, 13
1Life, 2016 ,Divination , 1.1, 10
1Life, 2016 ,Et tu, Brute? , 1.6, 19
1Life, 2016 ,Idi Di Marzo , 1.3, 17
1Life, 2016 ,Sacrificial Lamb , 1.5, 17
1Life, 2016 ,Security , 1.4, 10
1Love 1House TV Show, 2011 ,, , 60
1PW Television, 2006 ,, , UK:240
1st & Ten, 1984 ,All Roads Lead to Dayton , 1.3, 26
1st & Ten, 1984 ,Not Quite Mr. Right , 1.12, 22
1st & Ten, 1984 ,Rona's Fling , 1.11, 22
1st & Ten, 1984 ,The Opener , 1.2, 22
1st & Ten, 1984 ,The Slump , 1.4, 29
1st & Ten, 1984 ,Wine Time , 1.10, 22
1st Amendment Stand Up, 2005 ,, , USA:30
1st Exposure, 1988 ,, , 40	(1 episode)
1st Look, 2008 ,, , USA:30
1stLook LA, 2008 ,, , USA:30
2 Become, 2016 ,, , 10
2 Broke Girls, 2011 ,, , 22
2 Broke Girls, 2011 ,And Hoarder Culture , 1.8, 22
2 Broke Girls, 2011 ,And Martha Stewart Have a Ball: Part 1 , 1.23, 21
2 Broke Girls, 2011 ,And Not-So-Sweet Charity , 2.18, 22
2 Broke Girls, 2011 ,And Too Little Sleep , 2.14, 22
2 Broke Girls, 2011 ,And a Loan for Christmas , 4.7, 22
2 Broke Girls, 2011 ,And the '90s Horse Party , 1.5, 22
2 Broke Girls, 2011 ,And the 'It' Hole , 3.8, 22
2 Broke Girls, 2011 ,And the ATM , 3.16, 21
2 Broke Girls, 2011 ,And the ATM , 3.16, 22
2 Broke Girls, 2011 ,And the Alley-Oops , 6.20, 21
2 Broke Girls, 2011 ,And the Baby and Other Things , 6.19, 21
2 Broke Girls, 2011 ,And the Bear Truth , 2.13, 22
2 Broke Girls, 2011 ,And the Big Buttercream Breakthrough , 1.22, 22
2 Broke Girls, 2011 ,And the Big Hole , 2.20, 22
2 Broke Girls, 2011 ,And the Blind Spot , 1.15, 22
2 Broke Girls, 2011 ,And the Brand Job , 4.5, 21
2 Broke Girls, 2011 ,And the Break-Up Scene , 1.2, 22
2 Broke Girls, 2011 ,And the Broken Hip , 2.17, 22
2 Broke Girls, 2011 ,And the Childhood Not Included , 4.3, 21
2 Broke Girls, 2011 ,And the College Experience , 6.5, 21
2 Broke Girls, 2011 ,And the Crime Ring , 4.11, 22
2 Broke Girls, 2011 ,And the Cronuts , 3.5, 21
2 Broke Girls, 2011 ,And the Cupcake Captives , 4.14, 21
2 Broke Girls, 2011 ,And the Cupcake War , 2.4, 22
2 Broke Girls, 2011 ,And the DJ Face , 4.2, 21
2 Broke Girls, 2011 ,And the Disappointing Unit , 4.22, 21
2 Broke Girls, 2011 ,And the Duck Stamp , 6.8, 21
2 Broke Girls, 2011 ,And the Dumpster Sex , 3.14, 21
2 Broke Girls, 2011 ,And the Egg Special , 2.8, 22
2 Broke Girls, 2011 ,And the Escape Room , 5.5, 21
2 Broke Girls, 2011 ,And the Fat Cat , 4.15, 21
2 Broke Girls, 2011 ,And the First Day of School , 3.10, 21
2 Broke Girls, 2011 ,And the First Degree , 3.24, 22
2 Broke Girls, 2011 ,And the Free Money , 3.23, 21
2 Broke Girls, 2011 ,And the French Kiss , 3.12, 21
2 Broke Girls, 2011 ,And the Fun Factory , 4.8, 22
2 Broke Girls, 2011 ,And the Girlfriend Experience , 3.7, 21
2 Broke Girls, 2011 ,And the Grate Expectations , 4.21, 20
2 Broke Girls, 2011 ,And the Great Unwashed , 4.13, 20
2 Broke Girls, 2011 ,And the Group Head , 3.4, 22
2 Broke Girls, 2011 ,And the Hidden Stash , 2.1, 22
2 Broke Girls, 2011 ,And the High Hook-Up , 4.17, 20
2 Broke Girls, 2011 ,And the Hold-Up , 2.3, 22
2 Broke Girls, 2011 ,And the Inside-Outside Situation , 5.4, 21
2 Broke Girls, 2011 ,And the Kickstarter , 3.2, 22
2 Broke Girls, 2011 ,And the Kilt Trip , 3.19, 21
2 Broke Girls, 2011 ,And the Kilt Trip , 3.19, 22
2 Broke Girls, 2011 ,And the Kitty Kitty Spank Spank , 3.3, 21
2 Broke Girls, 2011 ,And the Knock-Off Knockout , 4.12, 22
2 Broke Girls, 2011 ,And the Life After Death , 3.11, 22
2 Broke Girls, 2011 ,And the Look of the Irish , 4.19, 20
2 Broke Girls, 2011 ,And the Lost Baggage , 5.13, 21
2 Broke Girls, 2011 ,And the Married Man Sleepover , 3.17, 22
2 Broke Girls, 2011 ,And the Maybe Baby , 5.3, 21
2 Broke Girls, 2011 ,And the Minor Problem , 4.20, 20
2 Broke Girls, 2011 ,And the Model Apartment , 4.6, 21
2 Broke Girls, 2011 ,And the Move-In Meltdown , 4.10, 21
2 Broke Girls, 2011 ,And the Near Death Experience , 3.18, 21
2 Broke Girls, 2011 ,And the New Boss , 2.9, 22
2 Broke Girls, 2011 ,And the New Lease on Life , 3.22, 21
2 Broke Girls, 2011 ,And the Not Broke Parents , 3.20, 21
2 Broke Girls, 2011 ,And the Not Broke Parents , 3.20, 20
2 Broke Girls, 2011 ,And the Old Bike Yarn , 4.4, 22
2 Broke Girls, 2011 ,And the One-Night Stands , 1.18, 21
2 Broke Girls, 2011 ,And the Past and the Furious , 4.9, 22
2 Broke Girls, 2011 ,And the Pastry Porn , 3.9, 22
2 Broke Girls, 2011 ,And the Pearl Necklace , 2.2, 22
2 Broke Girls, 2011 ,And the Piece of Sheet , 3.6, 21
2 Broke Girls, 2011 ,And the Planes, Fingers and Automobiles , 6.11, 21
2 Broke Girls, 2011 ,And the Pre-Approved Credit Card , 2.5, 22
2 Broke Girls, 2011 ,And the Psychic Shakedown , 2.15, 22
2 Broke Girls, 2011 ,And the Reality Problem , 4.1, 22
2 Broke Girls, 2011 ,And the Really Petty Cash , 1.9, 22
2 Broke Girls, 2011 ,And the Riverboat Runs Through It , 6.12, 21
2 Broke Girls, 2011 ,And the Rom-Commie , 6.6, 21
2 Broke Girls, 2011 ,And the Secret Ingredient , 1.13, 22
2 Broke Girls, 2011 ,And the Silent Partner , 2.11, 22
2 Broke Girls, 2011 ,And the Sophie Doll , 6.7, 21
2 Broke Girls, 2011 ,And the Stalking Dead , 6.13, 21
2 Broke Girls, 2011 ,And the Taste Test , 4.18, 20
2 Broke Girls, 2011 ,And the Temporary Distraction , 2.19, 22
2 Broke Girls, 2011 ,And the Three Boys with Wood , 2.7, 19
2 Broke Girls, 2011 ,And the Turtle Sense , 6.15, 20
2 Broke Girls, 2011 ,And the Very Christmas Thanksgiving , 1.10, 22
2 Broke Girls, 2011 ,And the Wedding Cake Cake Cake , 3.21, 21
2 Broke Girls, 2011 ,And the Worst Selfie Ever , 2.21, 22
2 Broke Girls, 2011 ,And the Zero Tolerance , 4.16, 21
2 Broke Girls, 2011 ,Pilot , 1.1, 21
2 Days 1 Night, 2007 ,, 1.429, South Korea:100
2 Days 1 Night, 2007 ,, 1.431, South Korea:100
2 Days 1 Night, 2007 ,, 1.433, South Korea:100
2 Days 1 Night, 2007 ,, 1.435, South Korea:100
2 Days 1 Night, 2007 ,, 1.437, South Korea:100
2 Days 1 Night, 2007 ,, 1.439, South Korea:100
2 Days 1 Night, 2007 ,, 1.441, South Korea:100
2 Days 1 Night, 2007 ,, 1.443, South Korea:100
2 Days 1 Night, 2007 ,, 1.445, South Korea:100
2 Days 1 Night, 2007 ,, 1.447, South Korea:100
2 Days 1 Night, 2007 ,, 1.449, South Korea:100
2 Days 1 Night, 2007 ,, 1.451, South Korea:100
2 Days 1 Night, 2007 ,, 1.453, South Korea:100
2 Days 1 Night, 2007 ,, 1.455, South Korea:100
2 Days 1 Night, 2007 ,, 1.457, South Korea:100
2 Days 1 Night, 2007 ,, 1.459, South Korea:100
2 Days 1 Night, 2007 ,, 1.461, South Korea:100
2 Days 1 Night, 2007 ,, 1.463, South Korea:100
2 Days 1 Night, 2007 ,, 1.465, South Korea:100
2 Days 1 Night, 2007 ,, 1.467, South Korea:100
2 Days 1 Night, 2007 ,, 1.469, South Korea:100
2 Days 1 Night, 2007 ,, 1.471, South Korea:100
2 Days 1 Night, 2007 ,, 1.473, South Korea:100
2 Days 1 Night, 2007 ,, 1.475, South Korea:100
2 Days 1 Night, 2007 ,, 1.477, South Korea:100
2 Days 1 Night, 2007 ,, 1.479, South Korea:100
2 Days 1 Night, 2007 ,, 1.481, South Korea:100
2 Days 1 Night, 2007 ,, 1.483, South Korea:100
2 Days 1 Night, 2007 ,, 1.485, South Korea:100
2 Days 1 Night, 2007 ,, 1.487, South Korea:100
2 Days 1 Night, 2007 ,, 1.489, South Korea:100
2 Days 1 Night, 2007 ,, 1.491, South Korea:100
2 Days 1 Night, 2007 ,, 1.493, South Korea:100
2 Days 1 Night, 2007 ,, 1.495, South Korea:100
2 Days 1 Night, 2007 ,, 1.497, South Korea:100
2 Days 1 Night, 2007 ,, 1.499, South Korea:100
2 Days 1 Night, 2007 ,, 1.501, South Korea:100
2 Days 1 Night, 2007 ,A New Start , 3.1, South Korea:100
2 Days 1 Night, 2007 ,Backpacking Trip Part 2 , 3.27, South Korea:100
2 Days 1 Night, 2007 ,Before Sunset Race! Part 2 , 3.4, South Korea:100
2 Days 1 Night, 2007 ,Devaju trip Part 1 , 3.23, South Korea:100
2 Days 1 Night, 2007 ,End of Pungdo, Start of Day-Tripper Part 1 , 3.21, South Korea:100
2 Days 1 Night, 2007 ,Highlights Special , 3.25, South Korea:100
2 Days 1 Night, 2007 ,I Know What You Did Last Summer Vacation Part 2 , 3.33, South Korea:100
2 Days 1 Night, 2007 ,Jeollanam-do great food tour Part 2 , 3.14, South Korea:100
2 Days 1 Night, 2007 ,Quit smoking project Part 2 , 3.16, South Korea:100
2 Days 1 Night, 2007 ,Relaxing Trip Part 2 , 3.8, South Korea:100
2 Days 1 Night, 2007 ,Seollal in Seoul Part 2 , 3.12, South Korea:100
2 Days 1 Night, 2007 ,Snowy Scene Gift Part 2 , 3.6, South Korea:100
2 Days 1 Night, 2007 ,Summer Heat Escape Trip Part 2 , 3.29, South Korea:100
2 Days 1 Night, 2007 ,Teacher All-Star Special Part 2 , 3.31, South Korea:100
2 Days 1 Night, 2007 ,The Manly Trip Part 1 , 3.9, South Korea:100
2 Days 1 Night, 2007 ,The first trip of spring , 3.17, South Korea:100
2 Days 1 Night, 2007 ,Wild Flowers in Pungdo Part 2 , 3.20, South Korea:100
2 Girls 1 Asian, 2014 ,, , 11
2 Hip 4 TV, 1988 ,, , 60
2 Live Stews, 2005 ,, , 30
2 Redheads, 2014 ,, , 5
2 Wheel Tuesday, 2003 ,, , USA:60
2 straten verder, 1999 ,, , 30
2's Company & Stuff, 2016 ,, , USA:7
2+Leif, 2009 ,, , 30
2.G th, 2006 ,, , Denmark:60	(6 episodes) (including commercials)
20 Questions, 1949 ,, , 30
20 Things to Do Before You're 30, 2002 ,, , 30	(8 episodes)
20 Years On, 2014 ,, , 45
20 a�os de emociones, 2009 ,, , Spain:80
20 hronia epikaira: 1947-1967 - 20 epikaira hronia, 1990 ,, , 27
20 to 1, 2005 ,, , Australia:60
20 to 1, 2005 ,50 to 01: Great Movie One Liners , 4.10, Australia:120	(including commercials)
20, Geboren op de dag dat de muur viel, 2009 ,, , 150	(3 parts)
20,000 Leagues Under the Sea, 1997 ,, , 60	(3 episodes)
20-40-60: Drei Generationen - Drei Jahre, 2013 ,, , 45
20-e dekabrya, 1982 ,, , 276
20/20, 1978 ,, , {A Country Divided: Examining the State of Our Union}	USA:60
20/20, 1978 ,Caught in the Act , 33.2, 42
20/20, 1978 ,Home for the Holidays , 40.17, 120
20/20, 1978 ,, , {Jaycee Dugard: Her First Interview}	86
20/20, 1978 ,Man Knowingly Spreads HIV , 33.6, 42
20/20, 1978 ,One Moment in Time: The Life of Whitney Houston , 34.1, 120
20/20, 1978 ,, , {Reality Rule$}				42
20/20, 1978 ,, , {The Secret Life of Elliot Rodger}	41
20/20, 1978 ,Truth and Lies: The Family Manson , 40.29, 120
20/20, 1978 ,Watergate - Truth & Lies , 40.42, 120
20/20, 1978 ,, , {Young, Beautiful, Dead}			81
200 Million Years Old Classmate, 2017 ,, , China:45	(Per Episode)
200.000 voor Antwerpen, 1959 ,, , Belgium:60
2000 Jahre Christentum, 2000 ,, , 125	(25 episodes)
2000 Malibu Road, 1992 ,, , 60	(6 episodes)
2000 to 1, 1999 ,, , 30
2004 Presidential Debates, 2004 ,, 1.1, 90
2004 Presidential Debates, 2004 ,, 1.3, 90
2008 Presidential Debates, 2008 ,, , 270
2012 Submission of the Night, 2012 ,Alex Caceres vs. Damacio Page UFC on Fuel , 1.16, 12
2012 Submission of the Night, 2012 ,Charles Oliveira vs. Eric Wisely UFC on FOX , 1.3, 5
2012 Submission of the Night, 2012 ,Dennis Bermudez vs. Tommy Hayden UFC 150 , 1.19, 15
2012 Submission of the Night, 2012 ,Erick Silva vs. Charlie Brenneman UFC on FX , 1.13, 9
2012 Submission of the Night, 2012 ,Jim Miller vs. Melvin Guillard UFC on FX , 1.2, 9
2012 Submission of the Night, 2012 ,Jon Jones vs. Vitor Belfort UFC 152 , 1.20, 38
2012 Submission of the Night, 2012 ,Matt Riddle vs. Chris Clements UFC 149 , 1.17, 25
2012 Submission of the Night, 2012 ,Paul Sass vs. Jacob Volkmann UFC 146 , 1.11, 11
2012 Submission of the Night, 2012 ,Rousimar Palhares vs. Mike Massenzio UFC 142 , 1.1, 13
2012 Submission of the Night, 2012 ,Travis Browne vs. Chad Griggs UFC 145 , 1.8, 12
2014 Taipei 101 New Year's Eve Countdown, 2013 ,, , Taiwan:12
2015 FIFA Women's World Cup, 2015 ,Australia vs. Nigeria , 1.22, 104
2015 FIFA Women's World Cup, 2015 ,Brazil vs. Australia , 1.50, 107
2015 FIFA Women's World Cup, 2015 ,Brazil vs. Spain , 1.29, 109
2015 FIFA Women's World Cup, 2015 ,Canada vs. China , 1.1, 143
2015 FIFA Women's World Cup, 2015 ,Canada vs. Switzerland , 1.52, 149
2015 FIFA Women's World Cup, 2015 ,China vs. Netherlands , 1.18, 105
2015 FIFA Women's World Cup, 2015 ,China vs. United States , 1.60, 106
2015 FIFA Women's World Cup, 2015 ,Costa Rica vs. Brazil , 1.44, 105
2015 FIFA Women's World Cup, 2015 ,C�te d'Ivoire vs. Norway , 1.33, 108
2015 FIFA Women's World Cup, 2015 ,Day 10 Catch-Up , 1.36, 10
2015 FIFA Women's World Cup, 2015 ,Day 12 Catch-Up , 1.46, 10
2015 FIFA Women's World Cup, 2015 ,Day 16 Catch-Up , 1.53, 9
2015 FIFA Women's World Cup, 2015 ,Day 18 Catch-Up , 1.58, 6
2015 FIFA Women's World Cup, 2015 ,Day 21 Catch-Up , 1.61, 9
2015 FIFA Women's World Cup, 2015 ,Day 25 Catch-Up , 1.66, 8
2015 FIFA Women's World Cup, 2015 ,Day 29 Catch-Up , 1.70, 7
2015 FIFA Women's World Cup, 2015 ,Day 30 Catch-Up , 1.72, 6
2015 FIFA Women's World Cup, 2015 ,Day 6 Catch-Up , 1.21, 9
2015 FIFA Women's World Cup, 2015 ,Day 8 Catch-Up , 1.31, 10
2015 FIFA Women's World Cup, 2015 ,England vs. Colombia , 1.42, 151
2015 FIFA Women's World Cup, 2015 ,England vs. Mexico , 1.28, 153
2015 FIFA Women's World Cup, 2015 ,France vs. South Korea , 1.51, 148
2015 FIFA Women's World Cup, 2015 ,Germany vs. England , 1.69, 204
2015 FIFA Women's World Cup, 2015 ,Germany vs. Norway , 1.17, 148
2015 FIFA Women's World Cup, 2015 ,Japan vs. Cameroon , 1.25, 107
2015 FIFA Women's World Cup, 2015 ,Japan vs. England , 1.67, 184
2015 FIFA Women's World Cup, 2015 ,Japan vs. Switzerland , 1.10, 106
2015 FIFA Women's World Cup, 2015 ,Netherlands vs. Canada , 1.34, 159
2015 FIFA Women's World Cup, 2015 ,Nigeria vs. United States , 1.39, 108
2015 FIFA Women's World Cup, 2015 ,Norway vs. Thailand , 1.4, 104
2015 FIFA Women's World Cup, 2015 ,South Korea vs. Spain , 1.45, 108
2015 FIFA Women's World Cup, 2015 ,Sweden vs. Nigeria , 1.7, 104
2015 FIFA Women's World Cup, 2015 ,Switzerland vs. Ecuador , 1.23, 106
2015 FIFA Women's World Cup, 2015 ,United States vs. Australia , 1.9, 160
2015 FIFA Women's World Cup, 2015 ,United States vs. Germany , 1.65, 174
2015 FIFA Women's World Cup, 2015 ,United States vs. Sweden , 1.24, 149
2015 Nephilim, Monsters & Giants Conference, 2015 ,Archon Invasion: Nephilim Genetics and the Rise of the X-men , 1.4, 77
2015 Nephilim, Monsters & Giants Conference, 2015 ,Round Table Discussion , 1.5, 73
2015 SBS Drama Awards, 2015 ,, , South Korea:105
2015 Taipei 101 New Year's Eve Countdown, 2014 ,, , Taiwan:16
2016 DMC Festival, 2016 ,, , South Korea:75
2016 SBS Drama Awards, 2016 ,, , South Korea:110
2016 Super Star: A Red & White Lunar New Year Special, 2016 ,, , Taiwan:16
2016 Under-17 Women's NTC Invitational, 2016 ,United States vs. England , 1.2, 116
2017 World Series, 2017 ,Game 5 , 1.5, 317
202, 2017 ,, , 10
2020, 2003 ,, , 30	(12 episodes)
2025: Webisodes, 2015 ,, , 3
2030, 2015 ,, , 60
2057, 2007 ,, , 53	(3 episodes)
20h10 p�tantes, 2003 ,, , {(2003-11-14)}			France:49
20tantos, 2002 ,, , 45	(28 episodes)
21 Beacon Street, 1959 ,, , 30
21 Beacon Street, 1959 ,Dilemma , 1.11, 30
21 Beacon Street, 1959 ,Safety Deposit , 1.2, 30
21 Beacon Street, 1959 ,The Hostage , 1.9, 30
21 Beacon Street, 1959 ,The Rub Out , 1.1, 30
21 Beacon Street, 1959 ,The Trap , 1.10, 30
21 Cards, 2009 ,, , 22
21 Emon, 1991 ,, , 25	(39 episodes)
21 Icons, 2013 ,, , South Africa:45
21 Jump Street, 1987 ,, , 60	(103 episodes)
21 Jump Street, 1987 ,16 Blown to 35 , 1.11, USA:60	(with commercials)
21 Jump Street, 1987 ,2245 , 4.16, USA:60	(with commercials)
21 Jump Street, 1987 ,A.W.O.L. , 3.13, USA:60	(with commercials)
21 Jump Street, 1987 ,America, What a Town , 1.2, USA:60	(with commercials)
21 Jump Street, 1987 ,Awomp-Bomp-Aloobomp-Aloop-Bamboom , 4.18, USA:60	(with commercials)
21 Jump Street, 1987 ,Back from the Future , 4.15, USA:60	(with commercials)
21 Jump Street, 1987 ,Bad Day at Blackburn , 5.20, USA:60	(with commercials)
21 Jump Street, 1987 ,Bad Influence , 1.7, 47
21 Jump Street, 1987 ,Besieged: Part 2 , 2.3, USA:60	(with commercials)
21 Jump Street, 1987 ,Blackout , 4.26, USA:60	(with commercials)
21 Jump Street, 1987 ,Blindsided , 1.8, USA:60	(with commercials)
21 Jump Street, 1987 ,Brother Hanson & the Miracle of Renner's Pond , 2.18, USA:60	(with commercials)
21 Jump Street, 1987 ,Buddy System , 5.3, USA:60	(with commercials)
21 Jump Street, 1987 ,Change of Heart , 4.14, USA:60	(with commercials)
21 Jump Street, 1987 ,Christmas in Saigon , 2.11, USA:60	(with commercials)
21 Jump Street, 1987 ,Come from the Shadows , 4.4, USA:60	(with commercials)
21 Jump Street, 1987 ,Cory and Dean Got Married , 2.21, USA:60	(with commercials)
21 Jump Street, 1987 ,Diplomas for Sale , 5.9, USA:60	(with commercials)
21 Jump Street, 1987 ,Don't Pet the Teacher , 1.3, 47
21 Jump Street, 1987 ,Draw the Line , 4.1, USA:60	(with commercials)
21 Jump Street, 1987 ,Eternal Flame , 4.3, USA:60	(with commercials)
21 Jump Street, 1987 ,Fathers and Sons , 3.15, USA:60	(with commercials)
21 Jump Street, 1987 ,Film at Eleven , 5.14, USA:60	(with commercials)
21 Jump Street, 1987 ,God Is a Bullet , 4.5, USA:60	(with commercials)
21 Jump Street, 1987 ,Gotta Finish the Riff , 1.6, 47
21 Jump Street, 1987 ,Hi Mom , 4.17, USA:60	(with commercials)
21 Jump Street, 1987 ,Higher Education , 2.6, USA:60	(with commercials)
21 Jump Street, 1987 ,Honor Bound , 2.8, USA:60	(with commercials)
21 Jump Street, 1987 ,How Much Is That Body in the Window? , 2.10, USA:60	(with commercials)
21 Jump Street, 1987 ,In the Custody of a Clown , 2.1, USA:60	(with commercials)
21 Jump Street, 1987 ,Just Say No! High , 5.5, USA:60	(with commercials)
21 Jump Street, 1987 ,Last Chance High , 4.20, USA:60	(with commercials)
21 Jump Street, 1987 ,Loc'd Out: Part 2 , 3.20, USA:60	(with commercials)
21 Jump Street, 1987 ,Low and Away , 1.10, 47
21 Jump Street, 1987 ,Mean Streets and Pastel Houses , 1.12, 47
21 Jump Street, 1987 ,My Future's So Bright, I Gotta Wear Shades , 1.4, USA:60	(with commercials)
21 Jump Street, 1987 ,Nemesis , 3.14, USA:60	(with commercials)
21 Jump Street, 1987 ,Next Generation , 1.9, 47
21 Jump Street, 1987 ,Number One with a Bullet , 5.10, USA:60	(with commercials)
21 Jump Street, 1987 ,Orpheus 3.3 , 2.16, USA:60	(with commercials)
21 Jump Street, 1987 ,Parental Guidance Suggested , 4.11, USA:60	(with commercials)
21 Jump Street, 1987 ,Pilot , 1.1, 90
21 Jump Street, 1987 ,Raising Marijuana , 2.19, USA:60	(with commercials)
21 Jump Street, 1987 ,Rounding Third , 4.24, USA:60	(with commercials)
21 Jump Street, 1987 ,School's Out , 2.22, USA:60	(with commercials)
21 Jump Street, 1987 ,Shirts and Skins , 4.22, USA:60	(with commercials)
21 Jump Street, 1987 ,Stand by Your Man , 4.8, USA:60	(with commercials)
21 Jump Street, 1987 ,The Blu Flu , 3.8, USA:60	(with commercials)
21 Jump Street, 1987 ,The Dragon and the Angel , 3.7, USA:60	(with commercials)
21 Jump Street, 1987 ,The Education of Terry Carver , 5.12, USA:60	(with commercials)
21 Jump Street, 1987 ,The Worst Night of Your Life , 1.5, USA:60	(with commercials)
21 Jump Street, 1987 ,Things We Said Today , 4.12, USA:60	(with commercials)
21 Jump Street, 1987 ,Tunnel of Love , 5.1, USA:60	(with commercials)
21 Jump Street, 1987 ,Under the Influence , 5.17, USA:60	(with commercials)
21 Jump Street, 1987 ,Wasted , 5.19, USA:60	(with commercials)
21 Jump Street, 1987 ,Wheels and Deals: Part 2 , 4.10, USA:60	(with commercials)
21 Jump Street, 1987 ,Woolly Bullies , 3.11, USA:60	(with commercials)
21 Thunder, 2017 ,, , 60
2100, ???? ,, , 60
21st Century Bard: The Making of Twelfth Night, 2003 ,, , UK:30	(4 episodes)
22 avenue de la Victoire, 1965 ,, , 13	(13 episodes)
22-2000 Cidade Aberta, 1965 ,, , 30	(30 episodes)
221B, 2013/I ,, , 8
227, 1985 ,, , 30
227, 1985 ,Mary's Brother , 1.2, 24
23-F: El d�a m�s dif�cil del Rey, 2009 ,, , 151	(2 episodes)
24 Frames Reviews, 2011 ,, , 10
24 Hour Catwalk, 2012 ,, 1.1, 42
24 Hour Catwalk, 2012 ,Animal Instinct , 1.5, 42
24 Hour Catwalk, 2012 ,Motherhood , 1.4, 42
24 Hour Catwalk, 2012 ,The 2024 Woman , 1.10, 42
24 Hour Catwalk, 2012 ,Travel , 1.8, 42
24 Hour Panel People, 2011 ,, 1.1, 35
24 Hour Panel People, 2011 ,, 1.3, 35	(approx.)
24 Hour Panel People, 2011 ,, 1.5, 35	(approx.)
24 Hour Restaurant Battle, 2010 ,, , {Asian Food Battle}	43
24 Hour Restaurant Battle, 2010 ,Battle of the Exes , 2.1, 43
24 Hour Restaurant Battle, 2010 ,, , {Deli Battle}	43
24 Hour Restaurant Battle, 2010 ,Texas vs. Ex's Battle , 1.7, 41
24 Hour Restaurant Battle, 2010 ,Traditions Battle , 2.2, 42
24 Hours in A&E, 2011 ,, , 60
24 Hours in A&E, 2011 ,Always on My Mind , 10.3, 47	(excluding commercials)
24 Hours in A&E, 2011 ,Catch Me If I Fall , 12.14, UK:47	(excluding commercials)
24 Hours in A&E, 2011 ,Daddy's Girl , 10.19, 46
24 Hours in A&E, 2011 ,Dear Heart , 12.2, 46	(excluding commercials)
24 Hours in A&E, 2011 ,Fathers and Sons , 10.10, 48	(excluding commercials)
24 Hours in A&E, 2011 ,Flying Solo , 12.11, 47
24 Hours in A&E, 2011 ,Heartbreak , 10.22, 47
24 Hours in A&E, 2011 ,In Sickness and in Health , 12.8, 47	(excluding commercials)
24 Hours in A&E, 2011 ,Keep on Going , 11.4, 47
24 Hours in A&E, 2011 ,Made of Steel , 12.10, 48
24 Hours in A&E, 2011 ,New Horizons , 10.21, 47
24 Hours in A&E, 2011 ,One Step at a Time , 10.2, 46	(excluding commercials)
24 Hours in A&E, 2011 ,Quality of Life , 11.1, 48
24 Hours in A&E, 2011 ,Stiff Upper Lip , 10.15, 47
24 Hours in A&E, 2011 ,The Handover , 11.10, 48
24 Hours in A&E, 2011 ,Through Thick and Thin , 10.23, 46
24 Hours in A&E, 2011 ,Time of Our Lives , 12.4, 47	(excluding commercials)
24 Hours in A&E, 2011 ,To Sir, with Love , 10.1, 47	(excluding commercials)
24 Hours in A&E, 2011 ,Work Hard Play Hard , 10.20, 47
24 Hours in A&E, 2011 ,You Raise Me Up , 12.9, 47
24 Hours in A&E, 2011 ,Young at Heart , 6.2, 46
24 Hours in Police Custody, 2014 ,, , 60
24 Hours in Police Custody, 2014 ,A Crime of Passion , 2.1, 47
24 Hours in Police Custody, 2014 ,A Short, Sharp Shock , 2.2, 46
24 Hours in Police Custody, 2014 ,Age Concern , 2.5, 47
24 Hours in Police Custody, 2014 ,Code of Silence , 5.4, UK:47	(excluding commercials)
24 Hours in Police Custody, 2014 ,Guilty Little Secrets , 3.2, 47
24 Hours in Police Custody, 2014 ,Honour Thy Father , 1.6, 47
24 Hours in Police Custody, 2014 ,Human Chains , 5.3, UK:47	(excluding commercials)
24 Hours in Police Custody, 2014 ,In Plain Sight , 4.8, 47
24 Hours in Police Custody, 2014 ,Love Thy Neighbour , 4.3, 47
24 Hours in Police Custody, 2014 ,Partners in Crime , 3.3, 46
24 Hours in Police Custody, 2014 ,The Confessions of a Paedophile , 1.3, 47
24 Hours in Police Custody, 2014 ,The Crime of the Century , 1.7, 47
24 Hours in Police Custody, 2014 ,The Golden Bracelet , 5.5, UK:46	(excluding commercials)
24 Hours in Police Custody, 2014 ,The Morning After , 1.5, 47
24 Hours in Police Custody, 2014 ,To Catch a Paedophile , 4.2, 47
24 Hours in the Past, 2015 ,, , 60
24 Hours with... Israel, 2010 ,, , 45
24 horas magazine, 1994 ,, , 60
24 im�genes por segundo, 1977 ,, , Spain:60
24 timer vi aldrig glemmer, 2009 ,, , Denmark:48
24 to Life, 2016 ,Final Forgiveness , 1.3, 40
24 to Life, 2016 ,, , {One Bad Choice}			39
24 uur met..., 2008 ,, , 45
24, 2001 ,10:00 a.m.-11:00 a.m. , 1.11, 44
24, 2001 ,10:00 a.m.-11:00 a.m. , 1.11, 43
24, 2001 ,10:00 a.m.-11:00 a.m. , 1.11, 40
24, 2001 ,10:00 p.m.-11:00 p.m. , 1.23, 39
24, 2001 ,10:00 p.m.-11:00 p.m. , 1.23, 41
24, 2001 ,11:00 a.m.-12:00 p.m. , 1.12, 44
24, 2001 ,11:00 a.m.-12:00 p.m. , 1.12, 42
24, 2001 ,11:00 p.m.-12:00 a.m. , 1.24, 42
24, 2001 ,11:00 p.m.-12:00 a.m. , 1.24, 41
24, 2001 ,12:00 a.m.-1:00 a.m. , 1.1, 60
24, 2001 ,1:00 a.m.-2:00 a.m. , 1.2, 43
24, 2001 ,1:00 a.m.-2:00 a.m. , 1.2, 41
24, 2001 ,1:00 p.m.-2:00 p.m. , 1.14, 43
24, 2001 ,1:00 p.m.-2:00 p.m. , 1.14, 41
24, 2001 ,1:00 p.m.-2:00 p.m. , 1.14, 42
24, 2001 ,2:00 a.m.-3:00 a.m. , 1.3, 43
24, 2001 ,2:00 a.m.-3:00 a.m. , 1.3, 42
24, 2001 ,2:00 p.m.-3:00 p.m. , 1.15, 43
24, 2001 ,2:00 p.m.-3:00 p.m. , 1.15, 41
24, 2001 ,3:00 a.m.-4:00 a.m. , 1.4, 43
24, 2001 ,3:00 a.m.-4:00 a.m. , 1.4, 41
24, 2001 ,4:00 a.m.-5:00 a.m. , 1.5, 41
24, 2001 ,5:00 a.m.-6:00 a.m. , 1.6, 42
24, 2001 ,6:00 a.m.-7:00 a.m. , 1.7, 41
24, 2001 ,6:00 a.m.-7:00 a.m. , 1.7, 43
24, 2001 ,6:00 p.m.-7:00 p.m. , 1.19, 41
24, 2001 ,6:00 p.m.-7:00 p.m. , 1.19, 42
24, 2001 ,6:00 p.m.-7:00 p.m. , 1.19, 40
24, 2001 ,7:00 a.m.-8:00 a.m. , 1.8, 42
24, 2001 ,7:00 a.m.-8:00 a.m. , 1.8, 41
24, 2001 ,7:00 p.m.-8:00 p.m. , 1.20, 42
24, 2001 ,7:00 p.m.-8:00 p.m. , 1.20, 43
24, 2001 ,7:00 p.m.-8:00 p.m. , 1.20, 41
24, 2001 ,8:00 a.m.-9:00 a.m. , 1.9, 43
24, 2001 ,8:00 p.m.-9:00 p.m. , 1.21, 39
24, 2001 ,8:00 p.m.-9:00 p.m. , 1.21, 44
24, 2001 ,8:00 p.m.-9:00 p.m. , 1.21, 40
24, 2001 ,9:00 a.m.-10:00 a.m. , 1.10, 40
24, 2001 ,9:00 a.m.-10:00 a.m. , 1.10, 43
24, 2001 ,Day 2: 10:00 a.m.-11:00 a.m. , 2.3, 44
24, 2001 ,Day 2: 11:00 a.m.-12:00 p.m. , 2.4, 45
24, 2001 ,Day 2: 12:00 a.m.-1:00 a.m. , 2.17, 45
24, 2001 ,Day 2: 1:00 a.m.-2:00 a.m. , 2.18, 45
24, 2001 ,Day 2: 2:00 a.m.-3:00 a.m. , 2.19, 44
24, 2001 ,Day 2: 3:00 a.m.-4:00 a.m. , 2.20, 44
24, 2001 ,Day 2: 4:00 a.m.-5:00 a.m. , 2.21, 45
24, 2001 ,Day 2: 5:00 a.m.-6:00 a.m. , 2.22, 45
24, 2001 ,Day 2: 6:00 a.m.-7:00 a.m. , 2.23, 44
24, 2001 ,Day 2: 7:00 a.m.-8:00 a.m. , 2.24, 44
24, 2001 ,Day 2: 8:00 a.m.-9:00 a.m. , 2.1, 52
24, 2001 ,Day 2: 9:00 a.m.-10:00 a.m. , 2.2, 44
24, 2001 ,Day 3: 10:00 a.m.-11:00 a.m. , 3.22, 42
24, 2001 ,Day 3: 11:00 a.m.-12:00 p.m. , 3.23, 43
24, 2001 ,Day 3: 12:00 a.m.-1:00 a.m. , 3.12, 45
24, 2001 ,Day 3: 1:00 a.m.-2:00 a.m. , 3.13, 45
24, 2001 ,Day 3: 2:00 a.m.-3:00 a.m. , 3.14, 44
24, 2001 ,Day 3: 3:00 a.m.-4:00 a.m. , 3.15, 44
24, 2001 ,Day 3: 4:00 a.m.-5:00 a.m. , 3.16, 44
24, 2001 ,Day 3: 5:00 a.m.-6:00 a.m. , 3.17, 45
24, 2001 ,Day 3: 6:00 a.m.-7:00 a.m. , 3.18, 44
24, 2001 ,Day 3: 7:00 a.m.-8:00 a.m. , 3.19, 45
24, 2001 ,Day 3: 8:00 a.m.-9:00 a.m. , 3.20, 45
24, 2001 ,Day 3: 9:00 a.m.-10:00 a.m. , 3.21, 44
24, 2001 ,Day 3: 9:00 p.m.-10:00 p.m. , 3.9, 45
24, 2001 ,Day 4: 10:00 a.m.-11:00 a.m. , 4.4, 45
24, 2001 ,Day 4: 11:00 a.m.-12:00 p.m. , 4.5, 44
24, 2001 ,Day 4: 12:00 a.m.-1:00 a.m. , 4.18, 42
24, 2001 ,Day 4: 1:00 a.m.-2:00 a.m. , 4.19, 42
24, 2001 ,Day 4: 2:00 a.m.-3:00 a.m. , 4.20, 42
24, 2001 ,Day 4: 3:00 a.m.-4:00 a.m. , 4.21, 42
24, 2001 ,Day 4: 4:00 a.m.-5:00 a.m. , 4.22, 42
24, 2001 ,Day 4: 5:00 a.m.-6:00 a.m. , 4.23, 42
24, 2001 ,Day 4: 6:00 a.m.-7:00 a.m. , 4.24, 42
24, 2001 ,Day 4: 7:00 a.m.-8:00 a.m. , 4.1, USA:60	(including commercials)
24, 2001 ,Day 4: 7:00 p.m.-8:00 p.m. , 4.13, 42
24, 2001 ,Day 4: 8:00 p.m.-9:00 p.m. , 4.14, 42
24, 2001 ,Day 4: 9:00 p.m.-10:00 p.m. , 4.15, 41
24, 2001 ,Day 5: 10:00 p.m.-11:00 p.m. , 5.16, 41
24, 2001 ,Day 5: 11:00 p.m.-12:00 a.m. , 5.17, 42
24, 2001 ,Day 5: 12:00 p.m.-1:00 p.m. , 5.6, 45
24, 2001 ,Day 5: 1:00 p.m.-2:00 p.m. , 5.7, 44
24, 2001 ,Day 5: 2:00 p.m.-3:00 p.m. , 5.8, 45
24, 2001 ,Day 5: 3:00 p.m.-4:00 p.m. , 5.9, 44
24, 2001 ,Day 5: 4:00 p.m.-5:00 p.m. , 5.10, 45
24, 2001 ,Day 5: 5:00 p.m.-6:00 p.m. , 5.11, 44
24, 2001 ,Day 5: 6:00 p.m.-7:00 p.m. , 5.12, 44
24, 2001 ,Day 5: 7:00 p.m.-8:00 p.m. , 5.13, 45
24, 2001 ,Day 5: 8:00 p.m.-9:00 p.m. , 5.14, 45
24, 2001 ,Day 5: 9:00 p.m.-10:00 p.m. , 5.15, 42
24, 2001 ,Day 6: 10:00 p.m.-11:00 p.m. , 6.17, 43
24, 2001 ,Day 6: 11:00 p.m.-12:00 a.m. , 6.18, 43
24, 2001 ,Day 6: 12:00 p.m.-1:00 p.m. , 6.7, 45
24, 2001 ,Day 6: 1:00 p.m.-2:00 p.m. , 6.8, 45
24, 2001 ,Day 6: 2:00 p.m.-3:00 p.m. , 6.9, Germany:41
24, 2001 ,Day 6: 3:00 p.m.-4:00 p.m. , 6.10, 44
24, 2001 ,Day 6: 4:00 p.m.-5:00 p.m. , 6.11, 43
24, 2001 ,Day 6: 5:00 p.m.-6:00 p.m. , 6.12, 44
24, 2001 ,Day 6: 6:00 p.m.-7:00 p.m. , 6.13, 43
24, 2001 ,Day 6: 7:00 p.m.-8:00 p.m. , 6.14, 43
24, 2001 ,Day 6: 8:00 p.m.-9:00 p.m. , 6.15, 43
24, 2001 ,Day 6: 9:00 p.m.-10:00 p.m. , 6.16, 43
24, 2001 ,Day 7: 10:00 a.m.-11:00 a.m. , 7.3, Germany:43
24, 2001 ,Day 7: 11:00 a.m.-12:00 p.m. , 7.4, 44
24, 2001 ,Day 7: 11:00 p.m.-12:00 a.m. , 7.16, Germany:42
24, 2001 ,Day 7: 12:00 p.m.-1:00 p.m. , 7.5, 44
24, 2001 ,Day 7: 1:00 a.m.-2:00 a.m. , 7.18, Germany:42
24, 2001 ,Day 7: 1:00 p.m.-2:00 p.m. , 7.6, 43
24, 2001 ,Day 7: 2:00 p.m.-3:00 p.m. , 7.7, Germany:42
24, 2001 ,Day 7: 3:00 p.m.-4:00 p.m. , 7.8, Germany:42
24, 2001 ,Day 7: 4:00 a.m.-5:00 a.m. , 7.21, 44
24, 2001 ,Day 7: 5:00 a.m.-6:00 a.m. , 7.22, Germany:42
24, 2001 ,Day 7: 5:00 p.m.-6:00 p.m. , 7.10, Germany:43
24, 2001 ,Day 7: 6:00 a.m.-7:00 a.m. , 7.23, 44
24, 2001 ,Day 7: 7:00 a.m.-8:00 a.m. , 7.24, Germany:45
24, 2001 ,Day 7: 8:00 a.m.-9:00 a.m. , 7.1, 46
24, 2001 ,Day 7: 8:00 p.m.-9:00 p.m. , 7.13, Germany:43
24, 2001 ,Day 7: 9:00 a.m.-10:00 a.m. , 7.2, Germany:40
24, 2001 ,Day 8: 10:00 a.m.-11:00 a.m. , 8.19, 43
24, 2001 ,Day 8: 10:00 p.m.-11:00 p.m. , 8.7, 44
24, 2001 ,Day 8: 11:00 a.m.-12:00 p.m. , 8.20, 43
24, 2001 ,Day 8: 12:00 a.m.-1:00 a.m. , 8.9, Germany:42
24, 2001 ,Day 8: 12:00 p.m.-1:00 p.m. , 8.21, 44
24, 2001 ,Day 8: 1:00 p.m.-2:00 p.m. , 8.22, 43
24, 2001 ,Day 8: 2:00 p.m.-3:00 p.m. , 8.23, 43
24, 2001 ,Day 8: 3:00 p.m.-4:00 p.m. , 8.24, Germany:44
24, 2001 ,Day 8: 4:00 a.m.-5:00 a.m. , 8.13, 43
24, 2001 ,Day 8: 4:00 p.m.-5:00 p.m. , 8.1, 42
24, 2001 ,Day 8: 5:00 p.m.-6:00 p.m. , 8.2, Germany:43
24, 2001 ,Day 8: 6:00 a.m.-7:00 a.m. , 8.15, 42
24, 2001 ,Day 8: 6:00 p.m.-7:00 p.m. , 8.3, 41
24, 2001 ,Day 8: 7:00 p.m.-8:00 p.m. , 8.4, Germany:44
24, 2001 ,Day 8: 8:00 a.m.-9:00 a.m. , 8.17, 44
24, 2001 ,Day 8: 8:00 p.m.-9:00 p.m. , 8.5, 44
24, 2001 ,Day 8: 9:00 p.m.-10:00 p.m. , 8.6, Germany:43
24, 2001 ,Season 4 Prequel , 4.0, 7
24, 2001 ,Season 6 Prequel , 6.0, 12
24, 2013 ,10am - 11am , 1.11, 45
24, 2013 ,11am - 12pm , 1.12, 45
24, 2013 ,12am - 1am , 1.1, 45
24, 2013 ,1am - 2am , 1.2, 45
24, 2013 ,2am - 3am , 1.3, 45
24, 2013 ,3am - 4am , 1.4, 45
24, 2013 ,4am - 5am , 1.5, 45
24, 2013 ,5am - 6am , 1.6, 45
24, 2013 ,6am - 7am , 1.7, 45
24, 2013 ,7am - 8am , 1.8, 45
24, 2013 ,8am - 9am , 1.9, 45
24, 2013 ,9am - 10am , 1.10, 45
24/7 Cotto/Margarito, 2011 ,, , 30
24/7 Mayweather/Ortiz, 2011 ,, , 30
24/7 Pacquiao/Margarito, 2010 ,, , 30
24/7 Wild, 2012 ,, 1.1, 48
24/7 Wild, 2012 ,, 1.3, 52
24/7 Wild, 2012 ,, 1.5, 50
24/7: Airport, 2002 ,, , USA:46:30
240-Robert, 1979 ,A Cool Welcome , 2.1, 60
240-Robert, 1979 ,Bank Job , 1.6, 60
240-Robert, 1979 ,Double Trouble , 1.9, 60
240-Robert, 1979 ,First Loss , 2.2, 60
240-Robert, 1979 ,Models , 1.4, 60
240-Robert, 1979 ,Out of Sight , 1.7, 60
240-Robert, 1979 ,Stuntman , 1.2, 60
240-Robert, 1979 ,The Applicant , 1.12, 60
24: Conspiracy, 2005 ,, , UK:24
24: Legacy, 2016 ,10:00 p.m.-11:00 p.m. , 1.11, 44
24: Legacy, 2016 ,12:00 p.m.-1:00 p.m. , 1.1, 46
24: Legacy, 2016 ,1:00 p.m.-2:00 p.m. , 1.2, 43
24: Legacy, 2016 ,2:00 p.m.-3:00 p.m. , 1.3, 44
24: Legacy, 2016 ,3:00 p.m.-4:00 p.m. , 1.4, 45
24: Legacy, 2016 ,5:00 p.m.-6:00 p.m. , 1.6, 44
24: Legacy, 2016 ,6:00 p.m.-7:00 p.m. , 1.7, 43
24: Legacy, 2016 ,8:00 p.m.-9:00 p.m. , 1.9, 44
24: Legacy, 2016 ,The Raid , 1.0, 7
24: Live Another Day, 2014 ,10:00 p.m.-11:00 p.m. , 1.12, 44
24: Live Another Day, 2014 ,12:00 p.m.-1:00 p.m. , 1.2, 42
24: Live Another Day, 2014 ,2:00 p.m.-3:00 p.m. , 1.4, 44
24: Live Another Day, 2014 ,4:00 p.m.-5:00 p.m. , 1.6, 44
24: Live Another Day, 2014 ,6:00 p.m.-7:00 p.m. , 1.8, 44
24: Live Another Day, 2014 ,8:00 p.m.-9:00 p.m. , 1.10, 43
24CH: la s�rie, 2013 ,, , Canada:45	(Qu�bec)
24K Orange, 2016 ,, , 30
24Seven, 2001 ,, , 30
24x24, 2014 ,, , 1
25 - Das Magazin, 2002 ,, , Austria:25
25 Frames, 2010 ,, , Australia:30
25i ora, 2002 ,, , Greece:37	(13 episodes)
26 Men, 1957 ,, , 30	(78 episodes)
26 Men, 1957 ,Badge to Kill , 1.21, 26	(without commercials)
26 Men, 1957 ,Bandit Queen , 2.38, 26	(without commercials)
26 Men, 1957 ,Cattle Embargo , 1.20, 26	(without commercials)
26 Men, 1957 ,Dead Man in Tucson , 1.8, USA:26	(excluding commercials)
26 Men, 1957 ,False Witness , 2.13, 26	(without commercials)
26 Men, 1957 ,Glory Road , 2.1, 26	(without commercials)
26 Men, 1957 ,Gun Hand , 1.19, 26	(without commercials)
26 Men, 1957 ,Hole Up , 1.37, 26	(without commercials)
26 Men, 1957 ,House Divided , 2.22, 26	(without commercials)
